낱말	짝	갈래	출처	위키뜻번호	위키뜻풀이
a-la-hán	la hán	s	en	1	arhat (one who has attained enlightenment; a Buddhist saint)
aids	hội chứng suy giảm miễn dịch mắc phải	s	en	1	
a-rập thống nhất ê-mi-rát	các tiểu vương quốc a-rập thống nhất	s	en	1	United Arab Emirates, a country in the Middle East
a-ten	nhã điển	s	en		
ai-len	ái nhĩ lan	s	en	1	
ai-xơ-len	băng đảo	s	en	1	
anh	người	s	en	7	; he/him, the young
an nam	trung kì	s	en	2	, located in central|Central Vietnam
an lê mân	đức	s	en	1	
anh ngữ	tiếng anh	s	en	1	English language
ba lê	pa-ri	s	en	1	
ba mươi sáu kế	tam thập lục kế	s	en	1	the ''''
biển đen	hắc hải	s	en	1	Black Sea
biển đỏ	hồng hải	s	en	1	Red Sea
biện tài	biện tài thiên	s	en	1	
biện tài	biện tài thiên nữ	s	en	1	
biện tài	diệu âm	s	en	1	
biện tài	diệu âm nhạc	s	en	1	
biện tài	đại biện tài	s	en	1	
biện tài	đại biện tài thiên nữ	s	en	1	
biện tài	mĩ âm	s	en	1	
biện tài	sa la thất phạt để	s	en	1	
biện tài	tát la tát phạt để	s	en	1	
bosnia	bosnia và herzegovina	s	en	2	
bosna	bosna và hercegovina	s	en	2	
bác	cháu	a	en	1	, the old
bác	anh	a	en	1	, the old
bác	chị	a	en	1	, the old
bác	người	s	en	3	, the old Ho Chi Minh
bác hồ	cụ hồ	s	en	1	Uncle Ho
bác đạt	bát-đa	s	en	1	
bê-la-rút	bê-lô-ru-xi-a	s	en		
bê-la-rút	bạch nga	s	en		
bê-lô-ru-xi-a	bê-la-rút	s	en		
bê-lô-ru-xi-a	bạch nga	s	en		
bát-đa	bác đạt	s	en	1	
bạch dương	miên dương	s	en	1	
bạch dương	dương cưu	s	en	1	
băng-la-đét	đông hồi	s	en	1	
bảo bình	thuỷ bình	s	en	1	
bắc	nam	a	en	2	northern Vietnam
bảo gia lợi	bun-ga-ri	s	en	1	
bắc hàn	triều tiên	s	en	1	|Overseas Vietnamese}} North Korea
bắc hàn	bắc triều tiên	s	en	1	|Overseas Vietnamese}} North Korea
bắc hàn	nam hàn	a	en	1	|Overseas Vietnamese}} North Korea
bờ biển ngà	cốt đi-voa	s	en		
bụt	phật	s	en	1	Buddha
ca-na-đa	gia nã đại	s	en		
cabo verde	cáp ve	s	en	1	
cabo verde	cáp-ve	s	en	1	
cai-rô	kê	s	en	1	
ca-li-phoóc-ni-a	ca-li	s	en		
cam bốt	campuchia	s	en		
cao li	triều tiên	s	en		
cao li	hàn quốc	s	en		
can-bơ-rơ	can-be-ra	s	en	1	
cao nguyên trung phần	cao nguyên trung bộ	s	en	1	Tây Nguyên, highland of (South) Central Vietnam
cao nguyên trung bộ	cao nguyên trung phần	s	en	1	Tây Nguyên, highland of (South) Central Vietnam
chiến tranh thế giới thứ hai	đệ nhị thế chiến	s	en		
choang	tráng	s	en	1	Zhuang, one of the 56 ethnic groups of China
chí phèo	chí	s	en		
chúa	thiên chúa	s	en	1	
chúa	chúa trời	s	en	1	
chúa	thượng đế	s	en	1	
chúa	vi	s	en	1	
chúa	dêu	s	en	1	
châu đại dương	châu úc	s	en	1	
châu đại dương	úc châu	s	en	1	
chúa ba ngôi	tam vị nhất thể	s	en	1	the Trinity
crê-ta	phấn trắng	s	en	1	the
chữ thập đỏ	hồng thập tự	s	en		
chệc	người hoa	s	en		
các-bon	than đá	s	en	1	the
cát tường	công đức	s	en	1	
cát tường	đại cát tường	s	en	1	
cát tường	thất lợi	s	en	1	
cát tường	thiện	s	en	1	
công giáo	thiên chúa giáo	s	en	1	
công giáo	đạo tin lành	a	en	1	
cô-pen-ha-ghen	cô-pen-ha-gen	s	en	1	
cô-pen-ha-gen	cô-pen-ha-ghen	s	en	1	
cơ đốc giáo	đạo cơ đốc	s	en	1	
cơ đốc giáo	ki-tô giáo	s	en	1	
cơ đốc nhân	chiên	s	en	1	Christian
cốt đi-voa	bờ biển ngà	s	en		
cảng thơm	hồng công	s	en	1	Hong Kong
cảng thơm	hương cảng	s	en	1	Hong Kong
cộng hoà liên bang đức	đức	s	en		
cộng hoà liên bang đức	tây đức	s	en		
cộng hoà dân chủ đức	đông đức	s	en		
cụ hồ	bác hồ	s	en	1	Great-grandpa Ho
cộng hòa ả rập sahrawi dân chủ	tây sahara	s	en	1	
cự giải	bắc giải	s	en	1	
dct	mc	s	en	1	host (of a formal event, a program of entertainment, etc.)
cựu thế giới	tân thế giới	a	en	1	Old World
cựu ước	tân ước	a	en	1	the
cửu long	sông cửu long	s	en	1	
do thái	vi	s	en	1	
do thái	giu-dêu	s	en	1	
do thái giáo	đạo do thái	s	en	1	Judaism
diệu âm	diệu âm nhạc	s	en	2	}}
diệu âm	mĩ âm	s	en	2	}}
diệu âm nhạc	diệu âm	s	en	1	}}
do thái phục quốc	phục quốc do thái	s	en	1	Zionist
duồn	lự	s	en	1	, an ethnic group of Vietnam
dân số	dân số kí	s	en	1	Numbers
gia tô giáo	đạo gia tô	s	en	1	; ;
giao chỉ chi na	nam kì	s	en	1	Cochin China
giu-đa	giu-đa ít-ca-ri-ốt	s	en	2	
giu-dêu	do thái	s	en	1	Jewish
giáng sinh	nô-el	s	en		
giáng sinh	nô-en	s	en		
h'mông	mèo	s	en		
h'mông	mẹo	s	en		
h'mông	miêu	s	en		
h'mông	mông	s	en		
hoa kì	hk	s	en		
hoa kì	hợp chúng quốc hoa kì	s	en		
hoa kì	hợp chúng quốc hoa kỳ	s	en		
hoa kì	nước mĩ	s	en		
hoa kì	mĩ	s	en		
hoa kì	mỹ	s	en		
hoa kì	mĩ quốc	s	en		
hoa kì	mỹ quốc	s	en		
hoà hảo	đạo hoà hảo	s	en	1	
hoả tinh	sao hoả	s	en	1	
huế	thừa thiên huế	s	en	1	
huế	thuận hoá	s	en	2	
huế	phú xuân	s	en	2	
huyền vũ	trấn vũ	s	en	1	
hung nha lợi	hung-ga-ri	s	en	1	
hà nội	thăng long	s	en		
hà nội	đông kinh	s	en		
hà nội	kẻ chợ	s	en		
hà nội	hà lội	s	en		
hà nội	hà thành	s	en		
hàn quốc	nam triều tiên	s	en	1	
hàn quốc	nam hàn	s	en	1	
hàn quốc	hàn	s	en	2	South Korean
hàn xẻng	xẻng	s	en	1	South Korea
hán ngữ	tiếng trung	s	en	1	the "Chinese language";  (Mandarin) Chinese
hán ngữ	tiếng trung quốc	s	en	1	the "Chinese language";  (Mandarin) Chinese
hán ngữ	tiếng hán	s	en	1	the "Chinese language";  (Mandarin) Chinese
hán ngữ	tiếng hoa	s	en	1	the "Chinese language";  (Mandarin) Chinese
hán ngữ	hoa ngữ	s	en	1	the "Chinese language";  (Mandarin) Chinese
hán ngữ	hoa văn	s	en	1	the "Chinese language";  (Mandarin) Chinese
hán hoá	trung quốc hoá	s	en	1	sinicization
hán tự	chữ hán	s	en	1	Chinese character
hán tự	chữ nho	s	en	1	Chinese character
hán tự	chữ tàu	s	en	1	Chinese character
hán văn	văn ngôn	s	en	1	Classical Chinese; Literary Chinese
hán triều	nhà hán	s	en	1	the  –220 }}
hương cảng	hồng kông	s	en	1	:
hồi giáo	đạo hồi	s	en	1	
hằng nga	thường nga	s	en	1	, the
hồng thập tự	chữ thập đỏ	s	en		
hời	chăm	s	en	1	, an ethnic group of Vietnam
hời	chàm	s	en	1	, an ethnic group of Vietnam
hời	chiêm	s	en	1	, an ethnic group of Vietnam
i-ta-li-a	ý	s	en		
i-ta-li-a	ý đại lợi	s	en		
i-ran	y lãng	s	en		
kháng cách	đạo tin lành	s	en	1	
kháng cách	công giáo	a	en	1	
khổng giáo	đạo khổng	s	en	1	Confucianism
khổng giáo	nho giáo	s	en	1	Confucianism
khổng giáo	đạo nho	s	en	1	Confucianism
khổng giáo	nho học	s	en	1	Confucianism
ki-tô giáo	đạo chúa	s	en	1	
ki-tô giáo	cơ đốc giáo	s	en	1	
ki-tô giáo	đạo cơ đốc	s	en	1	
ki-tô giáo	gia tô giáo	s	en	1	
ki-tô giáo	đạo gia tô	s	en	1	
ki-tô giáo	thiên chúa giáo	s	en	1	
ki-tô giáo	đạo thiên chúa	s	en	1	
kim liên	sen	s	en		
kinh thánh	thánh kinh	s	en	1	the
kinh	việt	s	en	1	
kim tinh	sao kim	s	en	1	
kim tinh	sao mai	s	en	1	
kim tinh	sao hôm	s	en	1	
kinh thư	thượng thư	s	en	1	the ''''
kim đồng	tiên đồng	s	en	1	
kê thành	cai-rô	s	en	1	
la mã	rô-ma	s	en		
lan xang	vạn tượng	s	en	1	Lan Xang, a former Laotian kingdom
liên bang xô viết	liên xô	s	en		
liên minh châu âu	liên âu	s	en	1	European Union
liên minh châu âu	eu	s	en	1	European Union
liên âu	liên minh châu âu	s	en	1	European Union
liên âu	eu	s	en	1	European Union
làng gốm bát tràng	lẩu gà bình thuận	s	en		
lê triều	nhà lê	s	en		
lão giáo	đạo lão	s	en	1	Taoism
lão giáo	đạo giáo	s	en	1	Taoism
lẩu gà bình thuận	lẩu gà	s	en	1	the
lẩu gà bình thuận	làng gốm bát tràng	s	en		
ma kết	nam dương	s	en	2	
ma kết	sơn dương	s	en	2	
ma cao	áo môn	s	en	1	
ma-xê-đô-ni-a	bắc ma-xê-đô-ni-a	s	en	1	
ma-ha-diễn-na	đại thừa	s	en	1	Mahayana
macedonia	bắc macedonia	s	en	1	
manila	ma ní	s	en	1	
minh triều	nhà minh	s	en	1	the  }}
mát-xcơ-va	mạc tư khoa	s	en	1	
mê-hi-cô	mễ tây cơ	s	en		
mê-hi-cô	mặc tây ca	s	en		
môn-đô-va	môn-đa-vi	s	en		
môn-đa-vi	môn-đô-va	s	en		
mĩ lợi gia	mĩ	s	en		
mĩ quốc	hoa kì	s	en		
mĩ quốc	mĩ	s	en		
mĩ châu	châu mĩ	s	en	1	
mĩ âm	diệu âm	s	en	1	}}
mặt trời	thái dương	s	en	1	Sun
mẫu liễu hạnh	mẫu liễu	s	en	1	
mặc giáo	mặc gia	s	en	1	Mohism
mẹo	h'mông	s	en		
mẹo	mông	s	en		
mẹo	mèo	s	en		
nam băng dương	nam đại dương	s	en	1	Antarctic Ocean
nam hàn	đại hàn	s	en	1	|Overseas Vietnamese}}
nam hàn	hàn quốc	s	en	1	|Overseas Vietnamese}}
nam hàn	nam triều tiên	s	en	1	|Overseas Vietnamese}}
nam hàn	bắc hàn	a	en	1	|Overseas Vietnamese}}
nam hoa kinh	trang tử	s	en	1	
nam phi	cộng hòa nam phi	s	en		
nam kì	bắc kì	a	en	5	pertaining to w:Southern Vietnam|Southern Vietnam
nam triều tiên	đại hàn dân quốc	s	en		
nam việt nam	nam việt	s	en	1	
nam đại dương	nam băng dương	s	en	1	Southern Ocean
nam mô a di đà phật	nam mô	s	en	1	'''', a common phrase of salutation used by Buddhists
nam mô a di đà phật	a di đà phật	s	en	1	'''', a common phrase of salutation used by Buddhists
nam mô a di đà phật	mô phật	s	en	1	'''', a common phrase of salutation used by Buddhists
new york	nữu ước	s	en		
new york	niu oóc	s	en		
nghèn	nhà lê	s	en	1	
nguyễn triều	nhà nguyễn	s	en	1	the  }}
nguyên triều	nhà nguyên	s	en	1	the  }}
người	bác	s	en	2	he/him (}})
người	ngài	s	en	4	He/Him ()
ngọc hoàng	ngọc đế	s	en	1	the Jade Emperor
ngọc hoàng	ngọc hoàng thượng đế	s	en	1	the Jade Emperor
ngọc hoàng	ngọc hoàng đại đế	s	en	1	the Jade Emperor
nho giáo	đạo nho	s	en	1	Confucianism
nho giáo	đạo khổng	s	en	1	Confucianism
nho giáo	khổng giáo	s	en	1	Confucianism
nhã điển	a-ten	s	en	1	
nhân mã	xạ thủ	s	en	1	
nhân dân tự vệ	dân vệ	s	en	1	
nhất thiết kinh	đại tạng kinh	s	en	1	w:Chinese Buddhist canon|Chinese Buddhist canon; Tripitaka
niu oóc	nữu ước	s	en	1	
niu di-lân	tân tây lan	s	en		
nô-el	giáng sinh	s	en	1	
nô-en	giáng sinh	s	en	1	Christmas
nước trời	nước thiên chúa	s	en	1	Kingdom of Heaven
nước thiên chúa	nước trời	s	en	1	
nữ oa	oa hoàng	s	en	1	
oa-sinh-tơn	hoa thịnh đốn	s	en		
pa-ri	ba lê	s	en		
pha-ren-hét	độ f	s	en	1	Fahrenheit
phi mã	thiên mã	s	en	1	Pegasus
phi châu	châu phi	s	en	1	
phan rang - tháp chàm	phan rang	s	en	1	
pháp	phật lãng sa	s	en		
pháp	pháp quốc	s	en		
pháp luân công	pháp luân đại pháp	s	en	1	Falun Gong (A spiritual practice founded in China by Li Hongzhi in 1992)
pháp ngữ	tiếng pháp	s	en	1	French language
phnôm pênh	nam vang	s	en	1	
phnôm pênh	nam vinh	s	en	1	
phong nha - kẻ bàng	vườn quốc gia	s	en		
pháp quốc	pháp	s	en		
pháp quốc	phật lãng sa	s	en		
phú lãng sa	pháp	s	en	1	France
phật giáo	đạo phật	s	en	1	Buddhism
phật lãng sa	pháp	s	en		
phục hi	hi hoàng	s	en	1	
prê-tô-ri-a	pri-tơ-ri-a	s	en	1	
pri-tơ-ri-a	prê-tô-ri-a	s	en	1	
quan âm	bồ tát	s	en	1	either  (usually depicted as a male) or  (always depicted as a female)
quan âm	quan thế âm	s	en	1	either  (usually depicted as a male) or  (always depicted as a female)
quan âm	quán tự tại	s	en	1	either  (usually depicted as a male) or  (always depicted as a female)
quan âm	tự tại	s	en	1	either  (usually depicted as a male) or  (always depicted as a female)
quanh năm	thường niên	s	en	1	Ordinary Time
quả đất	trái đất	s	en	1	Earth
quả đất	địa cầu	s	en	1	Earth
quảng mục	tì lâu bác xoa	s	en	1	
quốc âm	quốc ngữ	s	en	1	chữ Nôm
rô-ma	la mã	s	en	2	
rê-ki-a-vích	rây-ki-a-vích	s	en	1	
rây-ki-a-vích	rê-ki-a-vích	s	en	1	
sida	aids	s	en	1	AIDS
sida	hội chứng suy giảm miễn dịch mắc phải	s	en	1	AIDS
saint christopher	saint kitts	s	en	1	
saint kitts	saint christopher	s	en	1	
saint kitts và nevis	xanh kít và nê-vít	s	en	1	
song tử	song nam	s	en	1	
song tử	song sinh	s	en	1	
sách phi á	xô-phi-a	s	en	1	
sâu bọ	côn trùng	s	en	1	
sáng thế	sáng thế kí	s	en	1	Genesis
sư tử	hải sư	s	en	1	
sơn chà	chảo	s	en	1	mountain range}}
tv	vô tuyến truyền hình	s	en		
tv	truyền hình	s	en		
tam vị nhất thể	chúa ba ngôi	s	en	1	the Trinity
tam thiên tự	tự học toản yếu	s	en	1	the ''''
thanh triều	nhà thanh	s	en	1	the  }}
thi thiên	thánh vịnh	s	en	1	Psalms
thiên chúa	chúa trời	s	en	1	
thiên trúc	trúc	s	en		
thiên can	thập can	s	en		
thiên bình	thiên xứng	s	en	1	
thiên bình	cân xứng	s	en	1	
thiên mã	phi mã	s	en		
thiên hậu thánh mẫu	ma tổ	s	en		
thiên hậu thánh mẫu	mẫu tổ	s	en		
thiên hậu thánh mẫu	thiên thượng thánh mẫu	s	en		
thiên chủ	đế thích	s	en	1	the Lord of the Devas }}
thiên yết	hổ cáp	s	en	2	
thiên yết	thần nông	s	en	2	
thiên yết	bọ cạp	s	en	2	
thành vatican	toà thánh	s	en	1	
thái dương	mặt trời	s	en	1	Sun
thái lan	thái	s	en		
thánh linh	thần	s	en	1	the Holy Spirit; the Holy Ghost
thánh linh	thánh thần	s	en	1	the Holy Spirit; the Holy Ghost
thái bình	thái bình dương	s	en	3	
thánh gióng	phù đổng thiên vương	s	en		
thái dương hệ	hệ mặt trời	s	en	1	Solar System
thánh vịnh	thi thiên	s	en	1	Psalms
thú	có vú	s	en	1	
thường niên	quanh năm	s	en	1	Ordinary Time
thạch bồ	yên	s	en	1	
thạch hãn	quảng trị	s	en	1	
thần	thánh linh	s	en	1	Spirit
thần	thánh thần	s	en	1	Spirit
thập can	thiên can	s	en		
thế tôn	phật	s	en	2	the Lord
thế tôn	thích ca mâu ni	s	en	2	the Lord
tiktok	tóp tóp	s	en	1	
tin lành	tin mừng	s	en	1	a
tri-át	tam điệp	s	en	1	the
tiểu á tế á	tiểu á	s	en	1	Asia Minor
trang tử	nam hoa kinh	s	en	1	
triều tiên	cao li	s	en		
triều tiên	cộng hoà dân chủ nhân dân triều tiên	s	en		
triều tiên	bắc triều tiên	s	en		
trung bộ	miền trung	s	en	1	
trái đất	địa cầu	s	en	1	Earth
trái đất	quả đất	s	en	1	Earth
trung quốc hoá	hán hoá	s	en	1	sinicization
tràng an	quần thể	s	en		
trấn vũ	huyền vũ	s	en	1	
trì quốc	đề đầu lại tra	s	en	1	
tàu	khách	s	en	1	Chinese; Chinaman; Chink
táo quân	táo	s	en	1	a
táo quân	ông táo	s	en	1	a
tân thế giới	cựu thế giới	a	en	1	New World
tây nam bộ	miền tây	s	en	1	; }}
tây nam bộ	đồng bằng sông cửu long	s	en	1	; }}
tây bá lợi á	xi-be-ri-a	s	en		
tân ước	cựu ước	a	en	1	the
tây phi	đông phi	a	en		
tây lịch	dương lịch	s	en	1	Gregorian calendar
tây lịch	công nguyên	s	en	2	Common Era or its epoch (approximately the birth of Christ)
tây sahara	cộng hòa ả rập sahrawi dân chủ	s	en	1	
tô-ki-ô	đông kinh	s	en		
tần triều	nhà tần	s	en	1	the  }}
tăng trưởng	tì lâu lặc xoa	s	en	1	
tết công-gô	tết ma-rốc	s	en	1	a never-coming time
tết ma-rốc	tết công-gô	s	en		
tết dương lịch	tết tây	s	en	1	New Year's Day; New Year's; New Year
tự học toản yếu	tam thiên tự	s	en	1	the original title of the ''''
tống triều	nhà tống	s	en	1	the  }}
uên	xứ uên	s	en	1	Wales
vatican	thành vatican	s	en	2	
vatican	toà thánh	s	en	3	
va linh tinh	lễ tình nhân	s	en	1	Valentine schm-|Schmalentine
việt nam	nam việt	s	en	1	
việt nam	cộng hoà xã hội chủ nghĩa việt nam	s	en	1	
việt nam hoá	phi mĩ hoá	s	en	2	to Vietnamize, to reduce US involvement in the Vietnam War by replacing American
vovinam	việt võ đạo	s	en	1	
việt ngữ	tiếng phổ thông	s	en		
văn thù sư lợi	diệu cát tường	s	en	1	
văn thù sư lợi	diệu đức	s	en	1	
vĩnh điện	sông cái	s	en	3	
vạn tượng	viêng chăn	s	en	1	
xcốt-len	ê-cốt	s	en	1	
xcốt-len	tô cách lan	s	en	1	
xi-be-ri-a	tây bá lợi á	s	en		
xanh kít và nê-vít	saint kitts và nevis	s	en	1	
xanh	thánh	s	en	1	title for a saint
xi-xin	xi-xi-li-a	s	en		
xi-xi-li-a	xi-xin	s	en		
xiêm la	xiêm	s	en	1	
xuất hành	xuất ê-díp-tô ký	s	en	1	
xử nữ	thất nữ	s	en	1	
xử nữ	trinh nữ	s	en	1	
y pha nho	tây ban nha	s	en	1	
xô-phi-a	sách phi á	s	en	1	
a còng	a móc	s	en		
a móc	a còng	s	en	1	at sign (@)
a phiến	thuốc phiện	s	en	1	opium
a phiến	nha phiến	s	en	1	opium
a phiến	á phiện	s	en	1	opium
a dua	hùa	s	en	1	to ape; to blindly imitate (something bad or wrong from others)
yên	thạch bồ	s	en	2	
a-lô	nghe	s	en	1	hello
acc	nick	s	en	1	an account
a-ma-tơ	tài tử	s	en	1	amateur
a-ma-tơ	nghiệp dư	s	en	1	amateur
a/languages m to z	trang	s	en	3	a cutting tool consisting of two blades inserted into a long handle to cut grass
a/languages m to z	gạc	s	en	3	a cutting tool consisting of two blades inserted into a long handle to cut grass
a/languages m to z	sấn	s	en	5	to rush or charge forward at
a/languages m to z	xông	s	en	5	to rush or charge forward at
a-zốt	nitơ	s	en	1	nitrogen
ai ai	mọi người	s	en		
ai ai	người người	s	en		
am tường	am hiểu	s	en	1	knowledgeable or insightful (about a particular subject)
am tường	thông hiểu	s	en	1	knowledgeable or insightful (about a particular subject)
ai đời	đời nào	s	en	1	by no means
ai mượn	ai bảo	s	en	1	
amply	âm li	s	en	1	amplifier
an vui	yên vui	s	en	1	peaceful and happy
anh chột làm vua xứ mù	thằng chột làm vua xứ mù	s	en	1	a mediocre person without any special qualities who stands out only because they
an định	ổn định	s	en	1	to stabilize
an-pha-bê	bảng chữ cái	s	en	1	an alphabet; a set of all letters used to write a given language, arranged in a 
anh hùng	người hùng	s	en		
anh trai	anh	s	en	1	elder brother
anh túc	a phiến	s	en	1	opium poppy
anh túc	á phiện	s	en	1	opium poppy
anh túc	thuốc phiện	s	en	1	opium poppy
anh túc	thẩu	s	en	1	opium poppy
anh túc	trẩu	s	en	1	opium poppy
anh linh	linh thiêng	s	en	2	sacred
anh vũ	vẹt	s	en	1	parrot
antimon	stibi	s	en	1	
anh ấy	hắn	s	en	1	he
anh ấy	ảnh	s	en	1	he
aptomat	cầu dao	s	en		
ba	áng	s	en	1	father
ba	bác	s	en	1	father
ba	bọ	s	en	1	father
ba	bố	s	en	1	father
ba	cậu	s	en	1	father
ba	cha	s	en	1	father
ba	thầy	s	en	1	father
ba	tía	s	en	1	father
ba chỉ	ba rọi	s	en	1	
ba chỉ	nây	s	en	1	
ba chĩa	đinh ba	s	en	1	
ba que	nguỵ	s	en	3	}}
ba que	bò vàng	s	en	3	}}
ba que	vện vàng	s	en	3	}}
ba que	bò đỏ	a	en	3	}}
ba rọi	ba chỉ	s	en	1	pork belly
ba rọi	nây	s	en	1	pork belly
bai	chào	s	en		
bai	tạm biệt	s	en		
ban	buổi	s	en	4	time period; section of the day
ban mai	bình minh	s	en	1	early in the morning; dawn
ba đường	bố đường	s	en	1	sugar daddy
bang	bá	s	en	2	to crash into; to collide with; to hit
bang	tông	s	en	2	to crash into; to collide with; to hit
banh	bóng	s	en	1	ball
bao cao su	ba con sói	s	en		
ban nhạc	nhóm	s	en	1	band (''a group of musicians'')
ban nhạc	nhóm nhạc	s	en	1	band (''a group of musicians'')
ban trưa	trưa	s	en	1	noon
ban trưa	buổi trưa	s	en	1	noon
bao dương vật	bao cao su	s	en		
bao giờ	khi nào	s	en	1	when, how long until
bao giờ	chừng nào	s	en	1	when, how long until
bao la	bát ngát	s	en		
bao la	mênh mông	s	en		
bao gồm	bao hàm	s	en	1	to include, to comprise, to contain
bao hàm	bao gồm	s	en	1	to include; to contain; to encompass
bao vây	vây	s	en	1	to surround; to besiege
bao vây	phong toả	s	en	1	to surround; to besiege
bao tử	dạ dày	s	en	1	
ben	bì	s	en	2	to be comparable
beo	báo	s	en	1	leopard, jaguar or cheetah
bem	đập	s	en	1	to beat; to give a beating
bem	đánh	s	en	1	to beat; to give a beating
bem	quýnh	s	en	1	to beat; to give a beating
bem	uýnh	s	en	1	to beat; to give a beating
bem	choảng	s	en	1	to beat; to give a beating
bi kịch	hí kịch	a	en		
bi kịch	hài kịch	a	en		
bi quan	lạc quan	a	en	1	pessimistic
bi bô	bập bẹ	s	en	1	to babble
bim bim	snack	s	en	1	crisps; potato chips
biến	phắn	s	en	6	get lost; beat it
biến	cút	s	en	6	get lost; beat it
biến	xéo	s	en	6	get lost; beat it
biến số	biến	s	en	1	a variable
biến số	hằng số	a	en	1	a variable
biến mất	xuất hiện	a	en	1	to disappear
biếm hoạ	hoạt họa	s	en	1	a caricature (''a humorous or satirical cartoon drawing'')
biến nhiệt	hằng nhiệt	a	en	1	poikilothermic
biến sắc	thất sắc	s	en	1	to turn pale
biến thái	dê	s	en	3	
biến thái	dê xồm	s	en	3	
biến thái	đồi truỵ	s	en	3	
biển	bể	s	en	1	sea; ocean
biển hoa đông	đông hải	s	en	1	
biển báo	biển	s	en	1	a traffic sign; a road sign
biển báo	biển báo giao thông	s	en	1	a traffic sign; a road sign
biểu tượng	kí hiệu	s	en	1	symbol; representation; icon
biện hộ	bào chữa	s	en	1	
biểu mẫu	mẫu đơn	s	en	1	
biểu mẫu	đơn	s	en	1	
biệt kích	đặc công	s	en	2	special forces; special operations
bom	trái phá	s	en	1	bomb
bom	táo tây	s	en		
bom	táo	s	en		
bom	bôm	s	en		
bong bóng	bóng đái	s	en	3	urinary bladder
bom tấn	bom xịt	a	en	1	blockbuster
bo bo	ý dĩ	s	en	1	Job's tears
bo bo	cao lương	s	en	2	sorghum
bo bo	miến	s	en	2	sorghum
bo bo	lúa miến	s	en	2	sorghum
bo mạch in	bảng mạch in	s	en	1	a printed circuit board
bom xịt	bom tấn	a	en	1	box-office bomb
bung	hầm	s	en	3	to steam, to simmer
bung	ninh	s	en	3	to steam, to simmer
buôn	tám	s	en	2	}} to gossip
bong vụ	thò lò	s	en	1	spinning top
buồn	vui	a	en	1	sad
buồn	mắc	s	en	2	to have a strong need to do something
buồn	thèm	s	en	3	to feel an itch (to do something); to feel like
buồn	nhột	s	en	4	ticklish (when stroked)
buồn cười	mắc cười	s	en	1	funny
buồn cười	tức cười	s	en	1	funny
buồn nôn	lộn mửa	s	en	1	nauseous; queasy
buồn nôn	mắc ói	s	en	1	nauseous; queasy
buộc	cột	s	en	1	; compare  and
buộc	bắt	s	en	2	to force; to compel
buộc	ép	s	en	2	to force; to compel
bà nội	nội	s	en	1	a
bà nội	bà	s	en	2	a sarcastic way of addressing a young girl or woman who you're annoyed with
bà nội	má	s	en	2	a sarcastic way of addressing a young girl or woman who you're annoyed with
bà nội	mẹ	s	en	2	a sarcastic way of addressing a young girl or woman who you're annoyed with
bà ngoại	ngoại	s	en		
bài hát	bài ca	s	en	1	song
bài hát	ca khúc	s	en	1	song
bài hát	khúc ca	s	en	1	song
bà ấy	bà nớ	s	en	1	she
bà ấy	bả	s	en	1	she
bàn	ván	s	en	2	game; match
bài tập	bài	s	en	1	exercise
bàn là	bàn ủi	s	en	1	clothes iron
bàn ủi	bàn là	s	en	1	clothes iron
bàn toạ	đít	s	en	2	the buttocks
bàn toạ	mông	s	en	2	the buttocks
bàn thảo	bàn luận	s	en	1	to discuss issues at a meeting or conference etc. and come to a conclusion
bàn thảo	thảo luận	s	en	1	to discuss issues at a meeting or conference etc. and come to a conclusion
bàng quan	thờ ơ	s	en	1	
bào thai	thai nhi	s	en	1	fetus
bàng hệ	trực hệ	a	en	1	collateral lineage
bá	tông	s	en	1	to crash into; to hit
bá	bang	s	en	1	to crash into; to hit
bá	khoác	s	en	2	to embrace; to hug
bá	quàng	s	en	2	to embrace; to hug
bá	bác	s	en	3	aunt, parent's elder sister
bày đặt	làm màu	s	en	1	to make things unnecessarily complicated
bác sĩ	đốc-tờ	s	en	1	
bách khoa toàn thư	từ điển bách khoa	s	en	1	encyclopedia
bách chiến bách thắng	trăm trận trăm thắng	s	en		
bám	níu	s	en	1	to cling to, to adhere to, to stick to
bám	víu	s	en	1	to cling to, to adhere to, to stick to
bách tính	trăm họ	s	en	1	common people, masses, ordinary citizens, general population
bái phục	khâm phục	s	en	1	to admire; to appreciate; to revere
bái phục	thán phục	s	en	1	to admire; to appreciate; to revere
bán dâm	mại dâm	s	en	1	to prostitute oneself
bán hoá thạch	á hoá thạch	s	en	1	subfossil
báng	đác	s	en	1	
báng	đoác	s	en	1	
bánh bía	bò bía	s	en	2	popiah
bánh bía	bía	s	en	2	popiah
bán thần	á thần	s	en	1	a
bánh quy	bích quy	s	en	1	a biscuit; cookie
bánh tráng	bánh đa	s	en		
bánh sừng trâu	bánh sừng bò	s	en	2	{{l|en|a croissant; crescent roll
bánh tráng nướng	bánh đa nướng	s	en	2	{{l|en|a thick rice cracker (often with peanuts, sesame seeds, tapioca, and mung
bánh xèo	bánh khoái	s	en	1	
bánh tẻ	bánh răng bừa	s	en	1	
báo săn	báo bờm	s	en		
báo săn	báo ghê-pa	s	en		
báo thù	trả thù	s	en	1	to avenge; to take revenge upon
báo thù	phục thù	s	en	1	to avenge; to take revenge upon
bát	tóc mai	s	en	2	sideburns
bát	cạy	a	en	3	to steer (a boat) rightward
bát ngát	mênh mông	s	en		
bát ngát	bao la	s	en		
báo đáp	đền đáp	s	en	1	to repay (someone's favor, kindness, etc.); to requite; to pay back; to return
bát ô tô	tô	s	en	1	large bowl
bây giờ	nay	s	en	1	now
bây giờ	giờ	s	en	1	now
bây giờ	giừ	s	en	1	now
bây giờ	lúc này	s	en	1	now
bây giờ	giờ đây	s	en	1	now
bây giờ	hiện giờ	s	en	1	now
bây giờ	bấy giờ	a	en	1	now
bãi công	đình công	s	en	1	to go on a strike; to strike
bãi nhiệm	miễn nhiệm	s	en	1	to dismiss
bé	nhỏ	s	en	1	small; little; tiny
bé	lớn	a	en	1	small; little; tiny
bé	to	a	en	1	small; little; tiny
bé tị	bé tí	s	en		
bé tị	nhỏ xíu	s	en		
bé tí	bé tị	s	en		
bé tí	nhỏ xíu	s	en		
bé tí	tí hon	s	en		
béc-giê	chó chăn cừu đức	s	en		
bèo tây	lục bình	s	en	1	water hyacinth
bé nhỏ	nhỏ bé	s	en	1	little; small; young
bê	bờ	s	en		
bê	bê bò	s	en		
bê	phê	s	en		
béo	mập	s	en	1	fat
bén	sắc	s	en	1	sharp
béo ú	mập ú	s	en	1	fat
bên trời góc bể	chân trời góc bể	s	en	1	remote place; faraway
bình dân	dân dã	s	en	1	like a commoner; informal
bìa cứng	các tông	s	en		
bìa cứng	giấy bồi	s	en		
bìm nắp	chìa vôi	s	en	1	)}}
bì phu	da	s	en	1	skin; dermis
bì phu	da dẻ	s	en	1	skin; dermis
bình minh	rạng đông	s	en	1	dawn; sunrise; daybreak
bình phương	bình	s	en	2	squared
bình nguyên	đồng bằng	s	en		
bình thuỷ	phích	s	en	1	thermos
bình phục	khỏi bệnh	s	en	1	to recover (from illness); to regain one's health
bình phục	hết bệnh	s	en	1	to recover (from illness); to regain one's health
bít tất	tất	s	en	1	sock
bít tất	vớ	s	en	1	sock
bò	ống bơ	s	en	5	a unit of measurement for grain volume equivalent to the capacity of a condensed
bò	bơ	s	en	5	a unit of measurement for grain volume equivalent to the capacity of a condensed
bòng bòng	roi	s	en	2	wax apple ()
bòng bòng	mận	s	en	2	wax apple ()
bò tót	min	s	en		
bò đỏ	bò vàng	a	en	1	Vietnamese communist sympathizer, or supporter
bò đỏ	ba que	a	en	1	Vietnamese communist sympathizer, or supporter
bò đỏ	ngụy	a	en	1	Vietnamese communist sympathizer, or supporter
bò vàng	ba que	s	en	1	sympathizer of the former Republic of Vietnam
bò vàng	nguỵ	s	en	1	sympathizer of the former Republic of Vietnam
bò vàng	bò đỏ	a	en	1	sympathizer of the former Republic of Vietnam
bò vàng	hồng vệ binh	a	en	1	sympathizer of the former Republic of Vietnam
bón	táo	s	en	1	constipated
bón	đút	s	en	2	to spoon-feed
bón	bón phân	s	en	3	to put (manure or fertilizer) on the soil
bó hoa	bó bông	s	en	1	bouquet
bóng tròn	bóng đá	s	en		
bóng tròn	túc cầu	s	en		
bóng tròn	đá banh	s	en		
bót	bàn chải	s	en		
bóng đá	túc cầu	s	en		
bóng đá	bóng tròn	s	en		
bóng đá	đá banh	s	en		
bóp	ví	s	en	3	wallet (containing money, documents, etc.)
bôi	trét	s	en	1	to smear, to apply, to coat
bôi	xoa	s	en	1	to smear, to apply, to coat
bôi	thoa	s	en	1	to smear, to apply, to coat
bôi	lau	s	en	2	to clean (board, etc.)
bông	hoa	s	en	1	bloom; flower
bông	đoá	s	en	3	
bông cải trắng	hoa lơ	s	en		
bông cải trắng	hoa lơ trắng	s	en		
bôm	táo tây	s	en	1	apple
bôm	táo	s	en	1	apple
bôm	bom	s	en	1	apple
bông giấy	hoa giấy	s	en	1	bougainvillea
bông tai	khuyên tai	s	en	1	an earring
bông bụp	dâm bụt	s	en	1	hibiscus
bông bụp	râm bụt	s	en	1	hibiscus
bông bụp	cẩn	s	en	1	hibiscus
bùn	sình	s	en	1	mud
bùng binh	vòng xuyến	s	en	1	roundabout; traffic circle
bùng binh	vòng xoay	s	en	1	roundabout; traffic circle
bùng binh	đường vòng	s	en	1	roundabout; traffic circle
búa và liềm	búa liềm	s	en		
búa liềm	búa và liềm	s	en		
bún cua	bún riêu	s	en	1	; Vietnamese rice vermicelli soup, usually served with fish, snail, tofu, pig sk
bún cua	bú cu	s	en	2	to give a blowjob
bún cua	thổi kèn	s	en	2	to give a blowjob
bú cu	bún cua	s	en	1	to give a blowjob
bú cu	thổi kèn	s	en	1	to give a blowjob
bút chì	viết chì	s	en	1	a pencil
bút	viết	s	en	1	any piece of equipment used for writing with one's hand, except chalk
bún riêu	bún cua	s	en	1	Vietnamese rice vermicelli soup, usually served with fish, snail, tofu, pig skin
bút chì bấm	bút chì kim	s	en		
bút nguyên tử	bút bi	s	en	1	a ballpoint pen
bơ	bò	s	en	2	
bươm bướm	bướm	s	en	1	butterfly
bưu cục	bưu điện	s	en		
bưu chính viễn thông	bưu điện	s	en	1	posts and telecommunications
bương	hỏng	s	en	5	failed; broken down
bướm	hồ điệp	s	en	1	butterfly
bạc hà	dọc mùng	s	en	2	
bướm đêm	ngài	s	en		
bướng	ương	s	en	1	stubborn; headstrong
bướng	cứng đầu	s	en	1	stubborn; headstrong
bượp	thiếu	s	en	1	few, pauce, insufficient
bượp	ít	s	en	1	few, pauce, insufficient
bạch tuộc	mực tuộc	s	en	1	octopus }}
bạch tuộc	mực dái	s	en	1	octopus }}
bạch kim	platin	s	en	1	platinum
bạch cầu	bạch huyết cầu	s	en	1	white blood cell; leukocyte
bạch đàn	khuynh diệp	s	en	2	various plants of the genus
bạn	bạn bè	s	en	1	a friend, mate, buddy, ally, etc.
bạn	bằng hữu	s	en	1	a friend, mate, buddy, ally, etc.
bạn	tôi	a	en	2	, a young person in their twenties
bạn	mình	a	en	4	you, a peer of the speaker
bạn đọc	độc giả	s	en	1	reader
bạn hữu	bạn bè	s	en	1	friend
bạn hữu	bè bạn	s	en	1	friend
bạo tàn	tàn bạo	s	en	1	savage and cruel
bản ngữ	tiếng mẹ đẻ	s	en		
bản đồ	địa đồ	s	en	1	map
bản nhạc	nhạc phẩm	s	en	1	a piece of music; a song
bản thổ	bản địa	s	en	1	native; indigenous; local
bảng chữ cái	an-pha-bê	s	en	1	an alphabet; a set of all letters used to write a given language, arranged in a 
bảnh	bảnh bao	s	en	1	handsome and well-dressed
bảo tàng	viện bảo tàng	s	en		
bảo đảm	đảm bảo	s	en	1	to ensure; to guarantee
bấm	nhấn	s	en	4	to click
bấm chuột	bấm	s	en		
bấm chuột	nhấn chuột	s	en		
bấm chuột	nhấn	s	en		
bấm chuột	nhấp chuột	s	en		
bấm chuột	nhấp	s	en		
bấm chuột	ấn chuột	s	en		
bấm chuột	ấn	s	en		
bấm chuột	kích	s	en		
bất diệt	trường tồn	s	en		
bất diệt	vĩnh cửu	s	en		
bất hiếu	hiếu thảo	a	en	1	
bất cứ	bất kì	s	en	1	any; whatever
bất hợp pháp	phi pháp	s	en	1	illegal; unlawful
bất cập vật	cập vật	a	en	1	intransitive
bất kì	bất cứ	s	en	1	
bất lực	liệt dương	s	en	2	to impotent, unable to achieve or sustain an erection, having impotentia coeundi
bất lợi	thuận lợi	a	en	1	disadvantageous; unfavourable
bất nhẫn	tàn nhẫn	s	en	4	
bất động sản	động sản	a	en	1	real estate (property that cannot easily be moved)
bất động sản	địa ốc	s	en		
bất đắc dĩ	vạn bất đắc dĩ	s	en	1	
bất vụ lợi	phi lợi nhuận	s	en	1	nonprofit
bất vụ lợi	vô vị lợi	s	en	1	nonprofit
bầm	mẹ	s	en	3	mother
bầm	u	s	en	3	mother
bầm	má	s	en	3	mother
bầm	mạ	s	en	3	mother
bầm	mệ	s	en	3	mother
bấy giờ	bây giờ	a	en	1	then
bẩn	dơ	s	en	1	dirty; unclean; filthy
bẩn	nhớp	s	en	1	dirty; unclean; filthy
bẩm sinh	thiên bẩm	s	en	1	innate; inborn; natural
bầy	đàn	s	en	1	large number of animals associated together in a group: flock, herd, etc.
bận	rảnh	a	en	2	to get occupied doing something
bận	rỗi	a	en	2	to get occupied doing something
bận tâm	để bụng	s	en	1	to care about, to pay heed to
bập	bẹ	s	en	4	sheath
bắp	sạu	s	en	3	maize, corn
bắp	ngô	s	en	3	maize, corn
bắp	bẹ	s	en	3	maize, corn
bật	tắt	a	en	2	to snap; to switch on (lights)
bật lửa	hộp quẹt	s	en	1	lighter
bắt	ép	s	en	5	to force; to compel
bắt	buộc	s	en	5	to force; to compel
bắp rang	bỏng ngô	s	en	1	popcorn
bắt chước	nhái	s	en	1	to imitate, to mimic
bắp cải	cải bắp	s	en	1	cabbage
bắt nạt	ăn hiếp	s	en	1	to bully
bằng	trắc	a	en	2	being a  or
bằng cấp	bằng	s	en		
bằng lái xe	giấy phép lái xe	s	en		
bằng lái	bằng lái xe	s	en		
bằng cớ	chứng cớ	s	en	1	evidence; proof
bằng cớ	chứng cứ	s	en	1	evidence; proof
bằng lăng	thao lao	s	en	1	crape myrtle ()
bế	bồng	s	en	1	to hold and/or carry (a person, especially an infant, or an animal, with your fo
bẹ	bắp	s	en	2	corn, maize
bẹ	ngô	s	en	2	corn, maize
bế mạc	khai mạc	a	en	1	to ceremonially close an event
bề bề	tôm tít	s	en	1	mantis shrimp
bề dài	chiều dài	s	en	1	length (distance from end to end)
bể	vỡ	s	en	4	broken into pieces
bể đông	biển đông	s	en	1	South China Sea
bể dâu	thăng trầm	s	en	1	all the vicissitudes of human life
bể bơi	hồ bơi	s	en	1	a swimming pool
bệnh	ốm	s	en	4	sick; ill
bệnh dịch	dịch bệnh	s	en	1	epidemic (widespread disease)
bệnh tật	tật bệnh	s	en	1	diseases; illnesses
bệu bạo	mếu máo	s	en	1	to twist the mouth when about to cry
bị động	thụ động	s	en	1	passive
bị động	chủ động	a	en	1	passive
bị gậy	ăn mày	s	en	1	begger
bọ	côn trùng	s	en	1	insect; bug
bọ	giòi	s	en	2	maggot
bọ	chuột lang	s	en	3	guinea pig
bọ	ba	s	en	4	father; dad
bọ	bố	s	en	4	father; dad
bọ	cậu	s	en	4	father; dad
bọ	cha	s	en	4	father; dad
bọ	thầy	s	en	4	father; dad
bọ	tía	s	en	4	father; dad
bịp	lừa	s	en		
bịn rịn	lưu luyến	s	en		
bịn rịn	quyến luyến	s	en		
bọc	bịch	s	en	2	a bag; packet
bọ ngựa	ngựa trời	s	en	1	mantis
bọ rùa	cánh cam	s	en	1	ladybug/ladybird
bọn	tụi	s	en	1	
bọng đái	bàng quang	s	en	1	urinary bladder
bọng đái	bóng đái	s	en	1	urinary bladder
bọ gậy	lăng quăng	s	en	1	mosquito larva
bỏ phiếu	đầu phiếu	s	en	1	
bỏ phiếu	bầu phiếu	s	en	1	
bỏ phiếu	bầu cử	s	en	1	
bỏ phiếu	vốt	s	en	1	
bố	áng	s	en	1	father
bố	ba	s	en	1	father
bố	bác	s	en	1	father
bố	bọ	s	en	1	father
bố	cậu	s	en	1	father
bố	cha	s	en	1	father
bố	thầy	s	en	1	father
bố	tía	s	en	1	father
bố mẹ	cha mẹ	s	en		
bố mẹ	ba má	s	en		
bố mẹ	ba mẹ	s	en		
bỏng ngô	bắp rang	s	en	1	popcorn
bối cảnh	hoàn cảnh	s	en	1	circumstances
bốc	cắt	s	en	2	to make up (a traditional medicine prescription)
bốc	cân	s	en	2	to make up (a traditional medicine prescription)
bốc	hốt	s	en	2	to make up (a traditional medicine prescription)
bốn phương	tứ phía	s	en	1	the four cardinal directions
bốc phét	nói phét	s	en	1	to talk big; to talk a good game
bố đời	mẹ thiên hạ	s	en	1	male person who is haughty and condescending towards other people
bố đường	ba đường	s	en	1	sugar daddy
bồ câu	câu	s	en	1	pigeon; dove
bồ câu	cu	s	en	1	pigeon; dove
bốt	hài	s	en		
bốt	hia	s	en		
bốt	ủng	s	en		
bốt	chốt	s	en		
bốt	trạm	s	en		
bốt	đồn	s	en		
bồ các	ác là	s	en		
bồ nông	chàng bè	s	en	1	pelican
bồ đề	đề	s	en	2	bodhi tree ()
bốt đờ sô	giày sô	s	en	1	jump boot
bồi hồi	bổi hổi	s	en	1	uneasy; restless; ill at ease; anxious
bồn binh	vòng xuyến	s	en	1	roundabout; traffic circle
bồn binh	vòng xoay	s	en	1	roundabout; traffic circle
bổ	ngã	s	en	3	to trip and fall onto the ground
bổ	té	s	en	3	to trip and fall onto the ground
bồng	buồm	s	en	2	a sail
bồng	mui	s	en	4	covering roof for cars or boats
bồng	tếch	a	en	5	fore
bồng	phồng	s	en	9	bloated; puffed
bồng	vồng	s	en	9	bloated; puffed
bồng cốt	đóng thùng	s	en	1	to tuck in one's shirt
bộ bài tây	tú lơ khơ	s	en	1	the w:Standard 52-card deck|standard 52-card deck of French-suited playing cards
bộ bài tây	tú	s	en	1	the w:Standard 52-card deck|standard 52-card deck of French-suited playing cards
bộ hành	người đi bộ	s	en	3	a pedestrian
bộ thủ	bộ	s	en	1	a Chinese character radical
bội số chung nhỏ nhất	bội chung nhỏ nhất	s	en	1	the least common multiple
bột giặt	xà bông	s	en	1	washing powder
bớn	rác rưởi	s	en	1	trash; rubbish
bột ớt	ớt bột	s	en	1	chili powder
bời rời	rã rời	s	en	1	apart, fragmented, crumbled
bởi vậy	nên	s	en	1	therefore; consequently; thus
bởi vậy	vì vậy	s	en	1	therefore; consequently; thus
bởi vậy	do đó	s	en	1	therefore; consequently; thus
bởi vậy	bởi thế	s	en	1	therefore; consequently; thus
bợ	cỏ bợ	s	en	4	''''
bợ	tần	s	en	4	''''
bức	oi	s	en	3	unbearably hot
bức	oi bức	s	en	3	unbearably hot
bủn	mủn	s	en	2	crushed; crumbling; crumbly
bức xạ điện từ	sóng điện từ	s	en	1	electromagnetic radiation
bữa diếp	hôm kia	s	en	1	the day before yesterday
bữa ăn	bữa	s	en	1	meal
ca khúc	bài ca	s	en		
ca khúc	bài hát	s	en		
ca khúc	khúc ca	s	en		
ca đoàn	đoàn ca	s	en	1	a chorus; a choir
cacbon đioxit	khí cacbonic	s	en	1	carbon dioxide
cacbon đioxit	thán khí	s	en	1	carbon dioxide
ca-tê-te	ống thông	s	en	1	catheter
ca-lo-ri	ca-lo	s	en	1	calorie
ca-lo	ca-lo-ri	s	en	1	calorie
can đảm	dũng cảm	s	en	1	courageous; brave
can đảm	dũng khí	s	en	2	courage; bravery
cao lương	miến	s	en	1	sorghum
cao lương	lúa miến	s	en	1	sorghum
cao lương	bo bo	s	en	1	sorghum
cau	nang	s	en	1	areca
chai	củ	s	en	2	one million dongs
cha	ba	s	en	1	father
cha	bố	s	en	1	father
cha	thầy	s	en	1	father
cha	cậu	s	en	1	father
cha	tía	s	en	1	father
cha	áng	s	en	1	father
cha	cha nội	s	en	2	dude
cha mẹ	mẹ cha	s	en	1	parents
cha mẹ	bố mẹ	s	en	1	parents
cha mẹ	thầy mẹ	s	en	1	parents
cha mẹ	ba mẹ	s	en	1	parents
cha mẹ	thầy u	s	en	1	parents
cha mẹ	ba má	s	en	1	parents
cha mẹ	tía má	s	en	1	parents
cha mẹ	phụ huynh	s	en	1	parents
cay đắng	đắng cay	s	en	1	bitter; painful; miserable
chan chứa	chứa chan	s	en	1	suffusing, overflowing
chanh leo	chanh dây	s	en	1	passion fruit
chanh dây	chanh leo	s	en	1	passion fruit
chao ôi	than ôi	s	en	1	God; my God; dear God; dear Lord
chanh chách	thạch sùng	s	en	1	
chanh chách	thằn lằn	s	en	1	
cheo cheo	cheo	s	en	1	chevrotain; mouse deer (''of the family Tragulidae'')
chi phiếu	séc	s	en	1	cheque
chi chiết	xao xuyến	s	en	2	guiltiness; tormented
chi chiết	day dứt	s	en	2	guiltiness; tormented
chi lưu	phụ lưu	s	en	1	tributary; affluent
chi lưu	phân lưu	a	en	1	tributary; affluent
chi bằng	huống hồ	s	en	1	to say nothing of
chi bằng	huống chi	s	en	1	to say nothing of
chi bằng	huống gì	s	en	1	to say nothing of
chi tiêu	chi phí	s	en		
chia li	biệt li	s	en	1	
chi sau	chi trước	a	en		
chi trước	chi sau	a	en		
chim công	công	s	en		
chia sớt	chia sẻ	s	en	1	to share
chip	vi mạch	s	en	1	chip; microchip
chim sẻ	sẻ	s	en	1	sparrow
chim sẻ	se sẻ	s	en	1	sparrow
chim ruồi	chim ong	s	en	1	a
chim muông	cầm thú	s	en	1	wild animals
chim lợn	cú lợn	s	en	1	barn owl (specifically the )
chiên	rán	s	en	1	to fry
chiên	cơ đốc nhân	s	en	3	Christian; sheep
chiêm tinh học	chiêm tinh thuật	s	en	1	astrology
chiêu	trái	s	en	3	left
chiêu	đăm	a	en	3	left
chiêm bao	mơ	s	en	1	to dream
chiêm tinh thuật	chiêm tinh học	s	en	1	astrology
chiếc	cái	s	en	1	
chiếc	con	s	en	2	
chiến tranh thế giới	thế chiến	s	en	1	a world war
chiến hạm	tàu chiến	s	en	1	a battleship
chiếp	chíp	s	en		
chiến tuyến	tiền phương	s	en	1	
chiến tuyến	tiền tuyến	s	en	1	
chiến tuyến	hậu phương	a	en	1	
chiến tuyến	hậu tuyến	a	en	1	
chiếu bóng	phim	s	en		
chiếu bóng	rọi bóng	s	en		
chiến đấu cơ	máy bay tiêm kích	s	en	1	a fighter plane
chiếu bí	chiếu hết	s	en	1	checkmate
chiếu khán	thị thực	s	en	1	visa
chiếu chỉ	chỉ dụ	s	en	1	
chiếu lệ	lấy lệ	s	en	1	
chiếu hết	chiếu bí	s	en	1	checkmate
chiếu mở	chiếu rút	s	en	1	discovered check
chiếu rút	chiếu mở	s	en	1	discovered check
chiếu đôi	lưỡng chiếu	s	en	1	double check (a check delivered by two pieces simultaneously)
cho	cho phép	s	en	3	to let; to allow; to permit
chiều dài	độ dài	s	en	1	length
chiều dài	bề dài	s	en	1	length
chiều dài	chiều rộng	a	en	2	the length of the longer sides
chiều rộng	bề rộng	s	en	1	width
chiều rộng	chiều dài	a	en	2	the length of the shorter sides
chiềng	thưa	s	en	1	to tell somebody something in a respectful way
chiềng	trình	s	en	1	to tell somebody something in a respectful way
choa	chúng tôi	s	en	1	we; us; I; me
choa	tụi tui	s	en	1	we; us; I; me
choa	bọn tôi	s	en	1	we; us; I; me
choa	bầy tui	s	en	1	we; us; I; me
choa	chúng tao	s	en	1	we; us; I; me
choa	nhà quân	s	en	1	we; us; I; me
choa	tau	s	en	1	we; us; I; me
choa	tui	s	en	1	we; us; I; me
choé	loé	s	en	2	to flare up; to flash; to glow
choé	chĩnh	s	en	5	
choé	ấm	s	en	6	teapot, kettle
choán	chiếm	s	en	1	
chung đụng	chung chạ	s	en	2	to cohabit and have sexual relations
chuyên chính vô sản	chuyên chính tư sản	a	en	1	dictatorship of the proletariat }}
chuyên chính tư sản	chuyên chính vô sản	a	en	1	dictatorship of the bourgeoisie
chuyên trách	đặc trách	s	en	1	to be (solely) responsible for (a task); to be in charge of; to be dedicated to
chuyển	dời	s	en	1	to move (to another place)
chuyển	chuyển dời	s	en	1	to move (to another place)
chuyển	di dời	s	en	1	to move (to another place)
chuyển	di chuyển	s	en	1	to move (to another place)
chuyển	chuyển phát	s	en	3	to deliver (an item to its destination)
chuyển	giao	s	en	3	to deliver (an item to its destination)
chuyển	vận chuyển	s	en	3	to deliver (an item to its destination)
chuyển	ship	s	en	3	to deliver (an item to its destination)
chuyển	nhượng	s	en	5	to transfer (from one's possession to another's)
chuyển	chuyển nhượng	s	en	5	to transfer (from one's possession to another's)
chuyển	chuyển giao	s	en	5	to transfer (from one's possession to another's)
chuyển	chuyển nhận	s	en	5	to transfer (from one's possession to another's)
chuyển	chuyển khoản	s	en	5	to transfer (from one's possession to another's)
chuyển	thay đổi	s	en	8	to change (from one state, position or direction to another)
chuyển	chuyển đổi	s	en	8	to change (from one state, position or direction to another)
chuyển	chuyển biến	s	en	8	to change (from one state, position or direction to another)
chuyển	biến chuyển	s	en	8	to change (from one state, position or direction to another)
chuyển	biến đổi	s	en	8	to change (from one state, position or direction to another)
chuyển	chuyển động	s	en	9	to move
chuyển	lay chuyển	s	en	11	to sway
chuyện	việc	s	en	2	matters; affairs
chuẩn	chuẩn mực	s	en	1	standard
chuyện ấy	chuyện đó	s	en	2	sex; sexual intercourse
chuyện đó	chuyện ấy	s	en	2	sex; sexual intercourse
chuôi	cán	s	en	1	handle; hilt
chuẩn xác	chính xác	s	en	1	
chuôm	đìa	s	en	1	pond
chuôm	láng	s	en	1	pond
chuôm	chà	s	en	2	plants' debris on the surface of a pond, serving as hiding places for fish
chuôm	nè	s	en	2	plants' debris on the surface of a pond, serving as hiding places for fish
chuôm	vờ	s	en	2	plants' debris on the surface of a pond, serving as hiding places for fish
chuẩn hoá	tiêu chuẩn hoá	s	en	1	to standardise
chuỗi	mân côi	s	en	2	prayer beads, rosary
chuỗi	xâu	s	en	3	a string
chuốt	vót	s	en	1	to whittle, to sharpen with a tool
chuồn	tép	s	en	3	clubs
chuồn	nhép	s	en	3	clubs
chuột chù	chuột xạ	s	en	2	musk shrew  spp.}}
chuột lang	bọ	s	en	1	guinea pig, cavy
chuột túi	căng-gu-ru	s	en	1	kangaroo
chà bông	ruốc	s	en	1	rousong
chuột xạ	chuột chù	s	en	1	musk shrew  spp.}}
chàng	thiếp	a	en	2	you (referring to beloved man)
chàng	ta	a	en	2	you (referring to beloved man)
chào	xin chào	s	en		
chành bành	chành	s	en	1	to open widely, often in a visually unpleasing way
chành	chành bành	s	en	1	to open widely
chàng bè	bồ nông	s	en	1	pelican
chàng ràng	dềnh dàng	s	en	1	reluctant
chàng ràng	rề rà	s	en	1	reluctant
chào đón	hoan nghênh	s	en		
chán ngán	chán chường	s	en		
cháu	con	s	en	3	I/me, your nephew, niece or grandchild
cháu	cháu nó	s	en	7	he/him/she/her, the child under my guardianship (my child or grandchild) who we'
cháy	cơm cháy	s	en	8	burnt rice cake#Verb|caked at the bottom of a pot of rice or rice cooker
chân	giò	s	en	2	leg
chân	cẳng	s	en	2	leg
chân mây cuối trời	chân trời góc bể	s	en	1	far-flung, faraway, distant, remote
chân giò	giò	s	en	1	pig's trotter; pettitoe
chân vịt	cánh quạt	s	en	2	a propeller (''for accelerating watercrafts'')
chân trời góc bể	chân mây cuối trời	s	en	2	far-flung, faraway, distant, remote
chân thư	chữ khải	s	en	1	regular script
chân thư	khải thư	s	en	1	regular script
chè	trà	s	en		
chè	nước chè	s	en		
chè sâm bổ lượng	sâm bổ lượng	s	en		
châu lục	châu	s	en	1	a "continent", as regards culture, politics, etc.
châu báu	ngân khố	s	en	1	treasure; valuables
chén	bát	s	en	2	rice bowl
chém gió	chém	s	en	1	to brag; to boast; to lie to get pride and credit
chèo	mái	s	en	1	oar or paddle
chèo	mái chèo	s	en	1	oar or paddle
chém đầu	chặt đầu	s	en	1	to behead; to decapitate
chèng ơi	trời ơi	s	en	1	gosh, golly, golly gee, gee whiz
chèng ơi	trời đất ơi	s	en	1	gosh, golly, golly gee, gee whiz
chèng ơi	mèng ơi	s	en	1	gosh, golly, golly gee, gee whiz
chèng ơi	mèng đéc ơi	s	en	1	gosh, golly, golly gee, gee whiz
chèng ơi	chèng đéc ơi	s	en	1	gosh, golly, golly gee, gee whiz
chèng đéc ơi	trời ơi	s	en	1	gosh, golly, golly gee, gee whiz
chèng đéc ơi	trời đất ơi	s	en	1	gosh, golly, golly gee, gee whiz
chèng đéc ơi	mèng ơi	s	en	1	gosh, golly, golly gee, gee whiz
chèng đéc ơi	mèng đéc ơi	s	en	1	gosh, golly, golly gee, gee whiz
chèng đéc ơi	chèng ơi	s	en	1	gosh, golly, golly gee, gee whiz
chê bai	chê trách	s	en	1	to disparage; to denounce; to deplore; to criticize
chìa vôi	bìm nắp	s	en	4	turpeth ()
chép	chẹp	s	en	4	to tsk tsk; to click the tongue; to tut tut
chê trách	chê bai	s	en	1	to reproach; to disparage; to deplore; to criticize
chê cười	cười chê	s	en	1	to mock; to ridicule; to sneer at; to laugh at
chí chết	chí tử	s	en	1	to death; exhaustingly; excessively
chích	đốt	s	en	2	
chích	tiêm	s	en	3	
chí ít	ít nhất	s	en	1	at least
chí tử	chí chết	s	en	2	to death; exhaustingly; excessively
chí thiết	chí thân	s	en	1	intimate; very close; deeply familiar
chín	sống	a	en	2	well done
chín	xanh	a	en	3	ripe;  in full bloom
chín	non	a	en	3	ripe;  in full bloom
chín	xanh lè	a	en	3	ripe;  in full bloom
chính biến	đảo chính	s	en	1	
chính diện	phản diện	a	en	2	being a literary protagonist or hero(heroine|ine)
chính phủ	chính quyền	s	en	1	government
chính nghĩa	công lí	s	en	1	
chính nghĩa	lẽ phải	s	en	1	
chính khách	nhà chính trị	s	en		
chính khách	chính trị gia	s	en		
chính quyền	chính phủ	s	en	1	government
chính quốc	mẫu quốc	s	en	1	metropolis, colonizing country
chính phái	tà phái	a	en	1	|_|fiction|martial arts}} a good or just sect
chính ra	thực ra	s	en	1	
chính trị gia	chính khách	s	en		
chính trị gia	nhà chính trị	s	en		
chính xác	chuẩn xác	s	en	1	
chính xác	đích xác	s	en	1	
chính trị viên	chính uỷ	s	en	1	political commissar
chíp	chiếp	s	en		
chíp chíp	sò lụa	s	en	1	undulate venus, ,
chíu chít	ríu rít	s	en	1	to cheep, peep
chíu chít	chi chít	s	en	2	densely clustered (on the tree)
chó sói	sói	s	en	1	
chó chăn cừu đức	béc-giê	s	en		
chôm chôm	bọt biển	s	en	2	sponge
chó đẻ	chó má	s	en	1	objectionable, despicable
chôn cất	chôn	s	en	1	to bury the dead
chôn cất	mai táng	s	en	1	to bury the dead
chõ	xửng	s	en	1	
chùm bao	lạc tiên	s	en	1	()
chú	cháu	a	en	5	
chú	con	a	en	7	I/me, a man who's presumably slightly younger than your parents
chú	em	s	en	11	
chú	anh	a	en	11	
chú	tôi	a	en	11	
chú ý	lưu ý	s	en	1	to notice; to take note of
chú ý	coi chừng	s	en	1	to notice; to take note of
chú ý	chú tâm	s	en	2	to focus on
chú ý	để ý	s	en		
chúng	tụi	s	en	1	
chúng mày	bay	s	en	1	you (''second-person plural'')
chúc mừng năm mới	ăn	s	en		
chúc mừng năm mới	tết	s	en		
chúc mừng năm mới	vui vẻ	s	en		
chúng ta	mình	s	en	1	we/us ; compare
chúng ta	ta	s	en	1	we/us ; compare
chúng ta	tụi mình	s	en	1	we/us ; compare
chúng tôi	bọn tôi	s	en	1	we/us ; compare
chúng tôi	tụi tui	s	en	1	we/us ; compare
chúng tôi	bầy tui	s	en	1	we/us ; compare
chúng tôi	choa	s	en	1	we/us ; compare
chúng tôi	nhà quân	s	en	1	we/us ; compare
chăm chỉ	siêng năng	s	en	1	hard-working; industrious; laborious
chăn	mền	s	en	3	a blanket or a duvet
chũm choẹ	nạo bạt	s	en	1	cymbal
chăn rau	dụ dỗ	s	en	1	to seduce and hook up with a young woman; to play the field
chơi khăm	chơi xỏ	s	en	1	
chơi xỏ	chơi khăm	s	en	1	to play a nasty or dirty trick on somebody; to play a prank on (somebody); to pl
chư	các	s	en	1	
chư	phô	s	en	1	
chưng	của	s	en	5	, , , , , or  }}}}
chưng	ở	s	en	5	, , , , , or  }}}}
chương não	long não	s	en	1	camphor
chướng ngại	cản trở	s	en	1	an ; compare
chướng ngại	rào cản	s	en	1	an ; compare
chạm mặt	chạm ngõ	s	en		
chạm mặt	dạm ngõ	s	en		
chạm ngõ	chạm mặt	s	en		
chạm ngõ	dạm ngõ	s	en		
chả lụa	giò lụa	s	en		
chả giò	nem rán	s	en		
chả giò	chả ram	s	en		
chả	chẳng	s	en		
chả	không	s	en		
chả	đếch	s	en		
chả	đéo	s	en		
chả	cóc	s	en		
chả	ứ	s	en		
chải	đánh	s	en	2	to brush (teeth)
chảnh	kiêu	s	en	1	prim; cocky; hard to please
chải chuốt	trau chuốt	s	en	2	polished; carefully done
chấn chỉnh	chỉnh đốn	s	en	1	to reorganize; to tidy up; to arrange; to revamp
chấn tâm	tâm chấn	s	en	1	epicentre
chất	lượng	a	en	2	quality
chất	hoa	s	en	4	suit
chất dẻo	nhựa	s	en	1	plastic
chất dẻo	mủ	s	en	1	plastic
chậm	nhanh	a	en	1	slow
chậm	mau	a	en	1	slow
chậm	lẹ	a	en	1	slow
chắc	rắn chắc	s	en	1	firm; secure; steady
chắc	kẹ	a	en	1	firm; secure; steady
chắc	lép	a	en	1	firm; secure; steady
chắc	óp	a	en	1	firm; secure; steady
chắc	à	s	en	6	
chắc	nhau	s	en	8	each other, one another
chắc	mình	s	en	9	only
chật	hẹp	s	en	1	having little space, or spanning a small amount of space; cramped, tight, narrow
chật	rộng	a	en	1	having little space, or spanning a small amount of space; cramped, tight, narrow
chậu	thau	s	en	1	basin (for water); pot; vessel
chật ních	rộng rinh	a	en	2	very tight; extremely tight (''having limited space'')
chắc bụng	chắc dạ	s	en		
chắc dạ	chắc bụng	s	en		
chẳng	đâu	s	en		
chẳng	nào	s	en		
chẳng	không	s	en		
chẳng	chả	s	en		
chẳng	đếch	s	en		
chẳng	đéo	s	en		
chẳng	cóc	s	en		
chẳng	ứ	s	en		
chẳng bao lâu	chẳng mấy chốc	s	en	1	in no time; very soon; shortly
chằn	nới	s	en	3	to widen and loosen something
chằm	đầm	s	en	1	swamp, lagoon
chằm	khâu	s	en	2	to sew
chẹt	chẽn	s	en	4	close-fitting; tight-fitting; body-hugging
chẹt	xó	s	en	5	small corner; nook
chẳng mấy chốc	chẳng bao lâu	s	en	1	in no time
chặc	tặc	s	en	1	to click, to clack, to make sound with the tongue
chặt đầu	chém đầu	s	en	1	to behead; to decapitate
chẹo	cơi	s	en	1	
chẳng trách	thảo nào	s	en	1	no wonder
chẳng trách	hèn chi	s	en	1	no wonder
chẽn	chẹt	s	en	1	short and tight-fitting (of clothes)
chẽn	thụng	a	en	1	short and tight-fitting (of clothes)
chẽn	thẹn	s	en	2	shy, ashamed
chẽn	bẽn lẽn	s	en	2	shy, ashamed
chế nhạo	chế giễu	s	en	1	to mock; to ridicule; to deride
chế độ cũ	nguỵ	s	en	2	South Vietnam
chết	sống	a	en	1	to die; to decease; to perish
chết	thôi chết	s	en	7	crap; shoot
chết	ấy chết	s	en	7	crap; shoot
chết	chết cha	s	en	7	crap; shoot
chết	chết mẹ	s	en	7	crap; shoot
chết	tử	s	en		
chết	vong	s	en		
chết	mất	s	en		
chết	qua đời	s	en		
chết	lìa đời	s	en		
chết	từ trần	s	en		
chết	tạ thế	s	en		
chết	khuất núi	s	en		
chết	hi sinh	s	en		
chết	ngã xuống	s	en		
chết	tử vong	s	en		
chết	thiệt mạng	s	en		
chết	băng hà	s	en		
chết	viên tịch	s	en		
chết	thác	s	en		
chết	đi	s	en		
chết	ra đi	s	en		
chết	đi xa	s	en		
chết	nằm xuống	s	en		
chết	hẹo	s	en		
chết	ngủm	s	en		
chết	toi	s	en		
chết	tiêu	s	en		
chết	teo	s	en		
chết	tèo	s	en		
chết	tịch	s	en		
chết	đi đời nhà ma	s	en		
chết	bay màu	s	en		
chết	đứt bóng	s	en		
chết	xuống lỗ	s	en		
chết cha	chết mẹ	s	en	1	doh; oops; whoops; crap
chết cha	chết	s	en	1	doh; oops; whoops; crap
chết cha	thôi chết	s	en	1	doh; oops; whoops; crap
chết cha	chết dở	s	en	1	doh; oops; whoops; crap
chết ngất	chết giấc	s	en	1	to faint; to black out; to pass out
chếch lệch	chênh lệch	s	en	1	deviated, unbalanced, improper
chỉ	canh	a	en	2	weft; woof
chỉ	trỏ	s	en	4	to point
chỉ ... thôi	chỉ	s	en		
chỉ dụ	chiếu chỉ	s	en	1	
chỉ trích	phê phán	s	en	1	{{l|en|to criticize; to find fault (with); to censure; to denounce
chỉ trích	chê trách	s	en	1	{{l|en|to criticize; to find fault (with); to censure; to denounce
chị	chị gái	s	en	1	an elder sister
chị	chị họ	s	en	2	a female cousin who's descended from an ancestor who is/was an older sibling to 
chị	anh	s	en	11	you, the high schoolgirl reading this textbook
chị	em	s	en	11	you, the high schoolgirl reading this textbook
chỉnh đốn	chấn chỉnh	s	en	1	
chị ấy	ả	s	en	1	she
chị ấy	chỉ	s	en	1	she
chị gái	chị	s	en	1	elder sister
chọn	kén	s	en		
chọn	lựa	s	en		
chọi	ném	s	en	4	
chọc lét	cù	s	en	1	to tickle
chốn	nơi	s	en	1	place; spot; destination
chốn	chỗ	s	en	1	place; spot; destination
chỗ	nơi	s	en	3	
chỗ	chốn	s	en	3	
chồm hỗm	ngồi xổm	s	en	1	be in squatting state
chớp	sét	s	en	1	lightning
chớ	đừng	s	en	2	do not
chộ	thấy	s	en	1	to see
chỗ ngồi	địa điểm	s	en	2	a location
chờ mong	mong chờ	s	en	1	to expect; to await
chụp mũ	vu khống	s	en		
chụp ếch	ngã	s	en	2	to trip; to fall over
chụp ếch	té	s	en	2	to trip; to fall over
chợn	rợn	s	en	1	to have such a fear that one's body starts shivering
chủ nghĩa xi-ôn	chủ nghĩa xi-ôn-nít	s	en	1	Zionism
chủ nghĩa xi-ôn	chủ nghĩa phục quốc do thái	s	en	1	Zionism
chủ nghĩa xi-ôn	chủ nghĩa do thái phục quốc	s	en	1	Zionism
chủ nghĩa xi-ôn-nít	chủ nghĩa xi-ôn	s	en	1	Zionism
chủ nghĩa xi-ôn-nít	chủ nghĩa phục quốc do thái	s	en	1	Zionism
chủ nghĩa xi-ôn-nít	chủ nghĩa do thái phục quốc	s	en	1	Zionism
chủ nghĩa do thái phục quốc	chủ nghĩa xi-ôn	s	en	1	Zionism
chủ nghĩa do thái phục quốc	chủ nghĩa xi-ôn-nít	s	en	1	Zionism
chủ nghĩa do thái phục quốc	chủ nghĩa phục quốc do thái	s	en	1	Zionism
chủ nghĩa duy tâm	chủ nghĩa duy vật	a	en	1	idealism
chủ nghĩa chủng tộc	chủ nghĩa phân biệt chủng tộc	s	en	1	racism
chủ nghĩa phân biệt chủng tộc	chủ nghĩa chủng tộc	s	en	1	racism
chủ nghĩa tân tự do	chủ nghĩa tự do mới	s	en	1	neoliberalism
chủ nghĩa tiêu thụ	chủ nghĩa tiêu dùng	s	en	1	consumerism
chủ nghĩa tiêu dùng	chủ nghĩa tiêu thụ	s	en	1	consumerism
chủ nghĩa xã hội	xã hội chủ nghĩa	s	en	1	socialism
chủ nghĩa tư bản	tư bản chủ nghĩa	s	en		
chủ nghĩa đế quốc	đế quốc chủ nghĩa	s	en		
chủ nợ	con nợ	a	en		
chủ nghĩa tự do mới	chủ nghĩa tân tự do	s	en	1	neoliberalism
chủ quan	khách quan	a	en	1	subjective
chủ tịch đoàn	đoàn chủ tịch	s	en	1	presidium
chủ soái	chủ tướng	s	en	1	
chủ từ	chủ ngữ	s	en	1	
chủ tướng	chủ soái	s	en	1	
chủ điền	điền chủ	s	en	1	
chứng cứ	bằng cớ	s	en	1	evidence; proof
chữ nôm	quốc âm	s	en	1	a historical writing system derived from Chinese characters that was once used t
chữ	văn tự	s	en	2	a
chữ trung quốc	chữ hán	s	en		
chữ trung quốc	chữ nho	s	en		
chữ nho	chữ hán	s	en	1	Chinese character
chữ nho	chữ tàu	s	en	1	Chinese character
chữ nho	hán tự	s	en	1	Chinese character
chữ hán	chữ nho	s	en	1	a
chữ hán	chữ tàu	s	en	1	a
chữ hán	hán tự	s	en	1	a
chữ cái	mẫu tự	s	en	1	a
chừng	khoảng	s	en	3	about; approximately
chừng	cỡ	s	en	3	about; approximately
chừng	độ	s	en	3	about; approximately
chữ tàu	chữ nho	s	en	1	a Chinese character
chữ tàu	chữ hán	s	en	1	a Chinese character
chữ tàu	hán tự	s	en	1	a Chinese character
chừng nào	khi nào	s	en	1	when
chừng nào	bao giờ	s	en	1	when
chữ thập	thập tự	s	en	1	the Chinese character
chữ thảo	thảo thư	s	en	1	grass script
chữ hành	hành thư	s	en	1	semi-cursive script
chữ khải	khải thư	s	en	1	regular script
code	mã	s	en	1	
coi mắt	xem mặt	s	en	1	to meet with a date via a dating service
coi sóc	trông nom	s	en	1	to look after; to take care of; to nurture
coi bói	xem bói	s	en	1	to consult a fortune-teller; to have one's fortune tell|told
com lê	âu phục	s	en		
con	thằng	a	en	10	
con gái	cô gái	s	en		
con nợ	chủ nợ	a	en		
cong	thẳng	s	en	2	homosexual
con tạo	tạo hoá	s	en	1	the Creator
copy	sao chép	s	en	1	to
cua	cưa	s	en	2	to take out a girl
cu li	cù lần	s	en	3	loris
coóc-xê	xu-chiêng	s	en		
coóc-xê	nịt vú	s	en		
cu-lắc	phú nông	s	en		
cung	cầu	a	en		
cung cấp	cung ứng	s	en	1	to supply; to provide
cung cấm	cấm cung	s	en	1	forbidden city, forbidden palace
cuốn	quyển	s	en	3	''indicates books''
cuối	cuối cùng	s	en	3	final, last
cuối	đầu	a	en	3	final, last
cuối	đầu tiên	a	en	3	final, last
cuối cùng	cuối	s	en	1	final; last; ultimate
cuối cùng	rốt	s	en	1	final; last; ultimate
cuối cùng	chót	s	en	1	final; last; ultimate
cung ứng	cung cấp	s	en	1	to supply; to provide
cuồng	điên	s	en	1	
cuồng	khùng	s	en	1	
cuồng	man	s	en	1	
cuồng	mát	s	en	1	
cuồng	hâm	s	en	1	
cuồng	thần kinh	s	en	1	
cuỗm	trộm	s	en	1	to steal; to snatch; to rob
cuỗm	rinh	s	en	1	to steal; to snatch; to rob
cà dái dê	cà tím	s	en		
cuộc thế	thế cuộc	s	en	1	life; world situation
cuộc thế	thế cục	s	en	1	life; world situation
cà rem	kem	s	en	1	ice cream
cà nhắc	khập khiễng	s	en	1	to limp; walk limpingly due to injuries
cà lem	kem	s	en	1	
cà na	bùi	s	en		
cà na	trám	s	en		
cà tím	cà dái dê	s	en		
càn	kiền	s	en	4	the first trigram of the  in Taoist cosmology
cào bằng	đánh đồng	s	en	1	to see something/somebody as uniform and of no diverse grades or classes
cá bơn	cá thờn bơn	s	en	1	flatfish; sole
cá chuối	cá quả	s	en	1	snakehead
cá chuối	cá lóc	s	en	1	snakehead
cá chuối	cá tràu	s	en	1	snakehead
cá ba đuôi	cá vàng	s	en	1	goldfish
cá kiếm	cá đao	s	en		
cá hổ kình	cá kình	s	en	1	killer whale
cá hổ kình	cá voi sát thủ	s	en	1	killer whale
cá cóc	kì giông	s	en	1	salamander
cá hẻn	cá trê	s	en	1	airbreathing catfish
cá chẽm	cá vược	s	en	1	a barramundi
cá hố	cá đao	s	en	1	largehead hairtail, cutlassfish ()
cá cúi	cá nược	s	en	1	dugong ()
cá kình	kình ngư	s	en	1	whale
cá kình	cá voi	s	en	1	whale
cá kình	cá hổ kình	s	en	2	killer whale
cá kình	cá voi sát thủ	s	en	2	killer whale
cá lóc	cá quả	s	en	1	snakehead
cá lóc	cá chuối	s	en	1	snakehead
cá lóc	cá tràu	s	en	1	snakehead
cá lác	thòi lòi	s	en	1	mudskipper
cá quả	cá chuối	s	en	1	snakehead
cá quả	cá lóc	s	en	1	snakehead
cá quả	cá tràu	s	en	1	snakehead
cá rô	cá rô đồng	s	en	1	climbing perch
cá nược	cá cúi	s	en	2	dugong
cá trê	cá hẻn	s	en	1	airbreathing catfish
cá tràu	cá quả	s	en	1	snakehead
cá tràu	cá chuối	s	en	1	snakehead
cá tràu	cá lóc	s	en	1	snakehead
cá thát lát	thát lát	s	en	1	bronze featherback
cá thể	cá nhân	s	en		
cá sộp	cá quả	s	en	1	snakehead
cá sộp	cá chuối	s	en	1	snakehead
cá sộp	cá lóc	s	en	1	snakehead
cá sộp	cá tràu	s	en	1	snakehead
cá thờn bơn	cá bơn	s	en	1	a fish of the taxonomic order : the flatfish, including flounders, soles, turbot
cá thờn bơn	thờn bơn	s	en	1	a fish of the taxonomic order : the flatfish, including flounders, soles, turbot
cá đao	cá kiếm	s	en	2	swordfish
cá đao	cá hố	s	en	4	certain species of cutlassfish (esp. )
cá voi	cá kình	s	en	1	whale
cá voi	cá ông	s	en	1	whale
cá vàng	cá ba đuôi	s	en	1	goldfish
cá voi sát thủ	cá hổ kình	s	en	1	a killer whale
cá voi sát thủ	cá kình	s	en	1	a killer whale
cá ông	cá voi	s	en	1	whale
cá ông	cá kình	s	en	1	whale
cá vược	cá chẽm	s	en	1	a barramundi
các tông	giấy bồi	s	en	1	
các tông	bìa cứng	s	en	1	
cái	đồ	s	en	4	utensil for
cái	con	s	en	8	
cái	nhỏ	s	en	8	
cái	bé	s	en	8	
cái	gái	s	en		
cái	nữ	s	en		
cái	mái	s	en		
cách thức	phương thức	s	en	1	a manner; way of doing
cái búa	cái con khỉ	s	en	2	
cái con khỉ	cái búa	s	en	2	
cái tôi	bản ngã	s	en	1	an ego
cánh tay	tay	s	en	1	arm
cánh tả	tả phái	s	en	1	left-wing
cánh tả	cánh hữu	a	en	1	left-wing
cánh hữu	hữu phái	s	en	1	right-wing
cánh hữu	cánh tả	a	en	1	right-wing
cánh quạt	chân vịt	s	en	1	propeller
cánh cam	bọ rùa	s	en	1	ladybug/ladybird
cân	kí	s	en	2	kilogram
cân	ki lô	s	en	2	kilogram
cát-xê	thù lao	s	en	1	remuneration, honorarium
câu	cú	s	en	2	sentence; expression; line
cân nặng	khối lượng	s	en	1	weight
câu rút	thánh giá	s	en	1	Cross
cây số	kilômét	s	en	2	kilometer/kilometre
cây số	kilômet	s	en	2	kilometer/kilometre
cây số	ki-lô-mét	s	en	2	kilometer/kilometre
cây	thanh	s	en	5	
cây nô-el	cây nô-en	s	en		
cây nô-en	cây nô-el	s	en		
cây trinh nữ	cây xấu hổ	s	en	1	sensitive plant
cây trinh nữ	cây mắc cỡ	s	en	1	sensitive plant
cây mắc cỡ	cây trinh nữ	s	en	1	sensitive plant
cây mắc cỡ	cây xấu hổ	s	en	1	sensitive plant
còi	gầy	s	en	4	skinny; bony
còi	ốm	s	en	4	skinny; bony
còi	ròm	s	en	4	skinny; bony
còi	tóm	s	en	4	skinny; bony
cây xấu hổ	cây trinh nữ	s	en	1	sensitive plant
cây xấu hổ	cây mắc cỡ	s	en	1	sensitive plant
cây xăng	trạm xăng	s	en	1	
cây ăn quả	cây ăn trái	s	en	1	fruit tree
cây ăn trái	cây ăn quả	s	en	1	fruit tree
cò cò	lò cò	s	en	2	to play the hopscotch
có	sở hữu	s	en	1	to have, to possess
có	nợ	a	en	3	the left side of the balance sheet records the existing capital (fixed capital, 
có	chỉ	s	en	8	just, only
còn	hết	a	en	1	to remain; to be left; to still have or exist
còn	mất	a	en	2	to be alive
có thể	không thể	a	en	1	possibly
có thể	chẳng thể	a	en	1	possibly
có thể	đâu thể	a	en	1	possibly
có mặt	hiện diện	s	en	1	to be present (at)
có mặt	vắng mặt	a	en	1	to be present (at)
có gì đâu	không có gì	s	en	1	nothing, nothing important
có thửa	thửa có	s	en	1	to have; to possess
có tuổi	lớn tuổi	s	en	1	advanced in years; aged; elderly; old
có tuổi	già	s	en	1	advanced in years; aged; elderly; old
cô	cháu	a	en	2	
cô	con	a	en	2	
cô	em	s	en	6	you, a  who's (presumably) slightly younger than me
cô	anh	a	en	6	you, a  who's (presumably) slightly younger than me
cô	tôi	a	en	6	you, a  who's (presumably) slightly younger than me
cô	chị	s	en	8	you, a  woman
cô	cô nương	s	en	10	or }}
cô	em	a	en	13	I/me, your older female teacher
cô	o	s	en		
cô bé	con bé	s	en	1	little miss, young lady
cô bé	cậu nhỏ	a	en	2	vulva, vagina
có ích	hữu ích	s	en		
có vú	hữu nhũ	s	en	1	mammalian
cô giáo	cô	s	en	1	female teacher
cô ấy	ả	s	en	1	she
cô ấy	cổ	s	en	1	she
cô gái	con gái	s	en		
cô nhi viện	trại trẻ mồ côi	s	en	1	orphanage
côi	trên	s	en	2	on; above
công chức	công vụ viên	s	en	1	public servant; civil servant
côn nhị khúc	nhị khúc côn	s	en	1	nunchucks
công cụ	dụng cụ	s	en	1	tool
công hữu	tư hữu	a	en	1	publicly owned; public
công lí	lẽ phải	s	en		
công lí	chính nghĩa	s	en		
công lí	chánh nghĩa	s	en		
công nhận	đồng ý	s	en	2	to agree
công lợi	công ích	s	en	1	the public good; the common good; the public interest
công ta	hợp đồng	s	en		
công ta	khế ước	s	en		
công truyền	tâm truyền	a	en	1	exoteric
công ích	công lợi	s	en	1	public interest; public welfare; public benefit
công vụ viên	công chức	s	en	1	public servant; civil servant
cõi âm	âm phủ	s	en	1	the world of the dead
cùn	sắc	a	en	1	blunt
cùi	hủi	s	en	2	leprosy
cùi	phong	s	en	2	leprosy
cù lần	cu li	s	en	1	loris
cùi dìa	muỗng	s	en	1	spoon
cùi dìa	thìa	s	en	1	spoon
cùm kẹp	kìm hãm	s	en	1	to restrain, as if restrained by fetters in confinement
cùm kẹp	cưỡng chế	s	en	1	to restrain, as if restrained by fetters in confinement
cú	kí	s	en	3	to knuckle one's head
cú	cốc	s	en	3	to knuckle one's head
cùng nhau	với nhau	s	en		
cùng khổ	khốn khổ	s	en		
cùng khổ	khốn cùng	s	en		
cùng khổ	khốn đốn	s	en		
cùng khổ	khốn nạn	s	en		
cùng khổ	mạt kiếp	s	en		
cùng khổ	khốn kiếp	s	en		
cún	cún con	s	en	1	a
cút	cun cút	s	en	1	quail
cút	phắn	s	en		
cút	xéo	s	en		
cút	biến	s	en		
cút	cuốn gói	s	en		
cúp	trốn	s	en	3	to play truant; to play hooky
cúp	cắt	s	en	4	to cease to provide (electricity or water supply)
cúp	ngắt	s	en	5	to switch off (a breaker or fuse)
cúi	lợn	s	en	1	pig
cúi	heo	s	en	1	pig
cúm	cúm núm	s	en	2	crabs of the genus
cún con	cún	s	en	1	a
cúm núm	cúm	s	en	1	crabs of the genus
căm	nan hoa	s	en	2	spoke
căn cước	chứng minh thư	s	en	1	an identity card
căn cước	giấy chứng minh	s	en	1	an identity card
căn cứ	dựa	s	en	3	to base on
cũ kĩ	cũ mèm	s	en	1	old; out of date
cũ kĩ	cũ rích	s	en	1	old; out of date
cũ kĩ	mới mẻ	a	en	1	old; out of date
cũ kĩ	mới tinh	a	en	1	old; out of date
cũ kĩ	mới coong	a	en	1	old; out of date
cũ kĩ	mới toanh	a	en	1	old; out of date
căn thức	căn	s	en	1	a
căng-gu-ru	chuột túi	s	en	1	a kangaroo
căn tố	gốc	s	en	1	root
cơ	kìa	s	en	4	
cũi	chạn	s	en	3	kitchen cupboard, pantry
cơ mà	nhưng	s	en		
cơ mà	nhưng mà	s	en		
cơ sở	nền tảng	s	en	1	foundation; base; basis (of an idea or the like)
cơ sở	nền móng	s	en	1	foundation; base; basis (of an idea or the like)
cơ sở hạ tầng	kiến trúc thượng tầng	a	en	2	base, basis, foundation
cơn	nỗi	s	en		
cơn	trận	s	en		
cơm sườn	cọng sả	s	en	2	''cộng sản''; communists
cương	dây cương	s	en	1	reins
cương	nứng	s	en	2	erect
cương thi	thây ma	s	en		
cưng	chiều	s	en	1	to indulge; to pamper; to spoil; to coddle excessively (''especially a child or 
cươi	sân	s	en	1	yard
cướp biển	hải tặc	s	en	1	a
cưới	lấy	s	en	1	to marry; to wed
cưới	kết hôn	s	en	2	to get married
cước	cú đá	s	en	1	kick
cước	đòn đá	s	en	1	kick
cước	đòn chân	s	en	1	kick
cước	thoái	s	en	1	kick
cười chê	chê cười	s	en	1	to mock; to ridicule; to sneer at; to laugh at
cưỡng	cà cưỡng	s	en	1	a  ()
cưỡng	sáo sậu	s	en	1	a  ()
cạc vi-dít	danh thiếp	s	en		
cạc-táp	cặp táp	s	en		
cạn	nốc	s	en	3	to down
cưỡng hiếp	hãm hiếp	s	en	1	to rape
cưỡng hiếp	hiếp dâm	s	en	1	to rape
cưỡng hiếp	cưỡng dâm	s	en	1	to rape
cưỡng dâm	hiếp dâm	s	en	1	to rape
cưỡng dâm	cưỡng hiếp	s	en	1	to rape
cưỡng dâm	hãm hiếp	s	en	1	to rape
cưỡng ép	cưỡng bức	s	en	1	to force
cạnh	kề	s	en	3	right next to; beside
cạnh	kế	s	en	3	right next to; beside
cạnh	bên	s	en	3	right next to; beside
cạnh	bên cạnh	s	en	3	right next to; beside
cạy	nạy	s	en	1	to pry, to prize, to prise
cạy	bát	a	en	2	to steer (a boat) leftward
cạn chén	trăm phần trăm	s	en	2	let's down our (alcoholic) drinks
cải bắp	bắp cải	s	en	1	cabbage
cả	hai	s	en	3	
cả	út	a	en	3	
cả gan	to gan	s	en	1	bold, fearless, audacious
cải bó xôi	rau chân vịt	s	en	1	spinach
cải bó xôi	rau bina	s	en	1	spinach
cải củ	củ cải	s	en	1	radish|Radish (, syn. ), particularly the Vietnamese varieties of daikon, the Ea
cảm	thấy	s	en	1	to feel
cảm	cảm thấy	s	en	1	to feel
cải xanh	cải bẹ xanh	s	en	1	brown mustard, Indian mustard )}}
cảm nắng	say nắng	s	en		
cảm từ	thán từ	s	en	1	interjection
cảm phiền	mạn phép	s	en	1	excuse me
cảm sương	hàn	s	en	1	cold air that enters the body and causes a variety of symptoms and illnesses
cảm sương	hàn tà	s	en	1	cold air that enters the body and causes a variety of symptoms and illnesses
cảnh	ông can	s	en	10	cop
cảnh	cớm	s	en	10	cop
cản	ngăn	s	en	1	to prevent; to bar; to hinder
cảng hàng không	sân bay	s	en		
cảng hàng không	phi trường	s	en		
cảnh sát hình sự	hình sự	s	en		
cảnh sát hình sự	tội phạm	a	en		
cảy	sưng	s	en	1	be swollen
cảo thơm	kiểu thơm	s	en	1	a manuscript kept in aromatics in order to be preserved from insects;  literary 
cấp 3	trung học phổ thông	s	en	2	(senior) high school education
cấp 3	người lớn	s	en	3	pornographic
cấp tính	cấp	s	en	1	acute
cầm thú	thú tính	s	en	2	
cầm thú	thú vật	s	en	2	
cầm điểu	chim chóc	s	en	1	birds
cần nước	rau cần	s	en		
cần tăng dân số	cu	s	en	1	a penis, a dick
cần tăng dân số	chim	s	en	1	a penis, a dick
cần tăng dân số	cặc	s	en	1	a penis, a dick
cần tăng dân số	buồi	s	en	1	a penis, a dick
cần tăng dân số	dương vật	s	en	1	a penis, a dick
cầu lông	vũ cầu	s	en	1	badminton
cầu gai	nhum	s	en	1	sea urchin
cầu dao	aptomat	s	en		
cầu vồng	lẹm	s	en	1	rainbow
cầu thang	thang	s	en	1	a staircase; flight of stairs
cầu thang	thang bộ	s	en	1	a staircase; flight of stairs
cầy	cốc	s	en	3	
cầy	kơ nia	s	en	3	
cầu tuột	cầu trượt	s	en	1	a slide
cầu trượt	cầu tuột	s	en	1	a slide
cẩu	chó	s	en	1	
cẩu	ki	s	en	1	
cẩu	khuyển	s	en	1	
cận	viễn	a	en	2	
cẩm thạch	đá hoa	s	en	1	marble
cẩn	dâm bụt	s	en	1	hibiscus
cẩn	râm bụt	s	en	1	hibiscus
cẩn	bông bụp	s	en	1	hibiscus
cật	thận	s	en	1	kidney
cậu	cháu	a	en	6	you, my mother's brother
cậu	tớ	a	en	7	you, my peer who I know is as old as me
cậu	tôi	a	en	8	you, a male younger than me
cậu nhỏ	thằng em	s	en	1	penis
cậu nhỏ	đèn dầu	s	en	1	penis
cậu nhỏ	cô bé	a	en	1	penis
cận thị	cận	s	en	1	short-sighted; near-sighted; myopic
cận thị	viễn thị	a	en	1	short-sighted; near-sighted; myopic
cập vật	bất cập vật	a	en	1	transitive
cắn	đốt	s	en	3	to sting, to bite
cắc kè	tắc kè	s	en	1	gecko
cắng	bồ câu	s	en	1	certain species of pigeons or doves
cắng	câu	s	en	1	certain species of pigeons or doves
cắng	cu	s	en	1	certain species of pigeons or doves
cắng	trĩ	s	en	2	certain species of pheasants
cắc củm	dè sẻn	s	en	1	to economise; to spend sparingly
cắc củm	chắt chiu	s	en	1	to economise; to spend sparingly
cằn cỗi	cỗi cằn	s	en	1	barren; infertile; nonarable
cằn	cầy	s	en	3	to plough
cằn	cày	s	en	3	to plough
cặc	buồi	s	en	1	cock, prick, dick
cặc	cu	s	en	1	cock, prick, dick
cặp táp	cạc-táp	s	en	1	briefcase
cẳng	chân	s	en	1	leg
cẳng	giò	s	en	1	leg
cẳng chân	ống chân	s	en	1	lower leg; shank
cọp	hổ	s	en	1	tiger
cọp	hùm	s	en	1	tiger
cọp	kễnh	s	en	1	tiger
cọp	khái	s	en	1	tiger
cố	cụ	s	en	1	
cố	cụ bà	s	en	1	
cố	cụ ông	s	en	1	
cọc	đặt cọc	s	en	3	to put down a deposit
cọc cạch	cót két	s	en	3	clattering
cọc cạch	cọt kẹt	s	en	3	clattering
cỏ cây	cây cỏ	s	en	1	plants
cọng sả	cơm sườn	s	en	2	''cộng sản''; communists
cốc	bồ cốc	s	en	2	cormorant
cốc	cồng cộc	s	en	2	cormorant
cốc	cầy	s	en	4	
cốc	kơ nia	s	en	4	
cốc	gõ	s	en	7	to knock (on the head) using one's knuckle
cố ý	cố tình	s	en	1	to do (something) intentionally; to do (something) on purpose
cố hương	quê nhà	s	en	1	hometown; birthplace
cố hương	quê cũ	s	en	1	hometown; birthplace
cốt tuỷ	tuỷ xương	s	en	1	bone marrow
cồn	nghĩa địa	s	en	4	graveyard; cemetery
cồn	nghĩa trang	s	en	4	graveyard; cemetery
cồng	cồn	s	en	1	gong
cồng	chiêng	s	en	1	gong
cồng	chinh	s	en	1	gong
cồn cát	đụn cát	s	en		
cổ nhân	tiền nhân	s	en	1	forefather; ancient
cổ vũ	cổ động	s	en	1	to cheer, to provide emotional support to, to boost morale for or to promote
cổ quái	li kì	s	en	1	weird, bizarre
cổ quái	kì quái	s	en	1	weird, bizarre
cổ sơ	tiền sử	s	en	1	primitive; prehistoric; primordial
cổ đại	cổ	s	en	1	ancient
cổ động	cổ vũ	s	en	1	to cheer someone
cộng hoà	dân quốc	s	en	1	a republic
cộng	thêm	s	en		
cội	cỗi	s	en	1	root
cỗi cằn	cằn cỗi	s	en	1	barren
cớm	cảnh	s	en	1	a cop
cớm	ông can	s	en	1	a cop
cột trụ	trụ cột	s	en	1	backbone, cornerstone, pillar
cộng đồng mạng	dân mạng	s	en	1	the Internet community
cởi	mặc	a	en	1	to take off
cởi	đi	a	en	1	to take off
cởi	mang	a	en	1	to take off
cởi	đeo	a	en	1	to take off
cởi	gỡ	s	en	3	to undo (a knot)
cờ mù	cờ tưởng	s	en	1	blindfold chess
cờ tưởng	cờ mù	s	en	1	blindfold chess
cục	nóng	s	en	3	short-tempered; hotheaded
cỡ	khoảng	s	en	2	about; approximately
cỡ	chừng	s	en	2	about; approximately
cỡ	độ	s	en	2	about; approximately
cụ thể	chung chung	a	en	1	specific; detailed
cụ thể	đại khái	a	en	1	specific; detailed
cụ thể	trừu tượng	a	en	2	concrete
củ	chai	s	en	4	one million dongs
cục tác	cục ta cục tác	s	en		
cục ta cục tác	cục tác	s	en		
cụt lủn	cộc lốc	s	en	2	curt; terse; brief
củ đậu	sắn	s	en	1	jicama
củ cải	cải củ	s	en	1	radish (, syn. ), particularly the Vietnamese varieties of daikon, the East Asia
củ từ	khoai từ	s	en	1	lesser yam ()
cứt	phân	s	en	1	
cứng	rắn	s	en	1	hard; firm; rigid
cứng	mềm	a	en	1	hard; firm; rigid
cứ	căn cứ	s	en	1	to pursue
cứ	chiếu theo	s	en	1	to pursue
cứ	bất chấp	s	en	2	no matter what
cứng họng	cứng miệng	s	en	1	speechless; tongue-tied; dumbstruck
cứng miệng	cứng họng	s	en	1	speechless; tongue-tied; dumbstruck
cừ	xuất sắc	s	en	5	excellent; outstanding; smart
cừu	trừu	s	en	1	
cửa hàng	hiệu	s	en		
cửa hàng	tiệm	s	en		
cửa hàng tạp hoá	tiệm tạp hoá	s	en	1	grocery store, grocery
cự đà	kì nhông	s	en	1	iguana
cực khổ	khổ cực	s	en	1	hard; unhappy; unfortunate; miserable
cực đại	cực tiểu	a	en	1	a maximum
cực tiểu	cực đại	a	en	1	a minimum
cực tím	tử ngoại	s	en	1	ultraviolet
danh	tiếng	s	en	1	the state of being well-known; reputation, renown, fame, infamy, etc.
dang dở	dở dang	s	en	1	unfinished; uncompleted
da-ua	sữa chua	s	en	1	yoghurt
danh từ	thuật ngữ	s	en	2	term
danh động từ	động danh từ	s	en	1	a
dinh	dinh thự	s	en	1	a mansion
di duệ	hậu duệ	s	en	1	descendant, offspring
diều	diều hâu	s	en	2	}}
diêm tiêu	tiêu thạch	s	en	1	nitre; saltpetre; potassium nitrate
diễn ca	diễn âm	s	en	1	a historical category of texts that aim to versify works written in Literary Chi
diệp lục tố	chất diệp lục	s	en		
diện mạo	mặt mũi	s	en	1	facial appearance
diện mạo	ngoại hình	s	en	2	appearance, look, impression or vibes
do đó	vì thế	s	en	1	
doanh số	doanh thu	s	en	1	business turnover; sales; revenue
do thám	thám thính	s	en	1	to snoop around; to scout
dung dị	bình dị	s	en	1	relaxing; easy-going
dung nhan	dung mạo	s	en	1	
duyên hải	ven biển	s	en	1	of coastal areas
duy vật	duy tâm	a	en	1	materialist
duy tâm	duy vật	a	en	1	idealist
duyên số	duyên phận	s	en	1	fate in romantic relationships
dài	trường	s	en	1	long
dài	ngắn	a	en	1	long
dào	dào ôi	s	en	2	nah, expressed as a denial
dài dòng	ngắn gọn	a	en	1	verbose, lengthy
dàu	héo	s	en	1	withered
dàu	úa	s	en	1	withered
dài hạn	ngắn hạn	a	en	1	long-term
dám	khóc	s	en	3	to weep, to cry
dày cộp	mỏng dính	a	en	1	excessively thick
dát	thếp	s	en	2	to overlay; to plate
dâm bụt	râm bụt	s	en	1	hibiscus
dâm bụt	bông bụp	s	en	1	hibiscus
dâm bụt	cẩn	s	en	1	hibiscus
dân chủ	vi	s	en	1	democratic
dân chủ	dân quyền	s	en	1	democratic
dân binh	dân quân	s	en	1	militia
dân dã	bình dân	s	en	1	informal and familiar, or even  evoking simplicity
dân quân	dân binh	s	en	1	militia
dân quyền	vi	s	en	2	democracy
dân quyền	dân chủ	s	en	2	democracy
dân chủ tập trung	tập trung dân chủ	s	en		
dân chủ tập trung	tập trung quan liêu	a	en		
dân mạng	cộng đồng mạng	s	en	1	netizens
dân luật	thông luật	a	en		
dân tộc	sắc tộc	s	en	1	ethnic group
dân tộc	tộc người	s	en	1	ethnic group
dâu tằm	dâu	s	en	1	mulberry
dâu tằm	dâu trắng	s	en	1	mulberry
dâu tằm	dâu ta	s	en	1	mulberry
dâu trắng	dâu	s	en		
dâu trắng	dâu tằm	s	en		
dâu	dâu ta	s	en	1	mulberry
dâu	dâu tằm	s	en	1	mulberry
dâu	dâu tây	s	en	2	strawberry
dân ý	ý dân	s	en	1	popular opinion; people's opinions
dân vệ	nhân dân tự vệ	s	en	1	People's Self-Defense Force
dân đen	thường dân	s	en	1	commoner; pleb
dân đen	bình dân	s	en	1	commoner; pleb
dân trị	dân chủ	s	en	1	democracy
dân trị	vi	s	en	1	democracy
dân trị	dân quyền	s	en	1	democracy
dây	vấy	s	en	3	to stain (by ink, blood, etc.)
dây	dính líu	s	en	5	to get involved in something unpleasant
dây	dây dưa	s	en	5	to get involved in something unpleasant
dây an toàn	đai an toàn	s	en	1	safety belt, seat belt
dây nịt	thắt lưng	s	en	1	belt
dây nịt	dây lưng	s	en	1	belt
dãn	nén	a	en		
dãn	co	a	en		
dây sống	động vật có xương sống	s	en		
dãi	dang	s	en	2	to stay in the sun
dã sử	chính sử	a	en	1	unofficial historical texts
dê	dờ	s	en		
dê	đê	s	en		
dê	đờ	s	en		
dãy núi	rặng núi	s	en	1	mountain range
dãy núi	mạch núi	s	en	1	mountain range
dãy núi	sơn mạch	s	en	1	mountain range
dí	đuổi	s	en	1	to chase
dê-rô	không	s	en	1	zero
dìu dặt	dặt dìu	s	en	1	gentle and rhythmic; lilting
dìu dặt	dập dìu	s	en	1	gentle and rhythmic; lilting
dòng	hàng	s	en	2	line
dó	dướng	s	en	1	paper mulberry ()
dóc	dối	s	en	1	to lie
dóc	xạo	s	en	1	to lie
dòng biển	hải lưu	s	en	1	ocean current
dò la	thăm dò	s	en	1	to probe furtively, ask around discreetly, gather intelligence, fish for informa
dôi	thừa	s	en	1	superfluous; residual; excessive
dôi	dư	s	en	1	superfluous; residual; excessive
dù	ô	s	en	1	umbrella
dông tố	bão tố	s	en	1	storms and thunderstorms
dùng dằng	chùng chình	s	en	1	to move reluctantly or indecisively
dông dài	lan man	s	en	1	long-winded; verbose
dông dài	dài dòng	s	en	1	long-winded; verbose
dúi	lận	s	en	2	to stuff that which is substantial into something firmly
dúi	đẩy	s	en	3	to press and push somebody hard
dăm	lưỡi gà	s	en	3	reed
dúm	nhúm	s	en	2	a handful of
dĩ chí	thậm chí	s	en	1	even; to such an extent that
dũng cảm	can đảm	s	en	1	brave; courageous
dũng cảm	gan dạ	s	en	1	brave; courageous
dũng cảm	hèn	a	en	1	brave; courageous
dũng cảm	hèn nhát	a	en	1	brave; courageous
dũng cảm	nhát	a	en	1	brave; courageous
dư	thừa	s	en		
dơ	bẩn	s	en	1	dirty; unclean
dơ dáy	bẩn thỉu	s	en	1	dirty, filthy
dư dật	dư dả	s	en	1	abundant; ample; superfluous
dư dật	dư thừa	s	en	1	abundant; ample; superfluous
dư dật	thiếu thốn	a	en	1	abundant; ample; superfluous
dưa leo	dưa chuột	s	en	1	cucumber
dưa chuột	dưa leo	s	en	1	cucumber
dưa chuột biển	hải sâm	s	en	1	sea cucumber
dưa chuột biển	đồn đột	s	en	1	sea cucumber
dương cầm	pi-a-nô	s	en	1	piano
dưa gang	dưa lưới	s	en	1	kind of cucumber ()
dương gian	dương thế	s	en	1	the mortal world, the world of the living
dương cực	âm cực	a	en	1	anode
dưới	trên	a	en	1	under, below, down
dưới	côi	a	en	1	under, below, down
dương tính	âm tính	a	en	1	
dường như	hình như	s	en	1	to appear; to seem; to look
dướng	dó	s	en	1	paper mulberry ()
dương thế	dương gian	s	en	1	the mortal world, the world of the living
dạ	vâng	s	en	1	yes
dạ	ờ	s	en		
dạ	ừ	s	en		
dượng	trượng	s	en	2	paternal uncle-in-law, father's sister's husband
dược sĩ	dược sư	s	en	1	a
dạ con	tử cung	s	en	1	womb; uterus
dược sư	dược sĩ	s	en	1	a pharmacist
dạng	loại	s	en	2	kind; type
dại	khôn	a	en	3	naive and lacking in common sense
dạm ngõ	chạm mặt	s	en		
dạm ngõ	chạm ngõ	s	en		
dấu	ký hiệu	s	en		
dấu	thanh điệu	s	en		
dấu	thanh	s	en		
dấu chấm hỏi	dấu hỏi	s	en	1	a question mark
dầm	ải	a	en	2	
dầu cháo quẩy	giò cháo quẩy	s	en		
dầu cháo quẩy	quẩy	s	en		
dầu thơm	nước hoa	s	en	1	perfume; scent
dầu hoả	dầu lửa	s	en	1	kerosene
dẫn	cách	a	en	5	to conduct
dẫu	dù	s	en	1	although; despite; in spite of
dập dìu	dặt dìu	s	en	2	melodious, lilting
dập dìu	dìu dặt	s	en	2	melodious, lilting
dặn	nhắc	s	en	1	to remind, to inform
dặt	một	s	en	1	one
dặt dìu	dìu dặt	s	en	2	rhythmically alternate|alternating between fast and slow
dễ	khó	a	en	1	easy
dễ bảo	ngoan ngoãn	s	en	1	obedient; docile; well-behaved
dễ như ăn bánh	dễ như ăn cháo	s	en	1	easy as pie, easy as cake
dễ như ăn bánh	dễ như ăn kẹo	s	en	1	easy as pie, easy as cake
dễ dầu	dễ	s	en	1	easy
dễ dầu	dễ dàng	s	en	1	easy
dềnh dàng	lề mề	s	en	1	dawdle|dawdling; slow and time-wasting
dễ thương	đáng yêu	s	en	1	cute; adorable
dễ thương	dễ ghét	a	en	1	cute; adorable
dễ tính	khó tính	a	en	1	easy to please or figure out; easy-going
dị	thẹn	s	en	2	embarrassed, shy, bashful
dị	mắc cỡ	s	en	2	embarrassed, shy, bashful
dễ sợ	ghê	s	en	2	very; extremely; drastically; at a very high level
dễ sợ	cực kì	s	en	2	very; extremely; drastically; at a very high level
dễ như ăn cháo	dễ như ăn bánh	s	en	1	easy as pie, easy as cake
dễ như ăn cháo	dễ như ăn kẹo	s	en	1	easy as pie, easy as cake
dễ như ăn kẹo	dễ như ăn cháo	s	en	1	easy as pie, easy as cake
dễ như ăn kẹo	dễ như ăn bánh	s	en	1	easy as pie, easy as cake
dịch bệnh	bệnh dịch	s	en	1	epidemic
dịch bệnh học	dịch tễ học	s	en	1	epidemiology
dọi	chọi	s	en	2	to collide; to smash against each other
dọi	đánh	s	en	3	to beat; to strike
dọi	đập	s	en	3	to beat; to strike
dọi	lợp	s	en	4	to thatch (a leaky roof)
dốt	giỏi	a	en	1	ignorant; slow-witted; stupid
dốt	khôn	a	en	1	ignorant; slow-witted; stupid
dỏm	rởm	s	en	1	fake
dở	hay	a	en	2	bad, uninteresting
dở	vừa	s	en	3	half
dỗ	dỗ dành	s	en	1	to soothe or appease (a crying or tantrum-throwing baby)
dỗi	hờn	s	en	1	to be sulky; to be in a sulk
dở dang	dang dở	s	en	1	unfinished; half-done
dợ	tạnh	s	en	1	to stop; to cease
dợn sóng	sóng dợn	s	en	1	ripples; wavy lines (on a surface etc.)
dụng ý	chủ tâm	s	en	1	one's intention
dụng ý	chủ ý	s	en	1	one's intention
dừa	dừa nước	s	en	2	water primrose, especially
dừng	dứt	s	en	3	to stop; to halt
dừng	ngừng	s	en	3	to stop; to halt
dừng	ngưng	s	en	3	to stop; to halt
dữ	ghê	s	en	3	really; very much
dữ	tợn	s	en	3	really; very much
dữ	khiếp	s	en	3	really; very much
dữ	quá	s	en	3	really; very much
dữ	lắm	s	en	3	really; very much
dử	ghèn	s	en		
dửu dân	giáo dân	s	en	2	a believer in Christianity; a Christian
dửu dân	lương dân	a	en	2	a believer in Christianity; a Christian
dữ liệu	data	s	en	1	data; information
dữ liệu	đa ta	s	en	1	data; information
dữu dân	giáo dân	s	en	1	
dữu dân	lương dân	a	en	1	
dự liệu	tiên đoán	s	en	1	to anticipate; to predict
dựng chuyện	bịa đặt	s	en	2	to make up something untrue
dựng chuyện	phét lác	s	en	2	to make up something untrue
dựng chuyện	phịa	s	en	2	to make up something untrue
electron	điện tử	s	en	1	
em	em họ	s	en	2	cousin, who is descended from an ancestor who is/was a younger sibling to onesel
em	con	s	en	5	
em	anh	a	en	6	
em	eng	a	en	6	
em	tôi	a	en	6	
em	tui	a	en	6	
em gái	con em	s	en	1	younger sister
em gái	đứa em	s	en	1	younger sister
em trai	thằng em	s	en	1	younger brother
em trai	đứa em	s	en	1	younger brother
e-lờ	lờ	s	en		
e-rờ	rờ	s	en		
em tam	em út	s	en	1	youngest sibling
eng	tam	a	en	1	elder brother
eng	ún	a	en	1	elder brother
enzim	men tiêu hoá	s	en	1	an enzyme
em-mờ	em	s	en		
em-mờ	mờ	s	en		
flex	khoe khoang	s	en	1	to flaunt, to show off, in an either positive or negative manner
flex	phô trương	s	en	1	to flaunt, to show off, in an either positive or negative manner
gam	âm giai	s	en	2	musical scale
gan	sơn tra	s	en	5	
gan béo	gan ngỗng béo	s	en		
gan ngỗng béo	gan béo	s	en		
ga-lăng	hào hiệp	s	en	1	chivalrous toward women
gan bàn tay	lòng bàn tay	s	en		
gan dạ	dũng cảm	s	en	1	brave; courageous
ghe	âm hạch	s	en	3	clitoris
ghe	hột le	s	en	3	clitoris
ganh tị	ghen tị	s	en	1	to envy; to be jealous (of)
ghi-ta	lục huyền cầm	s	en	1	a guitar
ghi danh	đăng ký	s	en		
ghi danh	đăng kí	s	en		
ghi danh	ghi tên	s	en		
ghen tị	ganh tị	s	en	1	to envy
ghi âm	thu thanh	s	en	1	to audiotape
ghi xương khắc cốt	khắc cốt ghi tâm	s	en	1	to never forget; to be etched in one's memory
ghi xương khắc cốt	khắc cốt minh tâm	s	en	1	to never forget; to be etched in one's memory
ghi xương khắc cốt	minh tâm khắc cốt	s	en	1	to never forget; to be etched in one's memory
ghét	thích	a	en	2	to hate or detest, but in a relatively mild way; compare ,  and
ghèn	rử	s	en		
ghèn	dử	s	en		
ghiền	nghiền	s	en	1	to be addicted to
ghiền	nghiện	s	en	1	to be addicted to
ghín	cẩn thận	s	en	1	careful; cautious
gi	ri	s	en		
ghẻ	cùi bắp	s	en	4	shit; trash; garbage; low-quality; cheap
ghẻ	ruồi	s	en	4	shit; trash; garbage; low-quality; cheap
ghẻ	dỏm	s	en	4	shit; trash; garbage; low-quality; cheap
ghẻ	dởm	s	en	4	shit; trash; garbage; low-quality; cheap
gian ngoan	gian xảo	s	en	1	to be of regular cheating with clever tricks
gian ngoan	xảo trá	s	en	1	to be of regular cheating with clever tricks
gian ngoan	bỉ ổi	s	en	1	to be of regular cheating with clever tricks
giao chiến	giao tranh	s	en	1	to be engaged in battle; to exchange fire
giang sơn	nước non	s	en	1	the geography of a country
giang sơn	non nước	s	en	1	the geography of a country
giao long	thuồng luồng	s	en		
giao hàng	trao hàng	s	en	1	to deliver (goods)
gieo gió, gặt bão	gieo nhân nào gặt quả nấy	s	en		
giao tiếp	giao tế	s	en		
giao tranh	giao chiến	s	en	1	to be engaged in battle; to exchange fire
giao tế	giao tiếp	s	en		
già	bá	s	en	8	
già	trẻ	a	en		
giuộc	gáo	s	en	1	a cup-shaped vessel with a long handle, for dipping into and ladling out liquids
giá	giá đỗ	s	en	3	bean sprout
giá	phải chi	s	en	7	if; in case; supposing; if only; I wish
giá	giả như	s	en	7	if; in case; supposing; if only; I wish
giá	giá như	s	en	7	if; in case; supposing; if only; I wish
giá	nếu như	s	en	7	if; in case; supposing; if only; I wish
giá	giá mà	s	en	7	if; in case; supposing; if only; I wish
giày cao gót	guốc	s	en	1	high-heeled shoes; high heels
giày sô	bốt đờ sô	s	en	1	jump boot
giá trị lớn nhất	giá trị nhỏ nhất	a	en	1	the maximum value; the global maximum
giá trị nhỏ nhất	giá trị lớn nhất	a	en	1	the minimum value; the global minimum
giác sát	chánh niệm	s	en	1	mindfulness
gián tiếp	trực tiếp	a	en	1	indirect
giáo khoa	khoa	s	en		
giáo dân	lương dân	a	en	1	laity
giáo khu	giáo phận	s	en	1	diocese
giáng thế	giáng trần	s	en	1	to be born
giáng trần	giáng sinh	s	en	1	to be born, as if descend|descending from the Heaven
giã	giã từ	s	en	3	to bid farewell
giã	từ giã	s	en	3	to bid farewell
giãn	căng	a	en		
giê	gờ	s	en		
giê	rê	s	en		
giãy	rẫy	s	en	3	(hot to the extent of) making one shrink back (because of pain)
giây phút	thời khắc	s	en	2	a moment; a time
giã từ	từ giã	s	en		
gièm pha	nói xấu	s	en	1	to disparage; to denigrate; to backbite
giò cháo quẩy	dầu cháo quẩy	s	en		
giò cháo quẩy	quẩy	s	en		
giúp đỡ	giúp	s	en		
giúp đỡ	đỡ	s	en		
giùm	hộ	s	en	1	in one's stead|in someone else's stead
giùm	thay	s	en	1	in one's stead|in someone else's stead
giùm	nhờ	s	en	1	in one's stead|in someone else's stead
giả bộ	giả vờ	s	en	1	to pretend (to be something), to simulate
giả vờ	giả bộ	s	en	1	to feign; to pretend
giả vờ	giả đò	s	en	1	to feign; to pretend
giả vờ	giả tảng	s	en	1	to feign; to pretend
giả vờ	làm bộ	s	en	1	to feign; to pretend
giả khoa học	ngụy khoa học	s	en	1	pseudoscience
giả như	phải chi	s	en	1	if; in case; supposing; if only; I wish
giả tưởng	hư cấu	s	en	1	fictional
giả đò	giả bộ	s	en	1	to feign
giả đò	giả vờ	s	en	1	to feign
giả trang	cải trang	s	en	1	to feign
giải nghĩa	giải âm	s	en	2	a historical category of texts that aim to explain works written in Literary Chi
giải nghĩa	diễn nghĩa	s	en	2	a historical category of texts that aim to explain works written in Literary Chi
giảm	tăng	a	en	1	to decrease
giải thuật	thuật toán	s	en	1	algorithm
giảm tốc	tăng tốc	a	en	1	to
giảng đạo	thuyết giáo	s	en	1	to preach about religion; to sermonize
giấy bồi	bìa cứng	s	en		
giấy bồi	các tông	s	en		
giấy sáp	giấy nến	s	en		
giấy nến	giấy sáp	s	en		
giấy phép lái xe	bằng lái xe	s	en		
giằng xé	xâu xé	s	en	1	to forcefully bite
giống	chi	s	en	5	genus
giống	khác	a	en	7	be alike, be similar
giọng	giọng hát	s	en	2	vocal
giọng	phương ngữ	s	en	4	dialect
giọng	tiếng	s	en	4	dialect
giọng điệu	khẩu khí	s	en	1	tone, way of speaking
giỏi giắn	giỏi giang	s	en	1	very capable, very skilled
giống nòi	nòi giống	s	en	1	a race
giờ	tiếng	s	en	3	
giới thiệu	trình bày	s	en	1	to present, to introduce
giờ dây thun	giờ cao su	s	en		
giời	giời leo	s	en	2	kind of phosphorescent centipede
giỡn	đùa	s	en	1	to joke, to play
giục	hối	s	en		
giời leo	giời	s	en	1	kind of phosphorescent centipede
giờ phút	khoảnh khắc	s	en	2	a moment
giờ phút	thời điểm	s	en	2	a moment
giờ phút	thời khắc	s	en	2	a moment
guốc	giày cao gót	s	en	3	piece of high-heeled footwear, except a boot; a slingback, mule, pump, stiletto,
goá phụ	quả phụ	s	en	1	a widowed woman
gà đồng	ếch	s	en	2	frog, especially the edible frog
gà gô	đa đa	s	en	1	kind of small wild fowl; grouse
gài	cài	s	en	1	
gá	cầm đồ	s	en	2	to lend an agent one's item for some money in exchange; to pawn
gái	nữ	s	en	3	
gác	gác lửng	s	en	4	a
gác-măng-giê	chạn	s	en		
gái bán hoa	gái	s	en		
gái bán hoa	gái mại dâm	s	en		
gái bán hoa	gái đứng đường	s	en		
gái bán hoa	đĩ	s	en		
gái bán hoa	điếm	s	en		
gái bán hoa	gái điếm	s	en		
gáy	ót	s	en	1	nape
gây mê	gây tê	a	en	2	to apply general anesthesia
gây hấn	gây sự	s	en	1	to pick a fight
gái đứng đường	gái	s	en		
gái đứng đường	gái mại dâm	s	en		
gái đứng đường	gái bán hoa	s	en		
gái đứng đường	đĩ	s	en		
gái đứng đường	điếm	s	en		
gái đứng đường	gái điếm	s	en		
gò	đảo	s	en	2	island
gây tê	gây mê	a	en	1	to apply local anesthesia
góc độ	phương diện	s	en	1	perspective; aspect; angle
gòn	bông gòn	s	en	1	ceiba
gõ	cốc	s	en	1	to hit with the side of the fist, with the knuckles, with the fingertips, or wit
gõ	cú	s	en	1	to hit with the side of the fist, with the knuckles, with the fingertips, or wit
gõ	đánh	s	en	1	to hit with the side of the fist, with the knuckles, with the fingertips, or wit
gô	trói	s	en	1	to tie, to bind
gô	hăng gô	s	en	2	billycan
gót chân a-sin	điểm yếu	s	en		
gót chân a-sin	nhược điểm	s	en		
gót chân a-sin	thóp	s	en		
gôm	tẩy	s	en		
gôm xịt tóc	keo xịt tóc	s	en	1	hairspray
gươm	kiếm	s	en	1	sword
gương	kính	s	en	3	eyeglasses
gương	kiếng	s	en	3	eyeglasses
gút	thống phong	s	en	1	gout
gạt	lừa	s	en	10	to deceive
gạt	bịp	s	en	10	to deceive
gạt	dối	s	en	10	to deceive
gấu	bạn trai	s	en	2	date; romantic partner
gấu	bạn gái	s	en	2	date; romantic partner
gấu	bồ	s	en	2	date; romantic partner
gấu bắc cực	gấu trắng	s	en		
gấu bông	thú nhồi bông	s	en	1	a teddy bear
gần	xa	a	en	1	near; nearby; close (to)
gần	ngái	a	en	1	near; nearby; close (to)
gần xịt	xa tít	a	en	1	very close; very near
gần xịt	xa lắc	a	en	1	very close; very near
gấu ó	rầy	s	en	1	to scream (at each other)
gật đầu	lắc đầu	a	en		
gầy	ốm	s	en	1	thin; skinny
gầy	ròm	s	en	1	thin; skinny
gầy	tóm	s	en	1	thin; skinny
gầy	còi	s	en	1	thin; skinny
gầy nhom	ốm nhom	s	en	1	as thin as a lath
gập ghềnh	khấp khểnh	s	en	1	uneven; rugged; jagged; bumpy
gắm	dây gắm	s	en	1	kind of climbing shrub ()
gắt gao	nhẹ nhàng	a	en	1	sharp; fierce; severe; intense; extreme
gắng sức	ra sức	s	en	1	to make every effort; to do one's best; to try hard; to strain every nerve
gỉ	cứt mũi	s	en	2	boogers or rheum
gọn gàng	ngăn nắp	s	en	1	neat; tidy
gọn ghẽ	gọn gàng	s	en	1	neat, tidy
gọi bằng cụ	đẳng cấp	s	en	1	on a whole nother level
gọi bằng cụ	thượng hạng	s	en	1	on a whole nother level
gọi bằng cụ	tuyệt hảo	s	en	1	on a whole nother level
gỏi	nộm	s	en	1	a generic name for a category of salad-like dishes consisting of raw vegetables 
gối	đầu gối	s	en	3	}} knee
gối	trốc gối	s	en	3	}} knee
gốc tích	gốc gác	s	en	1	origin; roots; background
gớm	tởm	s	en	1	loathsome, disgusting
gớm	ghê	s	en	1	loathsome, disgusting
gờ	giê	s	en	2	
gờ	gờ đơn	s	en	2	
gờ đơn	giê	s	en	1	
gờ đơn	gờ	s	en	1	
gửi	nhận	a	en	1	to send
gửi	rút	a	en	2	to deposit
gửi rể	ở rể	s	en	1	to live with the wife's family after marriage; to live with the in-laws
hai	cả	s	en	2	eldest or elder; firstborn
hang	động	s	en	1	cave
han	mán	s	en	1	, nettle tree ( spp.)
han	hỏi	s	en	3	to ask
hai ngón	móc túi	s	en	1	pickpocketing
hay	dở	a	en	4	good, as in useful, inventive, interesting or entertaining; compare
hay	tệ	a	en	4	good, as in useful, inventive, interesting or entertaining; compare
hay	tồi	a	en	4	good, as in useful, inventive, interesting or entertaining; compare
hen	suyễn	s	en	1	asthma
hen	hen suyễn	s	en	1	asthma
hi vọng	cầu	s	en	1	to hope
hi vọng	mong	s	en	1	to hope
hay là	hay	s	en	1	
heo đất	lợn đất	s	en	1	piggy bank
hen suyễn	hen	s	en	1	asthma
hen suyễn	suyễn	s	en	1	asthma
heo rừng	lợn rừng	s	en	1	wild boar
heo rừng	lợn lòi	s	en	1	wild boar
hiến dâng	dâng hiến	s	en	1	to dedicate; to offer
hiếu học	chăm học	s	en	1	
hiếp dâm	cưỡng hiếp	s	en	1	to rape
hiếp dâm	cưỡng dâm	s	en	1	to rape
hiểm ác	ác hiểm	s	en	1	wicked
hiểm yếu	trọng yếu	s	en	1	crucial
hiểm yếu	xung yếu	s	en	1	crucial
hiện diện	có mặt	s	en	1	to be present (at)
hiện nay	hiện giờ	s	en	1	now, presently, nowadays
hiệu phó	phó hiệu trưởng	s	en	1	vice-principal
hoa hậu	hoa khôi	s	en		
hoa khôi	hoa hậu	s	en		
hoa chè	hoa trà	s	en	1	camellia
hoa giấy	bông giấy	s	en	1	bougainvillea
hoa lơ	bông cải trắng	s	en		
hoa lơ	hoa lơ trắng	s	en		
hoa lơ	súp lơ	s	en		
hoa lơ trắng	hoa lơ	s	en		
hoa lơ trắng	bông cải trắng	s	en		
hoa quả	trái cây	s	en	1	fruit
hoa trà	hoa chè	s	en	1	camellia
hoang mạc hoá	sa mạc hoá	s	en	1	desertification
hoang vu	hoang sơ	s	en	1	wild; unaffected by human's activities
hoang sơ	hoang vu	s	en	1	wild; unaffected by human's activities
hoi	hôi	s	en	1	smelly, foul
hoàn cảnh	bối cảnh	s	en	1	circumstances, especially historical circumstances, or surroundings
hoài phí	phí hoài	s	en	1	to waste; to let go in a regrettable way
hoàng lan	ngọc lan tây	s	en	1	ylang ylang (''a tree of the species '')
hoàng tuyền	suối vàng	s	en	1	
hoàng kim	vàng son	s	en	1	golden
hoàng tử	vương tử	s	en	1	prince
hoành thánh	vằn thắn	s	en		
hoá công	con tạo	s	en	1	the Creator, God
hoá công	hồng quân	s	en	1	the Creator, God
hoá công	ông trời	s	en	1	the Creator, God
hoàng đản	vàng da	s	en	1	
hoá sinh	sinh hoá	s	en	1	
hoá ra	té ra	s	en	1	to turn out
hoáy	hoắm	s	en	1	sunken, hollow
hoại	rữa	s	en	1	to rot
hoạt động	chạy	s	en	2	active
hoạt hình	phim hoạt hình	s	en	1	cartoon, animation, anime
hoả mai	ngòi	s	en	1	fuse; match; detonator
hun	thơm	s	en		
hun	hôn	s	en		
hun	chu	s	en		
hun	chụt	s	en		
hun	mi	s	en		
hoẵng	mang	s	en	1	muntjac
hoẵng	kỉ	s	en	1	muntjac
hoả xa	xe lửa	s	en	1	train
hoả xa	tàu hoả	s	en	1	train
hoả tốc	cấp tốc	s	en	1	immediate; urgent
hoả tiễn	tên lửa	s	en	2	rocket; missile
huynh đệ	anh em	s	en	1	brothers
huyên thiên	luyên thuyên	s	en	1	loudly, deafeningly, making a lot of noise without being very coherent
huyên hoa	huênh hoang	s	en	1	to brag
huyền thoại	truyền thuyết	s	en	1	legend
huyết quản	mạch máu	s	en	1	blood vessel
huống chi	phương chi	s	en	1	let alone; much less
hài	hia	s	en		
hài	ủng	s	en		
hài	bốt	s	en		
hài kịch	hí kịch	s	en		
hài kịch	bi kịch	a	en		
hàn tà	hàn	s	en	1	cold air that enters the body and causes a variety of symptoms and illnesses, su
hàn tà	cảm sương	s	en	1	cold air that enters the body and causes a variety of symptoms and illnesses, su
hàng không mẫu hạm	tàu sân bay	s	en		
hàng ngày	hằng ngày	s	en	2	(pragmatic) every day; daily
hành	hành lá	s	en	1	green onion
hành	hành ta	s	en	1	green onion
hành	hành củ	s	en	2	shallot
hành	hành tía	s	en	2	shallot
hành	hành tím	s	en	2	shallot
hành	hẹ tây	s	en	2	shallot
hàng xóm	láng giềng	s	en	1	neighbour
hành hạ	giày vò	s	en	1	to cause serious injury or misery to someone; to harass, to torment
hành khất	khất thực	s	en	1	to beg
hành tây	hành	s	en	1	onion
hành trình	chuyến đi	s	en	1	a
hành tím	hành ta	s	en	1	}}
hành tím	hành tía	s	en	1	}}
hành thư	chữ hành	s	en	1	semicursive|semi-cursive script
háo hức	nô nức	s	en	1	enthusiastic, eager, full of desire
hát bội	hát tuồng	s	en	1	Another name for tuồng
hát tuồng	hát bội	s	en	1	classical Vietnamese opera
hè	nào	s	en	4	: let's; come on
hè	nhỉ	s	en	5	
hè	hò	s	en	6	to call out for mutually doing a task
hãi	sợ	s	en	1	to fear; to be afraid (of)
hãng tin	thông tấn xã	s	en	1	news agency
hão huyền	viển vông	s	en	1	
hãm hiếp	hiếp dâm	s	en		
hét	la	s	en		
hèn	hèn hạ	s	en	2	sleazy, dishonest or unscrupulous
hèn	đê hèn	s	en	2	sleazy, dishonest or unscrupulous
hèn	đê tiện	s	en	2	sleazy, dishonest or unscrupulous
hèn	bẩn	s	en	2	sleazy, dishonest or unscrupulous
hèn	bẩn thỉu	s	en	2	sleazy, dishonest or unscrupulous
hèn	hèn nhát	s	en	3	cowardly
héc	héc-ta	s	en	2	hectare
héc-ta	héc	s	en	1	
hèn mạt	hèn hạ	s	en	1	despicable
hình	ảnh	s	en	3	photo; picture
hên	may	s	en		
hình dạng	hình thù	s	en	1	shape; form
hình dung	hình dong	s	en	2	appearance
hình nộm	hình nhân	s	en	1	dummy; doll
hình nhi thượng học	siêu hình học	s	en	1	metaphysics
hình nhân	hình nộm	s	en	1	doll; puppet; dummy
hình thù	hình dạng	s	en	1	shape; form
hít	thở	a	en	1	to breathe in; to inhale
hí kịch	hài kịch	s	en		
hí kịch	bi kịch	a	en		
hình vị	từ tố	s	en	1	morpheme
hò	ca	s	en	2	to sing such work song
hò	hè	s	en	3	to urge a number of people to join hands
hò hẹn	hẹn hò	s	en	1	to make a date; to date
hít đất	chống đẩy	s	en	1	to do push-ups
hòn	cục	s	en	1	
hòn	viên	s	en	1	
hòm thư	hộp thư	s	en	1	mailbox
hói	rào	s	en	2	creek; stream; small river
hóc	nghẹn	s	en	1	
hóng gió	hóng mát	s	en	1	to get some fresh air; to take the air
hóng mát	hóng gió	s	en	1	to get some fresh air; to take the air
hôn	mi	s	en	1	to kiss
hôn	thơm	s	en	1	to kiss
hôn	ba ba	s	en	4	soft-shell turtle
hô hấp	thở	s	en		
hót	hốt	s	en	2	to collect into one place
hôm nay	bữa nay	s	en	1	today (on the current day)
hôi	hoi	s	en	1	smelly, foul
hôn lễ	đám cưới	s	en	1	wedding
hôn lễ	lễ cưới	s	en	1	wedding
hôm kia	bữa diếp	s	en	1	the day before yesterday
hùm	hổ	s	en	1	tiger }}
hùm	cọp	s	en	1	tiger }}
hùm	khái	s	en	1	tiger }}
hùm	kễnh	s	en	1	tiger }}
hông	hôn	s	en	5	
hông	hổng	s	en	5	
hùa	a dua	s	en	1	to follow suit, to imitate, to agree to (another's opinion or action)
hôn thú	hôn nhân	s	en	1	marriage
hùi hụi	cặm cụi	s	en	1	very busy
húp	sưng	s	en	2	swollen
hú vía	hết hồn	s	en	1	
húng dổi	húng quế	s	en	1	Thai basil ()
húng giổi	húng quế	s	en	1	Thai basil ()
hơ	ơ	s	en	2	
hơ	ơ hay	s	en	3	
hăng-gô	gô	s	en	1	billycan; mess kit
hăm he	lăm le	s	en	2	planned to do something indecent
hư	hỏng	s	en	2	bad; misbehaving; mischievous; disobedient
hư	hư hỏng	s	en	2	bad; misbehaving; mischievous; disobedient
hư	ngoan	a	en	2	bad; misbehaving; mischievous; disobedient
hơn cả	nhất	s	en		
hơn cả	hơn hết	s	en		
hơn hết	hơn cả	s	en	1	above all others; most importantly
hưu chiến	đình chiến	s	en	1	to call a truce; to agree on a cease-fire
hưu bổng	lương hưu	s	en	1	pension
hương nhu	kinh giới	s	en	1	Vietnamese balm ()
hưng vong	hưng phế	s	en	1	to undergo the rise and fall, as if subject to a pattern
hướng ngoại	hướng nội	a	en		
hướng nội	hướng ngoại	a	en		
hướng dẫn	chỉ dẫn	s	en		
hạ lưu	thượng lưu	a	en		
hạ du	thượng du	a	en		
hạ giá	giảm giá	s	en	1	to offer something at a discount
hạ giá	nới giá	s	en	1	to offer something at a discount
hạ giới	trần gian	s	en	1	the mortal world
hạ nghị viện	thượng nghị viện	a	en	1	a
hạ nguồn	thượng nguồn	a	en	1	lower reaches
hạ sách	thượng sách	a	en	1	the worst plan/course of action, only meant to be a last resort
hạ nghị sĩ	thượng nghị sĩ	a	en	1	a
hạ vị	thượng vị	a	en	1	lower
hạc	sếu	s	en	1	crane
hạn	hạn hán	s	en	1	drought; dryness
hạ đẳng	thượng đẳng	a	en	1	belonging to the lower classes of animals or plants
hạt	hột	s	en	1	a small hard piece; a seed, a grain, a nut, etc.
hạt	quận	s	en	4	an administrative division that translates to
hả	há	s	en	5	to open (one's mouth)
hải phận	vùng biển	s	en	1	
hải lưu	dòng biển	s	en	1	ocean current
hải mã	cá ngựa	s	en		
hải mã	moóc	s	en		
hải mã	hải tượng	s	en		
hải sâm	dưa chuột biển	s	en	1	sea cucumber
hải sâm	đồn đột	s	en	1	sea cucumber
hải tặc	cướp biển	s	en	1	
hải vị	hải sản	s	en		
hải sản	đồ biển	s	en	1	seafood
hải sản	hải vị	s	en	1	seafood
hải tượng	moóc	s	en	1	walrus
hải tượng	voi biển	s	en	1	walrus
hầm	ninh	s	en	1	to stew, to braise, to simmer
hầu	sẽ	s	en	3	marks the future tense; later
hầm hập	nóng bức	s	en	1	stiflingly hot
hầm hập	nồng nhiệt	s	en	2	very agitated, angry or impassioned
hậu hĩ	hậu hĩnh	s	en	1	copious; handsome
hậu tố	tiếp vĩ ngữ	s	en	1	suffix
hắc diện thạch	đá vỏ chai	s	en	1	
hắc diện thạch	hắc diệu thạch	s	en	1	
hậu phương	hậu tuyến	s	en	1	behind the frontline; the rear
hậu phương	tiền tuyến	a	en	1	behind the frontline; the rear
hậu phương	chiến tuyến	a	en	1	behind the frontline; the rear
hậu phương	tiền phương	a	en	1	behind the frontline; the rear
hậu hĩnh	hậu hĩ	s	en	1	copious; handsome
hậu tuyến	hậu phương	s	en	1	behind the frontline; the rear
hậu tuyến	tiền tuyến	a	en	1	behind the frontline; the rear
hậu tuyến	chiến tuyến	a	en	1	behind the frontline; the rear
hậu tuyến	tiền phương	a	en	1	behind the frontline; the rear
hắt hơi	hắt xì	s	en		
hắt xì	hắt hơi	s	en		
hắt hủi	hất hủi	s	en	1	to treat badly; to neglect; to spurn; to reject
hằng số	hằng	s	en	1	a
hằng số	biến số	a	en	1	a
hắc tinh tinh	tinh tinh	s	en	1	chimpanzee
hắt	hát	s	en		
hằng nhiệt	biến nhiệt	a	en	1	endothermic
hằng ngày	hàng ngày	s	en	1	every day; daily
hắc diệu thạch	hắc diện thạch	s	en	1	obsidian
hắc diệu thạch	đá vỏ chai	s	en	1	obsidian
hẹp	rộng	a	en	1	; compare
hẹo	tử	s	en		
hẹo	vong	s	en		
hẹo	mất	s	en		
hẹo	qua đời	s	en		
hẹo	lìa đời	s	en		
hẹo	từ trần	s	en		
hẹo	tạ thế	s	en		
hẹo	khuất núi	s	en		
hẹo	hi sinh	s	en		
hẹo	tử vong	s	en		
hẹo	thiệt mạng	s	en		
hẹo	băng hà	s	en		
hẹo	viên tịch	s	en		
hẹo	đi	s	en		
hẹo	ra đi	s	en		
hẹo	đi xa	s	en		
hẹo	ngã xuống	s	en		
hẹo	nằm xuống	s	en		
hẹo	ngủm	s	en		
hẹo	toi	s	en		
hẹo	tiêu	s	en		
hẹo	teo	s	en		
hẹo	tèo	s	en		
hẹo	tịch	s	en		
hẹo	đi đời nhà ma	s	en		
hẹo	bay màu	s	en		
hẹo	đứt bóng	s	en		
hẹo	xuống lỗ	s	en		
hẻo	tử	s	en		
hẻo	vong	s	en		
hẻo	mất	s	en		
hẻo	qua đời	s	en		
hẻo	lìa đời	s	en		
hẻo	từ trần	s	en		
hẻo	tạ thế	s	en		
hẻo	khuất núi	s	en		
hẻo	hi sinh	s	en		
hẻo	tử vong	s	en		
hẻo	thiệt mạng	s	en		
hẻo	băng hà	s	en		
hẻo	viên tịch	s	en		
hẻo	đi	s	en		
hẻo	ra đi	s	en		
hẻo	đi xa	s	en		
hẻo	ngã xuống	s	en		
hẻo	nằm xuống	s	en		
hẻo	hẹo	s	en		
hẻo	ngủm	s	en		
hẻo	toi	s	en		
hẻo	tiêu	s	en		
hẻo	teo	s	en		
hẻo	tèo	s	en		
hẻo	tịch	s	en		
hẻo	đi đời nhà ma	s	en		
hẻo	bay màu	s	en		
hẻo	đứt bóng	s	en		
hẻo	xuống lỗ	s	en		
hết hồn	chết	s	en	1	
hết hồn	hồn xiêu phách lạc	s	en	1	
hết hồn	hồn phi phách tán	s	en	1	
hếp	bão táp	s	en	1	beach cabbage ()
hếp	phong ba	s	en	1	beach cabbage ()
hết thảy	tất tần tật	s	en	1	each and every; all
hệ mặt trời	thái dương hệ	s	en	1	Solar System
hệ	hệ thống	s	en	1	system
hỉ	xì	s	en	2	to blow (one's nose)
hỉ	xỉ	s	en	2	to blow (one's nose)
hỉ	hả	s	en	4	: oh really?; is that so?
hỉ	nhỉ	s	en	5	: isn't it?; huh?
hỉ	he	s	en	5	: isn't it?; huh?
hỉ	hèo	s	en	5	: isn't it?; huh?
hỉ	hầy	s	en	5	: isn't it?; huh?
hỉ	hề	s	en	5	: isn't it?; huh?
hỉ	hửng	s	en	5	: isn't it?; huh?
hệ tư tưởng	ý thức hệ	s	en	1	ideology
họ	tộc	s	en	2	extended family
họ	gia tộc	s	en	2	extended family
họ	dòng tộc	s	en	2	extended family
họ	dòng họ	s	en	2	extended family
họ	bọn họ	s	en	5	they/them
học giả	sĩ phu	s	en	1	scholar
học giả	thức giả	s	en	1	scholar
học kì	kì	s	en	1	a
học vấn	học thức	s	en	1	education; erudition; scholarship
hố	hớ	s	en	2	catch|caught off guard; fooled, tricked
hối	giục	s	en	1	to urge
hối lộ	đút lót	s	en	1	to bribe
hối hận	ân hận	s	en		
hồ hoàn kiếm	hồ gươm	s	en	1	
hốt nhiên	bỗng nhiên	s	en	1	suddenly; all of a sudden; unexpectedly
hồ bơi	bể bơi	s	en	1	a swimming pool
hồi	chương	s	en	4	chapter
hồn xiêu phách lạc	chết	s	en	1	
hồn xiêu phách lạc	hết hồn	s	en	1	
hồn xiêu phách lạc	hồn phi phách tán	s	en	1	
hồn phi phách tán	chết	s	en	1	
hồn phi phách tán	hết hồn	s	en	1	
hồn phi phách tán	hồn xiêu phách lạc	s	en	1	
hồng hào	đỏ đắn	s	en	1	pinkish in a way that indicates good health or beauty
hồi tưởng	nhớ	s	en	1	to reminisce, to recall past memories
hồn nước	quốc hồn	s	en		
hồng xiêm	xa pô chê	s	en	1	sapodilla ()
hổ	hùm	s	en	1	tiger }}
hổ	cọp	s	en	1	tiger }}
hổ	khái	s	en	1	tiger }}
hổ	kễnh	s	en	1	tiger }}
hổ	rắn hổ	s	en	2	elapid
hồng trà	trà đen	s	en	1	black tea
hồng trần	bụi hồng	s	en	2	world of mortals; human society; worldly affairs
hổ mang	rắn hổ mang	s	en	1	cobra
hội	can chi	s	en	3	cycle of sixty years
hộ	thay	s	en	2	in place of someone else; in one's stead|in someone else's stead; for someone el
hộ	nhờ	s	en	2	in place of someone else; in one's stead|in someone else's stead; for someone el
hộ	giùm	s	en	2	in place of someone else; in one's stead|in someone else's stead; for someone el
hội chứng suy giảm miễn dịch mắc phải	aids	s	en	1	acquired immune deficiency syndrome
hội chứng suy giảm miễn dịch mắc phải	sida	s	en	1	acquired immune deficiency syndrome
hội trưởng	chủ tịch	s	en	1	the president or chairperson of an organization with  in its name
hội thẩm nhân dân	hội thẩm	s	en		
hột xoàn	kim cương	s	en		
hột vịt lộn	trứng vịt lộn	s	en		
hộp quẹt	bật lửa	s	en	1	lighter
hộp thư	hòm thư	s	en		
hớp hồn	ngã ngửa	s	en	1	to become filled with surprise and passion, due to one's charm or attraction.
hợp	hội	s	en	3	a union (''the set of all elements in the collection'')
hợp	hiệp	s	en		
hở	hả	s	en	3	
hờn	dỗi	s	en	1	to be sulky; to be in a sulk
hời hợt	qua loa	s	en	1	perfunctory
hời hợt	đại khái	s	en	1	perfunctory
hỡi ôi	ô hô	s	en	1	alas
hợp pháp	phi pháp	a	en	1	lawful; legal
hợp pháp	bất hợp pháp	a	en	1	lawful; legal
hợp pháp	trái phép	a	en	1	lawful; legal
hợp số	số nguyên tố	a	en	1	a
hợp nhất	thống nhất	s	en	1	to unite; to unify
hụ	hú	s	en	1	to sound
hủ lô	xe lu	s	en	1	road roller
hứng chí	khoái chí	s	en	1	delighted; joyful; cheerful
hủi	cùi	s	en	1	leprosy
hủi	phong	s	en	1	leprosy
hữu cơ	vô cơ	a	en	1	
hữu dụng	hữu ích	s	en	1	useful
hữu dụng	có ích	s	en	1	useful
hữu dụng	vô dụng	a	en	1	useful
hữu hạn	vô hạn	a	en		
hữu ngạn	tả ngạn	a	en	1	the right bank
hữu nhũ	có vú	s	en	1	mammalian
i cờ-rét	i dài	s	en		
i ngắn	i	s	en		
i dài	i cờ-rét	s	en		
hữu thanh	vô thanh	a	en		
ipad	máy tính bảng	s	en	2	
hữu ích	hữu dụng	s	en	1	useful
hữu ích	có ích	s	en	1	useful
hữu ích	vô dụng	a	en	1	useful
hữu tỉ	vô tỉ	a	en	1	
hữu tuyến	vô tuyến	a	en	1	wired
i/languages m to z	i ngắn	s	en		
hữu tính	vô tính	a	en	1	sexual
info	in4	s	en	1	information
info	in tư	s	en	1	information
im ả	im ắng	s	en		
im ắng	im ả	s	en		
in thạch bản	in đá	s	en	1	lithography
in đá	in thạch bản	s	en	1	lithography
in tư	info	s	en	1	information of someone (esp. on social media platforms like Facebook, Instagram,
in tư	in4	s	en	1	information of someone (esp. on social media platforms like Facebook, Instagram,
in4	info	s	en	1	information
in4	in tư	s	en	1	information
kem	cà rem	s	en	2	ice cream
keo	bủn xỉn	s	en	3	
kem đánh răng	thuốc đánh răng	s	en	1	toothpaste
keo sơn	bền chặt	s	en	2	filled with strong bonds; intimate
keo sơn	khăng khít	s	en	2	filled with strong bonds; intimate
kenvin	độ k	s	en	1	a kelvin
keo xịt tóc	gôm xịt tóc	s	en	1	hairspray
khai mạc	bế mạc	a	en	1	to ceremonially open an event
khan	ngậm nước	a	en	3	anhydrous
khen	chê	a	en	1	to praise, to compliment, to commend
khai tâm	vỡ lòng	s	en		
khao khát	khát khao	s	en	1	to thirst for; to crave for
khi	lúc	s	en	2	when
khen ngợi	tán dương	s	en	1	to praise, to laud
khinh khí cầu	khí cầu	s	en	1	a
khi nào cũng	lúc nào cũng	s	en	1	always
khi nào cũng	bao giờ cũng	s	en	1	always
khiếm thính	điếc	s	en	1	deaf, hearing-impaired
khiêm nhường	khiêm tốn	s	en	1	modest, humble
khiếp nhược	bạc nhược	s	en	1	cowardly; spineless; timid
khiếp nhược	hèn mạt	s	en	1	cowardly; spineless; timid
kho báu	châu báu	s	en	1	treasure
kho bạc	ngân khố	s	en	1	treasury
khoai sọ	khoai môn	s	en	1	taro
khoai sọ	khoai nước	s	en	1	taro
khoai môn	khoai nước	s	en		
khoai môn	khoai sọ	s	en		
khoai nước	khoai môn	s	en		
khoai nước	khoai sọ	s	en		
khoai mì	sắn	s	en	1	cassava
khoan dung	độ lượng	s	en	1	tolerant; lenient
khoan khoái	thoải mái	s	en	1	at ease, relaxed
khoan khoái	dễ chịu	s	en	1	at ease, relaxed
khoai từ	củ từ	s	en	1	lesser yam ()
khoan thai	ung dung	s	en	1	composed; leisurely; unhurried; poised
khoá kéo	phéc-mơ-tuya	s	en		
khoác áo	đội lốt	s	en	2	to wear the cloak of (e.g. patriotism, religion)
khoảng	chừng	s	en	3	about; approximately
khoảng	cỡ	s	en	3	about; approximately
khoảng	độ	s	en	3	about; approximately
khoẻ	yếu	a	en	1	strong
khoẻ	ốm	a	en	2	healthy
khoẻ	bệnh	a	en	2	healthy
khoẻ mạnh	mạnh giỏi	s	en	1	healthy; strong; well
khua	quơ	s	en	1	to wave to and fro (often with a long item like a rod)
khu nghỉ dưỡng	resort	s	en	1	resort
khuy	cúc	s	en	1	button
khuy	nút	s	en	1	button
khuyên tai	bông tai	s	en	1	earrings; ear jewelry
khung chậu	xương chậu	s	en	1	pelvis
khuynh diệp	bạch đàn	s	en	1	
khuyết	moi	s	en	3	kind of small shrimp in the genus
khuyết	ruốc	s	en	3	kind of small shrimp in the genus
khuyết điểm	nhược điểm	s	en	1	shortcoming; defect; weakness
khuyết điểm	ưu điểm	a	en	1	shortcoming; defect; weakness
khuyển	cẩu	s	en	1	dog
khuyển	ki	s	en	1	dog
khuyển	chó	s	en	1	dog
khuất tất	bất minh	s	en	2	unscrupulous, untrustable; suspicious; unclear
khuất tất	tù mù	s	en	2	unscrupulous, untrustable; suspicious; unclear
khuất tất	đen tối	s	en	2	unscrupulous, untrustable; suspicious; unclear
khuất tất	ám muội	s	en	2	unscrupulous, untrustable; suspicious; unclear
khuôn phép	nền nếp	s	en	1	a norm
khuất núi	khuất bóng	s	en	1	to pass away
khuất núi	qua đời	s	en	1	to pass away
khuất núi	mất	s	en	1	to pass away
khuất núi	băng hà	s	en	1	to pass away
khác	giống	a	en	1	different, other
khác nào	khác gì	s	en	1	to be no different from, no different than
khái	hổ	s	en	1	tiger }}
khái	cọp	s	en	1	tiger }}
khái	hùm	s	en	1	tiger }}
khái	kễnh	s	en	1	tiger }}
khách quan	chủ quan	a	en	1	objective
khánh thành	khai trương	s	en	1	to inaugurate
khét	chất	s	en	2	cool; awesome
khét lẹt	khét	s	en	1	having a burnt and unpleasant smell
khí cacbonic	cacbon đioxit	s	en	1	carbon dioxide
khép nép	ngượng ngùng	s	en	1	shy
khép nép	bẽn lẽn	s	en	1	shy
khích bác	nói móc	s	en	1	to hurt someone with sarcastic language
khí áp kế	áp kế	s	en	1	barometer
khó	dễ	a	en	1	difficult; tough
khó	giàu	a	en	3	poor
khó chịu	dễ chịu	a	en	1	uncomfortable; uneasy; intolerable
khó tính	dễ tính	a	en	1	hard to please (because of having many requirements); difficult
khó ở	khó chịu	s	en	1	seemingly uncomfortable, as being sick
khó ở	nôn nao	s	en	1	seemingly uncomfortable, as being sick
khó ở	rạo rực	s	en	1	seemingly uncomfortable, as being sick
khô	ướt	a	en	1	dry , dried; dehydrated; arid; drained
khóm	dứa	s	en	3	pineapple
khóm	thơm	s	en	3	pineapple
khóm	xóm	s	en	4	a neighborhood
khô khốc	ướt nhẹp	a	en	1	very dry
khô queo	ướt nhẹp	a	en	1	very dry
khóc than	than khóc	s	en	1	to lament; to weep; to mourn; to bewail
không	chẳng	s	en	2	not at all
không	trống	s	en	6	empty
không	sắc	a	en	9	the intangible, non-material aspect
không bao giờ	không đời nào	s	en	1	never
không bao giờ	chẳng bao giờ	s	en	1	never
không bao giờ	chả bao giờ	s	en	1	never
không bao giờ	đéo bao giờ	s	en	1	never
khôi nguyên	khôi giáp	s	en		
khôn cùng	vô cùng	s	en	1	endless; infinite; inexhaustible
khôn cùng	khôn xiết	s	en	2	tremendously; indescribably
khôn xiết	khôn cùng	s	en	1	indescribably, enormously
không có gì	có gì đâu	s	en	2	nothing, nothing important
không có chi	không có gì	s	en		
không chừng	không khéo	s	en	1	
không không	đột nhiên	s	en	2	suddenly; all of a sudden; spontaneously
không không	tự nhiên	s	en	2	suddenly; all of a sudden; spontaneously
không kể xiết	vô kể	s	en	1	innumerable; incalculable; numberless; untold
không thể	chẳng thể	s	en		
không thể	đâu thể	s	en		
không thể	có thể	a	en		
không quốc tịch	vô quốc tịch	s	en		
không quốc tịch	không quốc gia	s	en		
không quốc gia	vô quốc tịch	s	en		
không quốc gia	không quốc tịch	s	en		
không phận	vùng trời	s	en	1	airspace
không lực	không quân	s	en	2	air force
khùng	điên	s	en	1	
khăn quàng	khăn quàng cổ	s	en	1	a scarf
khơi	lộng	a	en	1	part of the sea away from the shores; the main sea; open sea; high seas
khăn tay	mùi soa	s	en	1	handkerchief
khăn tay	mu-xoa	s	en	1	handkerchief
khăn đóng	khăn	s	en	1	turban
khăn đóng	khăn vấn	s	en	1	turban
khăn vấn	khăn	s	en	1	turban
khăn vấn	khăn đóng	s	en	1	turban
khả dụng	dùng	s	en		
khả dụng	được	s	en		
khạp	chum	s	en	1	large, broad-mouthed jar with lid
khạp	kiệu	s	en	1	large, broad-mouthed jar with lid
khạp	lu	s	en	1	large, broad-mouthed jar with lid
khạng	khệ nệ	s	en	1	''(in compounds)'' to walk slowly or awkwardly
khạng	tập tễnh	s	en	2	''(in compounds)'' to walk with difficulty
khạng	khập khiễng	s	en	2	''(in compounds)'' to walk with difficulty
khạng nạng	tập tễnh	s	en	1	to walk with difficulty
khạng nạng	khập khiễng	s	en	1	to walk with difficulty
khơi khơi	qua loa	s	en	1	perfunctory
khơi khơi	hời hợt	s	en	1	perfunctory
khơi khơi	ngang nhiên	s	en	2	presumptuous
khả ái	đáng yêu	s	en	1	pretty; lovely
khả ái	dễ thương	s	en	1	pretty; lovely
khả ái	khả ố	a	en	1	pretty; lovely
khả ố	khả ái	a	en	1	unsightly; revolting
khải thư	chữ khải	s	en	1	regular script
khảnh ăn	phàm ăn	a	en		
khấu đầu	lạy	s	en	1	to kowtow
khấu đầu	rập đầu	s	en	1	to kowtow
khấp khểnh	gập ghềnh	s	en	1	uneven; rugged; jagged; bumpy
khấp khểnh	bằng phẳng	a	en	1	uneven; rugged; jagged; bumpy
khấm khá	ổn áp	s	en	1	so-so, more than average
khẩu âm	tiếng	s	en		
khẩu âm	giọng	s	en		
khẩu trang	băng khẩu	s	en	1	a surgical mask; a procedure mask
khập khiễng	cà nhắc	s	en	2	uneven because the legs have different length due to a condition, amputation, or
khẩu ngữ	văn nói	s	en	1	spoken language, especially colloquialism
khẩu ngữ	văn viết	a	en	1	spoken language, especially colloquialism
khẩu phật tâm xà	miệng nam mô, bụng một bồ dao găm	s	en	1	hypocritical, wolf in sheep's clothing, speaking virtuously but hiding selfish i
khẩu khí	giọng điệu	s	en	1	tone, way of speaking
khắc cốt minh tâm	minh tâm khắc cốt	s	en	1	stamped or etched in one's memory; unforgettable
khắc cốt ghi tâm	khắc cốt minh tâm	s	en	1	stamped or etched in one's memory; unforgettable
khắc cốt ghi tâm	minh tâm khắc cốt	s	en	1	stamped or etched in one's memory; unforgettable
khằng	xi	s	en	1	sealing wax
khỉ	voọc	s	en	1	monkey
khỉ	vượn	s	en	2	ape
khệnh khạng	khệ nệ	s	en	1	in a slow walk with difficulty
khế kinh	kinh	s	en	1	sutra
khế kinh	tu-đa-la	s	en	1	sutra
khệnh	oách	s	en	1	swagger; cool; confident
khệnh	ngầu	s	en	1	swagger; cool; confident
khệnh	chất	s	en	1	swagger; cool; confident
khệnh	kiêu ngạo	s	en	2	cocky; arrogant; conceited
khệnh	vênh váo	s	en	2	cocky; arrogant; conceited
khệnh	hống hách	s	en	2	cocky; arrogant; conceited
khỉ đột	đại tinh tinh	s	en		
khốn nạn	khốn khổ	s	en		
khốn nạn	khốn cùng	s	en		
khốn nạn	khốn đốn	s	en		
khốn nạn	khốn kiếp	s	en		
khốn nạn	cùng khổ	s	en		
khốn nạn	mạt kiếp	s	en		
khốn nạn	mẹ kiếp	s	en		
khốn nạn	chó chết	s	en		
khốn nạn	chó đẻ	s	en		
khốn nạn	chó má	s	en		
khốn nạn	ôn dịch	s	en		
khốn nạn	trời đánh	s	en		
khốn nạn	chết tiệt	s	en		
khốn nạn	chết toi	s	en		
khốn nạn	khỉ	s	en		
khốn kiếp	khốn khổ	s	en		
khốn kiếp	khốn cùng	s	en		
khốn kiếp	khốn đốn	s	en		
khốn kiếp	khốn nạn	s	en		
khốn kiếp	cùng khổ	s	en		
khốn kiếp	mạt kiếp	s	en		
khốn kiếp	mẹ kiếp	s	en		
khốn kiếp	chó chết	s	en		
khốn kiếp	chó đẻ	s	en		
khốn kiếp	chó má	s	en		
khốn kiếp	ôn dịch	s	en		
khốn kiếp	trời đánh	s	en		
khốn kiếp	chết tiệt	s	en		
khốn kiếp	chết toi	s	en		
khốn kiếp	khỉ	s	en		
khối	ối	s	en	4	a myriad of something or somebody
khối	vô số	s	en	4	a myriad of something or somebody
khối	hằng hà sa số	s	en	4	a myriad of something or somebody
khống chế	chế ngự	s	en	1	to control; to restrain; to dominate
khốn đốn	khốn khổ	s	en		
khốn đốn	khốn cùng	s	en		
khốn đốn	mạt kiếp	s	en		
khốn đốn	khốn nạn	s	en		
khốn đốn	cùng khổ	s	en		
khốn đốn	khốn kiếp	s	en		
khổ não	thống khổ	s	en	1	suffering, distress
khổ não	tội nghiệp	s	en	1	suffering, distress
khổ não	đau khổ	s	en	1	suffering, distress
khổ não	phiền não	s	en	1	suffering, distress
khổ não	sầu muộn	s	en	1	suffering, distress
khổ nỗi	ngặt nỗi	s	en	2	regrettably
khổ qua	mướp đắng	s	en		
khổng tước	công	s	en	1	peafowl, peacock, peahen, peachick
khới	gặm	s	en	1	to gnaw; to nibble
khới	nhấm	s	en	1	to gnaw; to nibble
khởi động	bật	s	en	1	to boot, to start up
khủng long	thằn lằn	s	en	2	some other prehistoric reptiles, such as pterosaurs and ichthyosaurs
khứ hồi	một chiều	a	en	1	
khứa	cứa	s	en	1	to cut little by little; to saw off
khủng hoảng bản sắc	khủng hoảng danh tính	s	en	1	identity crisis
khủng hoảng danh tính	khủng hoảng bản sắc	s	en	1	identity crisis
kim cương	hột xoàn	s	en	1	diamond (gemstone)
kim chỉ nam	la bàn	s	en	2	a
ki-lô-mét	cây	s	en	1	
ki-lô-mét	cây số	s	en	1	
ki-lô-mét	kilômet	s	en	1	
kilômét	cây số	s	en	1	kilometre, kilometer
kia kìa	tê tề	s	en	1	over there
kim loại nguyên sinh	kim loại tái sinh	a	en	1	primary metal; metal which was extracted directly from ores
kim loại tái sinh	kim loại nguyên sinh	a	en	1	secondary metal; metal which was made from recycled scrap or waste
kim loại sạch	kim loại thô	a	en	1	high-purity metal
kim ô	ác vàng	s	en	2	the sun
kinh nguyệt	kinh	s	en	1	
kinh tế học tài chính	tài chính	s	en	1	financial economics
kinh qua	trải qua	s	en	1	to experience; to go through
kiến sư tử	cúc	s	en	1	antlion
kiếng	gương	s	en	2	mirror
kiến trúc thượng tầng	cơ sở hạ tầng	a	en	1	superstructure
kiến lập	tạo dựng	s	en	1	set up
kiến lập	tạo lập	s	en	1	set up
kiềng	rế	s	en	2	bamboo pad for placing hot pots on top
kiềm toả	khống chế	s	en	1	to make something or somebody restrained or confined
kiểu	kiểu mẫu	s	en	2	model; example; design
kiểu	thái độ	s	en	3	manner; attitude; habit
kiểu	tính tình	s	en	3	manner; attitude; habit
kiểu thơm	cảo thơm	s	en	1	scented pages;  literary masterpiece
koala	gấu túi	s	en	1	#English|koala
kè	cá mối	s	en	2	lizardfish
kiệu	chum	s	en	2	broad-mouthed jar
kiện khang	khoẻ mạnh	s	en	1	well; healthy
kéo	đẩy	a	en	1	to pull
kèn cựa	ghen tị	s	en	1	to envy
két	vẹt	s	en	1	parrot
kêu	bảo	s	en	2	to call for someone to see or help you
kì lân	lân	s	en	1	qilin
kì giông	cá cóc	s	en	1	
kì nhông	cự đà	s	en	1	iguana
kì nam	trầm hương	s	en	1	a high-grade form of agarwood
kình	chửi	s	en	1	to scold; to chide
kình	la	s	en	1	to scold; to chide
kình	mắng	s	en	1	to scold; to chide
kình	rầy	s	en	1	to scold; to chide
kìm hãm	kiềm chế	s	en	1	to hinder, to limit, to strangle (development)
kìm hãm	ức chế	s	en	1	to hinder, to limit, to strangle (development)
kí hiệu	biểu tượng	s	en	1	symbol; sign
kí ức	kỉ niệm	s	en	1	one's own memory
kí	kilôgam	s	en		
kí	ki-lô-gam	s	en		
kí	ki-lô	s	en		
kí	kí lô	s	en		
kính mắt	mắt kính	s	en		
kính yêu	kính mến	s	en	1	respectfully dear or beloved
kăng-gu-ru	chuột túi	s	en	1	kangaroo
kẹo cao su	sing-gum	s	en	1	chewing gum
kơ nia	cầy	s	en	1	
kơ nia	cốc	s	en	1	
kẹt xe	tắc đường	s	en	1	traffic jam
kẹt xe	thông xe	a	en	1	traffic jam
kế	cạnh	s	en		
kế	kề	s	en		
kết quả	nguyên nhân	a	en	2	effect
kết hôn	cưới	s	en	1	to get married
kết cục	kết cuộc	s	en	1	the outcome; the ending; the final result
kền	niken	s	en	1	nickel
kề	đối	a	en	2	adjacent
kết trái	kết quả	s	en	1	to bear fruit
kỉ luật	vô	a	en		
kị khí	yếm khí	s	en	1	
la bàn	địa bàn	s	en	1	a compass
la hán	a-la-hán	s	en	1	arhat (one who has attained enlightenment; a Buddhist saint)
lam	xanh dương	s	en	1	
lam	cửa chớp	s	en	2	louvers, blinds, shutters
lang bạt	lang bạt kì hồ	s	en	1	to live a wandering life; to wander
lang bạt kì hồ	lang bạt	s	en	1	to live a wandering life; to wander
le le	le	s	en	1	lesser whistling duck ()
li dị	li hôn	s	en	1	to divorce
li hôn	li dị	s	en	1	to divorce
li kì	cổ quái	s	en	1	strange, fantastic
li kì	kì quái	s	en	1	strange, fantastic
li tán	loạn li	s	en	1	to get separated or dispersed
li tán	tan tác	s	en	1	to get separated or dispersed
linh thiêng	thần thánh	s	en		
linh ngữ	nhà tù	s	en		
liên kết	đường dẫn	s	en	1	
liên kết	siêu liên kết	s	en	2	
liếp	luống	s	en	2	ridge (raised strip of soil for cultivation purpose)
liệng	quẳng	s	en	2	to throw
liệng	ném	s	en	2	to throw
liệt kháng	aids	s	en	1	(''bệnh'' ~) acquired immune deficiency syndrome (AIDS)
liệt kháng	sida	s	en	1	(''bệnh'' ~) acquired immune deficiency syndrome (AIDS)
lo buồn	lo phiền	s	en	1	to worry and be sad ; to be anxious and melancholy; to fret and fuss
lo phiền	lo buồn	s	en	1	to worry and be sad ; to be anxious and melancholy
long nhãn	nhãn	s	en	1	longan
loài người	con người	s	en	1	mankind; human race
long đong	lận đận	s	en	2	wandering or unsettled
long đong	điêu đứng	s	en	2	wandering or unsettled
lom lom	chằm chằm	s	en	1	intently
lui tới	tới lui	s	en		
luân lí học	đạo đức học	s	en	1	ethics
luân phiên	thay phiên	s	en	1	to alternate; to take turns
luống	uổng	s	en	2	to be in vain; to be wasted (in a pitiful manner)
là	ủi	s	en	5	to iron
làm	mần	s	en		
làm bộ	giả bộ	s	en	1	to feign; to pretend
làm nhục	sỉ nhục	s	en	1	to humiliate
làm thân	kết bạn	s	en	1	to make friends
lá	lá cây	s	en	1	leaf
lành tính	ác tính	a	en	1	benign
lá chắn	khiên	s	en	1	shield
lá cây	lá	s	en	1	a leaf
làu bàu	càu nhàu	s	en	1	to grumble
làu bàu	cằn nhằn	s	en	1	to grumble
lán	vựa	s	en	2	storehouse
lái	đuôi	s	en	3	steering wheel; steering control
lái	tếch	s	en	3	steering wheel; steering control
lái	tay lái	s	en	3	steering wheel; steering control
lách	lá lách	s	en	1	spleen
lác	lé	s	en	2	squinting
láng giềng	hàng xóm	s	en	1	neighbour
lác đác	lưa thưa	s	en	1	scattered; dispersed; spattered
lác đác	lơ thơ	s	en	1	scattered; dispersed; spattered
lá ngón	rút ruột	s	en	1	heartbreak grass ()
láo	dối	s	en	1	to lie, deceive
lánh xa	xa lánh	s	en	1	to shun, stay away from, distance oneself from
lâu đài	thành	s	en		
lãng tử	lãng khách	s	en		
lãng khách	lãng tử	s	en	1	a wandering warrior
lãng khách	lãng nhân	s	en	1	a wandering warrior
lãng nhân	lãng khách	s	en		
lãng nhách	lãng xẹt	s	en	1	
lãng nhách	nhảm	s	en	1	
lãng nhách	nhảm nhí	s	en	1	
lãng xẹt	lãng nhách	s	en	1	frivolous, ridiculous
lãng quên	quên lãng	s	en	1	to forget; to neglect; to be oblivious
lãnh hải	vùng biển	s	en	1	territorial waters
lãnh hải	hải phận	s	en	1	territorial waters
lão nữ	bà già	s	en	1	
lão nam	ông cụ	s	en	1	an
lão nam	ông già	s	en	1	an
lè	thè	s	en	1	to stick out
lèn	chèn	s	en	2	to stuff; to cram
lèn	nhồi	s	en	2	to stuff; to cram
lê-ki-ma	trứng gà	s	en	1	lucmo ()
lì xì	mừng tuổi	s	en		
lìa trần	từ trần	s	en	1	to pass away
lìa trần	tạ thế	s	en	1	to pass away
lìa trần	mệnh chung	s	en	1	to pass away
lìa trần	mệnh một	s	en	1	to pass away
lìa trần	lìa đời	s	en	1	to pass away
lính	bộ đội	s	en	1	enlisted servicemember
lính	quân nhân	s	en	1	enlisted servicemember
lìa đời	từ trần	s	en	1	to pass away
lìa đời	tạ thế	s	en	1	to pass away
lìa đời	mệnh chung	s	en	1	to pass away
lìa đời	mệnh một	s	en	1	to pass away
lìa đời	lìa trần	s	en	1	to pass away
lò cò	cò cò	s	en	2	to play the hopscotch
lò vi ba	lò vi sóng	s	en		
lò mổ	lò sát sinh	s	en		
lò sát sinh	lò mổ	s	en		
lò vi sóng	lò vi ba	s	en		
lòi tói	tói	s	en	1	(~) iron chain
lóc	vẽ	s	en	1	to fillet
lói	nhói	s	en	2	sharp, thin, piercing :
lô hội	nha đam	s	en	1	aloe
lô xô	lô nhô	s	en	1	entwine|entwining; wobble|wobbling
lông mi	lông nheo	s	en	1	eyelash
lõm	lồi	a	en	1	curved "inward"; indented, dimpled, concave, etc.
lông nheo	lông mi	s	en	1	eyelash
lôm nhôm	nham nhở	s	en	1	messy; jumbled; patchy; haphazard; incomplete
lùn	thấp	s	en	1	short
lùn	cao	a	en	1	short
lúa	thóc	s	en	2	paddy; unhusked rice
lúa mì	tiểu mạch	s	en	1	wheat
lùi	tiến	a	en	1	to move backward; to step back; to retreat
lù mù	lờ mờ	s	en	1	dullish; indistinct
lúi húi	lụi hụi	s	en	1	engrossed in, absorbed by
lúc đó	lúc ấy	s	en	1	then; at that time; at that moment
lúc ấy	lúc đó	s	en	1	at that time; at that moment
lúm khúm	khúm núm	s	en	1	submissively stooping
lăm	lo	s	en	2	to intend to do something
lăm	toan	s	en	2	to intend to do something
lăm	rắp	s	en	2	to intend to do something
lăm	định	s	en	2	to intend to do something
lăm	tính	s	en	2	to intend to do something
lăng mạ	chửi	s	en	1	to revile; to abuse; to insult
lăng quăng	bọ gậy	s	en	1	mosquito larva
lăng trì	tùng xẻo	s	en	1	lingchi
lơ đãng	lơ là	s	en	1	lacking attention
lưu loát	trôi chảy	s	en	1	fluent
lưu luyến	quyến luyến	s	en	1	to be emotionally attached to; to be unwilling to part (with)
lưu ban	đúp	s	en	1	to repeat a grade
lươn	dải phân cách	s	en	2	median strip, central reservation, roadway divider
lương hưu	hưu bổng	s	en	1	pension
lưu vong	trục xuất	s	en	1	to exile; to be exiled
lương dân	dửu dân	a	en	2	those who do not follow Christianity in general or Catholicism in particular; a 
lương dân	giáo dân	a	en	2	those who do not follow Christianity in general or Catholicism in particular; a 
lưu niên	lâu năm	s	en	1	perennial
lươn lẹo	gian xảo	s	en		
lươn lẹo	tráo trở	s	en		
lươn lẹo	thẳng thắn	a	en		
lươn lẹo	thật thà	a	en		
lươn lẹo	trung thực	a	en		
lươn lẹo	thẳng như ruột ngựa	a	en		
lườm	háy	s	en	1	to glare at
lưỡi gà	dăm	s	en		
lưỡng chiếu	chiếu đôi	s	en	1	double check (a check delivered by two pieces simultaneously)
lưỡng thê	lưỡng cư	s	en	1	amphibian
lượng từ	trợ từ	s	en	2	a classifier; a counter
lược đồ	sơ đồ	s	en	1	outline; diagram; sketch; schema
lượng thứ	tha thứ	s	en	1	to forgive with one's generosity, frequently used in the event of some humble ex
lượng thứ	thứ lỗi	s	en	1	to forgive with one's generosity, frequently used in the event of some humble ex
lượt đi	lượt về	a	en	1	first leg
lượt về	lượt đi	a	en	1	second leg, return leg
lạc tiên	chùm bao	s	en	1	()
lạ	quen	a	en	1	strange; unfamiliar
lạ	bình thường	a	en	2	strange; odd; weird
lạc quan	bi quan	a	en	1	optimistic
lạc thành	lễ lạc	s	en	1	a party or ceremony held to celebrate the construction and building of a new hou
lạc thành	lễ lạc thành	s	en	1	a party or ceremony held to celebrate the construction and building of a new hou
lạnh giá	giá lạnh	s	en	1	freezing cold
lạnh ngắt	lạnh tanh	s	en		
lạt nhách	nhạt thếch	s	en	1	very bland, extremely tasteless
lả	lử	s	en	3	to be so exhausted that your body feels completely limp and you can't do anythin
lảo đảo	liêu xiêu	s	en	1	unstable; unbalanced
lạnh tanh	lạnh lẽo	s	en	1	devoid of all human feelings and emotions
lấy dạ tiểu nhân đo lòng quân tử	suy bụng ta ra bụng người	s	en		
lấy lệ	chiếu lệ	s	en	1	
lấy lệ	đối phó	s	en	1	
lầm lỡ	lỡ lầm	s	en	1	to make a mistake (due to negligence); to be mistaken
lần hồi	dần dần	s	en	1	gradually; incrementally; day by day
lần hồi	dần dà	s	en	1	gradually; incrementally; day by day
lần hồi	lần lần	s	en	1	gradually; incrementally; day by day
lầu	tầng	s	en	2	floor/storey (except the ground floor/storey),
lẩn mẩn	tẩn mẩn	s	en	1	to waste one's time with triviality|trivialities
lẫm	vựa	s	en	1	granary
lận	dúi	s	en	3	to stuff that which is valuable into something gently
lập phương	lập	s	en	2	cubed
lật	giở	s	en	2	to open (a book, etc.)
lắc bạc	còng	s	en	1	handcuffs
lắm	nhiều	s	en	1	many, much; a lot
lắm	rất	s	en		
lặn	trội	a	en	4	recessive
lặt	thiến	s	en	2	to castrate an animal
lằng	nhặng	s	en	1	()
lằng	ruồi lằng	s	en	1	()
lặng thầm	thầm lặng	s	en	1	silent; mute; taciturn
lẳn	nẫn	s	en	1	chunky; rotund
lẳn	nây	s	en	1	chunky; rotund
lẻ	linh	s	en	4	
lẻ	chẵn	a	en		
lẹ	nhanh	s	en	1	fast; quick; swift
lẹ	mau	s	en	1	fast; quick; swift
lẽ ra	đúng ra	s	en	1	supposed to; to do something proper in the past instead
lẽ ra	đáng ra	s	en	1	supposed to; to do something proper in the past instead
lẽ ra	đáng lẽ	s	en	1	supposed to; to do something proper in the past instead
lẹm	dùi	s	en	1	kind of awl
lẹm	giùi	s	en	1	kind of awl
lẹm	cầu vồng	s	en	3	rainbow<ref></ref>
lẻo	xẻo	s	en	1	to slice
lẻo	thẻo	s	en	1	to slice
lều	chòi	s	en	1	a hut
lễ ngũ tuần	lễ thất tuần	s	en	1	
lệ chi	vải	s	en	1	lychee
lễ lạc thành	lễ lạc	s	en	1	a party or ceremony held to celebrate the building of a new house
lễ lạc thành	lạc thành	s	en	1	a party or ceremony held to celebrate the building of a new house
lệ ngoại	ngoại lệ	s	en		
lịch sử	sử	s	en	1	
lỏng	chặt	a	en	1	; compare
lọi	gãy	s	en	1	to fracture; to dislocate
lọng cọng	vụng về	s	en	1	awkward, fumbling
lọng cọng	lóng ngóng	s	en	1	awkward, fumbling
lọng cọng	ngượng nghịu	s	en	1	awkward, fumbling
lốc	trốt	s	en	2	tornado, twister
lốp	vỏ	s	en	1	tire, tyre
lối vào	cổng	s	en		
lối	cách	s	en	2	manner
lồi	lõm	a	en	1	protruding, jutting or convex
lố	tá	s	en	3	dozen
lốp bốp	lốp đốp	s	en	1	: crackly; popping; snapping
lốp bốp	bộp chộp	s	en	2	rash, thoughtless, impulsive
lồng đèn	đèn lồng	s	en	1	a lantern
lỗ đen	hố đen	s	en	1	a
lỗi lầm	lầm lỗi	s	en	1	mistake; error; fault
lớn	to	s	en	1	big; large
lớn	bự	s	en	1	big; large
lớn	nhỏ	a	en	1	big; large
lớn	bé	a	en	1	big; large
lột	bóc	s	en	2	to peel off skin
lộng	khơi	a	en	1	coastal waters
lộng ngôn	loạn ngôn	s	en	1	to speak irrationally or overwhelmingly
lộp bộp	lộp độp	s	en	1	: plopping, thumping, thudding
lờ	bơ	s	en	2	
lớn tuổi	già	s	en	1	old, aged
lớp tớp	bộp chộp	s	en	1	careless, mindless; rash
lớp tớp	hấp tấp	s	en	1	careless, mindless; rash
lớp tớp	hậu đậu	s	en	1	careless, mindless; rash
lớp tớp	đoảng	s	en	1	careless, mindless; rash
lờ đờ	lừ đừ	s	en	1	slow and unlively
lợn	ỉn	s	en		
lợn	heo	s	en		
lợn	cúi	s	en		
lợn	vi	s	en		
lợn lòi	lợn rừng	s	en	1	wild boar
lợn lòi	heo rừng	s	en	1	wild boar
lợi niệu	lợi tiểu	s	en	1	diuretic
lợi tiểu	lợi niệu	s	en	1	diuretic
lỡ thời	ế	s	en	1	on the shelf, past usual age for marriage but still unmarried
lục huyền cầm	ghi-ta	s	en		
lợn rừng	heo rừng	s	en	1	wild boar
lục bình	bèo tây	s	en	1	water hyacinth
lợn đất	heo đất	s	en	1	a
lụm	nhặt	s	en	1	to pick up
lụm	lượm	s	en	1	to pick up
lụp xụp	ọp ẹp	s	en	1	run-down, decrepit
lục trà	trà xanh	s	en	1	green tea
lụi hụi	lúi húi	s	en	1	engrossed in, absorbed by
lủm	nuốt chửng	s	en	1	to swallow whole
lủng	thủng	s	en	1	having a hole; perforated
lừ đừ	lừ thừ	s	en	1	slow and unanimated
lừ thừ	lờ đờ	s	en	1	sluggish
lứa đôi	đôi lứa	s	en	1	young couple; well-matched pair
lử	lả	s	en	1	so exhausted that one's body feels completely limp and one cannot do anything an
lừng danh	nổi tiếng	s	en	1	celebrated; famous; esteemed; notable; renowned
lừng lững	sừng sững	s	en	1	colossal and blocking the way
lử lả	lử	s	en	1	so exhausted that one's body feels completely limp and one cannot do anything an
lử lả	lả	s	en	1	so exhausted that one's body feels completely limp and one cannot do anything an
ma	quỷ	s	en	2	a demon
lựu	thạch lựu	s	en	1	pomegranate
lựa	chọn	s	en	1	to choose (from a number of options)
ma lanh	láu cá	s	en		
ma lanh	láu lỉnh	s	en		
ma lanh	lanh lợi	s	en		
ma cô	gian ngoan	s	en	2	treacherous; evil
ma cô	đê tiện	s	en	2	treacherous; evil
ma cô	xảo trá	s	en	2	treacherous; evil
ma cô	hèn hạ	s	en	2	treacherous; evil
ma quái	ma quỷ	s	en	1	ghosts and devils; evil spirits
ma đói	ngạ quỷ	s	en	1	preta, hungry ghost
mai gầm	rắn cạp nong	s	en	1	
mai phục	phục kích	s	en	1	to ambush
mai phục	tập kích	s	en	1	to ambush
mai vàng	mai	s	en	1	yellow mai ()
mau	nhanh	s	en	3	fast, quickly
manh mối	đầu mối	s	en	1	clue; hint; thread
manh tâm	mưu đồ	s	en	1	to attempt to do something suspicious; to conspire
manh tâm	rắp tâm	s	en	1	to attempt to do something suspicious; to conspire
me	mẹ	s	en	2	mother
me	má	s	en	2	mother
men tiêu hoá	enzim	s	en	1	an enzyme
minh tâm khắc cốt	khắc cốt minh tâm	s	en	2	stamped or etched in one's memory; unforgettable
miếng	mảnh	s	en	1	piece, crumb
miếng	mẫu	s	en	1	piece, crumb
miêu tả	mô tả	s	en	1	to describe; to outline
miết	riết	s	en	2	uninterruptedly; without a break; continuously
miền bắc	bắc bộ	s	en	2	}}
miền trung	trung bộ	s	en	2	}}
miền nam	nam bộ	s	en	2	}}
miền xuôi	mạn ngược	a	en	1	lowland
miền xuôi	vùng cao	a	en	1	lowland
miền đông	đông nam bộ	s	en	2	
miệng	mồm	s	en	1	mouth
miệng	mỏ	s	en	1	mouth
miệng nam mô, bụng một bồ dao găm	khẩu phật tâm xà	s	en	1	hypocritical, wolf in sheep's clothing, speaking virtuously but hiding selfish i
miễu	đình	s	en	1	village shrine
miễn nhiễm	miễn dịch	s	en	1	to be immune to
moi	ruốc	s	en	2	kind of small shrimp of the genus
moi	khuyết	s	en	2	kind of small shrimp of the genus
mong đợi	trông mong	s	en	1	to expect; to wait (for)
mong chờ	chờ mong	s	en	1	to expect; to await
mu	mai	s	en	3	the carapaces (dorsal shells) of some animals (e.g. turtles and crustaceans)
mun	tro	s	en	1	ashes
mun	gio	s	en	1	ashes
mun	đen	s	en	3	black
mua	tậu	s	en	1	to buy; to purchase
mua	sắm	s	en	1	to buy; to purchase
mua	bán	a	en	1	to buy; to purchase
moóc	voi biển	s	en	1	walrus
moóc	hải tượng	s	en	1	walrus
muống	phễu	s	en	2	funnel
muôn hình	muôn hình vạn trạng	s	en	1	that varies a lot; that takes many different forms; that comes in all shapes and
muôn hình vạn trạng	muôn hình	s	en	1	highly varied
muôn đời	muôn thuở	s	en	1	perpetual; eternal; everlasting
mà	nhưng	s	en	1	but; however; nevertheless
mà	nhưng mà	s	en	1	but; however; nevertheless
màn	mùng	s	en	1	mosquito net
muỗng canh	thìa canh	s	en	1	tablespoon
muộn	trễ	s	en	1	late; tardy
muỗng	thìa	s	en	1	spoon
mà cả	mặc cả	s	en	1	to bargain
muộn phiền	phiền muộn	s	en	1	sorrowful
muỗm	xoài hôi	s	en	2	, a species of flowering plants in the  (mango genus).
muồm muỗm	muỗm	s	en	1	,
muỗng cà phê	thìa cà phê	s	en	1	teaspoon
màng nhầy	niêm mạc	s	en	1	mucous membrane
màng nhện	mạng nhện	s	en	2	spiderweb
màng lưới	võng mạc	s	en	1	retina
màng tang	sơn kê tiêu	s	en	1	, may chang ()
mào	mồng	s	en	1	crest; comb (of a bird)
mày	lông mày	s	en	1	eyebrows
mày	nuôi	s	en	4	adopted or adoptive
màng óc	màng não	s	en	1	meninx
mái	trống	a	en	1	female
má	mạ	s	en	2	mother; mom
má	mẹ	s	en	2	mother; mom
má	mợ	s	en	2	mother; mom
má	u	s	en	2	mother; mom
má	bầm	s	en	2	mother; mom
má	đẻ	s	en	2	mother; mom
máng	xối	s	en	2	
mát	ấm	a	en	1	cool
mát	nóng	a	en	1	cool
mát	mát ruột	s	en	2	pleasant, soothing, agreeable, go down|goes down easily
mát	nóng ruột	a	en	2	pleasant, soothing, agreeable, go down|goes down easily
mát	ấm	s	en	5	cray-cray
mái chèo	chèo	s	en	1	an oar or a paddle
máy bay	phi cơ	s	en	1	aircraft,  airplane
máy bay	tàu bay	s	en	1	aircraft,  airplane
máu nóng	máu lạnh	a	en	1	warm-blooded
máu lạnh	máu nóng	a	en	1	cold-blooded
máy bay lên thẳng	máy bay trực thăng	s	en	1	helicopter
máy bay lên thẳng	trực thăng	s	en	1	helicopter
máy bay trực thăng	trực thăng	s	en	1	helicopter
máy bay trực thăng	máy bay lên thẳng	s	en	1	helicopter
máy chụp hình	máy ảnh	s	en	1	camera for taking photos
máy chữ	máy đánh chữ	s	en	1	typewriter
máy bay ném bom	oanh tạc cơ	s	en	1	bomber
máy bay tiêm kích	chiến đấu cơ	s	en	1	fighter aircraft; fighter plane; fighter
máy chiếu	máy chiếu hình	s	en	1	a projector; an optical device that projects a beam of light, especially one use
máy chiếu hình	máy chiếu	s	en	1	a projector; an optical device that projects a beam of light, especially one use
máy may	máy khâu	s	en	1	sewing machine
máy hát	máy quay đĩa	s	en	2	a record player
máy tính	máy tính bỏ túi	s	en	1	calculator
máy tính	máy vi tính	s	en	2	computer
máy tính	điện não	s	en	2	computer
máy rửa chén	máy rửa bát	s	en	1	dishwasher
máy phát điện	máy đèn	s	en	1	generator
máy rửa bát	máy rửa chén	s	en	1	a dishwasher
máy sưởi	máy làm nóng	s	en	1	a heater (household appliance)
máy quay đĩa	máy hát	s	en	1	a gramophone; a phonograph; a device that uses a diamond pickup to spin and read
máy sấy	máy sấy quần áo	s	en	1	a drying appliance, esp. a clothes dryer
máy vi tính	máy tính	s	en		
máy vi tính	vi tính	s	en		
máy tính bảng	ipad	s	en	1	tablet computer; tablet
máy điều hoà nhiệt độ	điều hoà	s	en	1	air conditioner
máy điều hoà nhiệt độ	máy điều hoà không khí	s	en	1	air conditioner
máy điều hoà nhiệt độ	máy lạnh	s	en	1	air conditioner
máy điều hoà không khí	điều hoà	s	en	1	air conditioner
máy điều hoà không khí	máy lạnh	s	en	1	air conditioner
máy điều hoà không khí	máy điều hoà nhiệt độ	s	en	1	air conditioner
máy đánh chữ	máy chữ	s	en	1	typewriter
máy ảnh	máy chụp hình	s	en	1	camera for taking pictures
mây	song	s	en	2	rattan
mây mưa	tình dục	s	en		
mây mưa	chuyện ấy	s	en		
mâm xôi	ngấy	s	en	1	berries of the genus , especially the raspberry
máy đèn	máy phát điện	s	en	1	generator
mãi dâm	mua dâm	s	en	1	to use the service of prostitutes
mã tấu	phớ	s	en	1	machete
mè	vừng	s	en		
mãng cầu ta	na	s	en	1	sugar apple ()
mãng cầu ta	mãng cầu dai	s	en	1	sugar apple ()
mãng cầu	na	s	en	1	
mãng cầu	mãng cầu ta	s	en	1	
mèn đét ơi	trời đất ơi	s	en	1	
mèn đét ơi	trời ơi	s	en	1	
mèn đét ơi	mèn ơi	s	en	1	
mèn đét ơi	chèn ơi	s	en	1	
mèn đét ơi	chèn đét ơi	s	en	1	
mãn ý	thoả mãn	s	en	1	satisfied; pleased
mãn ý	hài lòng	s	en	1	satisfied; pleased
mèng đéc ơi	trời đất ơi	s	en	1	gosh, golly, golly gee, gee whiz
mèng đéc ơi	trời ơi	s	en	1	gosh, golly, golly gee, gee whiz
mèng đéc ơi	mèng ơi	s	en	1	gosh, golly, golly gee, gee whiz
mèng đéc ơi	chèng đéc ơi	s	en	1	gosh, golly, golly gee, gee whiz
mèng đéc ơi	chèng ơi	s	en	1	gosh, golly, golly gee, gee whiz
mèng ơi	trời ơi	s	en	1	gosh, golly, golly gee, gee whiz
mèng ơi	trời đất ơi	s	en	1	gosh, golly, golly gee, gee whiz
mèng ơi	mèng đéc ơi	s	en	1	gosh, golly, golly gee, gee whiz
mèng ơi	chèng đéc ơi	s	en	1	gosh, golly, golly gee, gee whiz
mèng ơi	chèng ơi	s	en	1	gosh, golly, golly gee, gee whiz
mèn ơi	trời ơi	s	en	1	
mèn ơi	trời đất ơi	s	en	1	
mèn ơi	mèn đét ơi	s	en	1	
mì gói	mì ăn liền	s	en	1	instant noodles
mì gói	mì tôm	s	en	1	instant noodles
mì tôm	mì ăn liền	s	en	1	instant noodles
mì tôm	mì gói	s	en	1	instant noodles
mình	ta	s	en	3	oneself
mình	người	a	en	3	oneself
mì ăn liền	mì gói	s	en	1	instant noodles
mì ăn liền	mì tôm	s	en	1	instant noodles
mình vóc	thân thể	s	en	1	body
móc	đủng đỉnh	s	en	7	
mòng	ruồi trâu	s	en	1	horsefly
mòi	tăm	s	en	1	underwater air bubble (''especially from fish one wants to catch'')
mòi	dấu hiệu	s	en	2	indication; symptom
mòi	triệu chứng	s	en	2	indication; symptom
móng tay	ốc móng tay	s	en	2	solenid
mô	đâu	s	en	1	where
mô tả	miêu tả	s	en	1	to describe
môn phái	trường phái	s	en	1	school; sect
mù	đui	s	en	1	blind
mù	khiếm thị	s	en	1	blind
mùa hạ	hạ	s	en		
mùa hè	hè	s	en		
mùa hè	mùa hạ	s	en		
mùa hè	hạ	s	en		
mõm	miệng	s	en	2	
mõm	mồm	s	en	2	
mõ	mộc ngư	s	en	1	wooden fish, temple block; wooden tocsin
mông mênh	mênh mông	s	en	1	vast; immense; extensive; boundless
mùa thu	thu	s	en		
mùa đông	đông	s	en		
mùa xuân	xuân	s	en		
mùng	màn	s	en	1	mosquito net
mùi soa	khăn tay	s	en	1	handkerchief
mùi soa	mu-xoa	s	en	1	handkerchief
mùi tàu	ngò gai	s	en	1	culantro; chadon beni ()
mĩ nhân	người đẹp	s	en	1	a beautiful woman; a beauty
mũ	nón	s	en	1	hat; cap; helmet
mũ	mạo	s	en	1	hat; cap; helmet
mũ nồi	mũ bê-rê	s	en	1	beret
mũ bê-rê	mũ nồi	s	en		
mũ bảo hiểm	nón bảo hiểm	s	en	1	a
mũ bảo hiểm	nồi cơm điện	s	en	1	a
mũ len	nón len	s	en	1	beanie
mũi tên	tên	s	en		
mươi	chục	s	en	1	ten
mươi	sương giá	s	en	3	frost
mưng mủ	mưng	s	en	1	to suppurate
mười	chục	s	en	1	ten
mướp tây	đậu bắp	s	en	1	okra,
mướp đắng	khổ qua	s	en	1	bitter melon; bitter gourd
mướn	thuê	s	en	1	to hire, to rent
mươn	chõng	s	en	1	a kind of bamboo pallet, resembling a small table
mười mươi	một trăm	s	en	1	one hundred
mượn	trả	a	en	1	to borrow
mại dâm	bán dâm	s	en	1	to prostitute oneself
mạch núi	dãy núi	s	en	1	mountain range
mạch núi	rặng núi	s	en	1	mountain range
mạch núi	sơn mạch	s	en	1	mountain range
mạch tích hợp	vi mạch	s	en	1	an integrated circuit
mạch tích hợp	vi mạch tích hợp	s	en	1	an integrated circuit
mượn gió bẻ măng	thừa nước đục thả câu	s	en	1	to fish in troubled waters
mạnh khoẻ	mạnh giỏi	s	en	1	strong; healthy; well
mạn ngược	vùng cao	s	en	1	upland; hinterland
mạn ngược	miền xuôi	a	en	1	upland; hinterland
mạnh giỏi	mạnh khoẻ	s	en	1	strong; healthy; well
mạt kiếp	khốn khổ	s	en		
mạt kiếp	khốn cùng	s	en		
mạt kiếp	khốn đốn	s	en		
mạt kiếp	khốn nạn	s	en		
mạt kiếp	cùng khổ	s	en		
mạt kiếp	khốn kiếp	s	en		
mạo từ	quán từ	s	en	1	an
mả cha	mả mẹ	s	en	1	fuck
mả mẹ	mả cha	s	en	1	fuck
mất	còn	a	en	2	to pass away
mấn	váy	s	en	1	skirt
mấn	xống	s	en	1	skirt
mất cắp	mất trộm	s	en	1	to be a victim of a theft
mất mùa	thất bát	s	en	1	to have a poor crop; to have a bad harvest
mất mùa	bội thu	a	en	1	to have a poor crop; to have a bad harvest
mẫn cảm	nhạy cảm	s	en	1	sensitive, allergic
mẫu tự	chữ cái	s	en	1	
mẫu số	mẫu	s	en	1	a
mẫu hệ	phụ hệ	a	en	1	matriarchal
mẫu âm	nguyên âm	s	en		
mẫu thân	thân mẫu	s	en		
mật	mật ong	s	en	1	honey (of bees)
mận	roi	s	en	2	wax apple ()
mập	mập mạp	s	en	1	fat, obese, stout, plump
mập	to béo	s	en	1	fat, obese, stout, plump
mập	béo	s	en	1	fat, obese, stout, plump
mập	bậm	s	en	1	fat, obese, stout, plump
mậu dịch	thương mại	s	en	1	trade; commerce
mận bắc	mận	s	en	1	, the Chinese plum or Japanese plum
mập ú	béo ú	s	en	1	fat
mắc	đắt	s	en	8	expensive; dear
mắm	nhỏ	s	en	3	girl; girlie
mắm	cái	s	en	3	girl; girlie
mắm	mím	s	en	4	to tighten
mắc cười	tức cười	s	en	1	funny
mắc cười	buồn cười	s	en	1	funny
mắc cỡ	thẹn	s	en	1	shy; bashful
mắc cỡ	xấu hổ	s	en	1	shy; bashful
mặc	cởi	a	en	1	to wear or put on (a top or bottom)
mặc	kệ	s	en	2	to leave alone; to let be; to leave be
mặc	để	s	en	4	in order to; by; with; so
mắng	chửi	s	en	2	to scold, to chide
mắng	la	s	en	2	to scold, to chide
mắng	rầy	s	en	2	to scold, to chide
mắt kính	kính mắt	s	en		
mặc cả	trả giá	s	en	1	to
mặc cả	mà cả	s	en	1	to
mặn	nhạt	s	en	2	too salty
mặn	chay	a	en	3	having meat or fish; not vegan
mặn	ngọt	a	en	3	having meat or fish; not vegan
mặt	phải	s	en	7	right
mặc xác	kệ	s	en	1	to leave someone alone
mặc xác	mặc	s	en	1	to leave someone alone
mặc xác	mặc kệ	s	en	1	to leave someone alone
mẹ kế	dì	s	en		
mẹ kế	dì ghẻ	s	en		
mẹ thiên hạ	bố đời	s	en	1	female person who is haughty and condescending towards other people
mẹ ghẻ	dì ghẻ	s	en	1	stepmother
mềm	cứng	a	en	1	soft
mềm	rắn	a	en	1	soft
mệnh	mạng	s	en	1	life
mệnh	vận mệnh	s	en	2	fate
mệnh	số mệnh	s	en	2	fate
mệnh	mệnh lệnh	s	en	3	order from the monarch
mề đay	huy hiệu	s	en		
mệ	mẹ	s	en		
mền	chăn	s	en	1	blanket
mềm mỏng	cứng rắn	a	en	1	flexible; pliant; malleable
mệnh chung	từ trần	s	en	1	to pass away
mệnh chung	tạ thế	s	en	1	to pass away
mệnh chung	mệnh một	s	en	1	to pass away
mệnh chung	lìa trần	s	en	1	to pass away
mệnh chung	lìa đời	s	en	1	to pass away
mệnh một	từ trần	s	en	1	to pass away
mệnh một	tạ thế	s	en	1	to pass away
mệnh một	mệnh chung	s	en	1	to pass away
mệnh một	lìa trần	s	en	1	to pass away
mệnh một	lìa đời	s	en	1	to pass away
mệt	mỏi	s	en		
mệt	nhọc nhằn	s	en		
mệt	rã rời	s	en		
mệt mỏi	mệt nhọc	s	en		
mịn	ráp	a	en	1	smooth; silky; fine
mệt nhọc	mệt mỏi	s	en		
mọi lúc	mọi lần	s	en	1	every time; previously
mỏ neo	neo	s	en	1	anchor
mỏ ác	thóp	s	en	2	
mỏi	mệt	s	en		
mỏi	nhọc	s	en		
mốt	ngày mốt	s	en	2	day after tomorrow
mốt	ngày kia	s	en	2	day after tomorrow
mốt	tương lai	s	en	3	future
mỏm	chỏm	s	en	1	top; peak; summit
mỏm	chóp	s	en	1	top; peak; summit
mỏm	đỉnh	s	en	1	top; peak; summit
mồm	miệng	s	en	1	mouth
mồng	mùng	s	en	1	) to denote one of the first ten days of a month, itself optionally prefixed by 
mồng	mào	s	en	2	crest; comb (of cock)
mỗ	tôi	s	en	2	I
mỗ	mình	s	en	2	I
mỗ	tao	s	en	2	I
mỗ	ta	s	en	2	I
mỗ	tui	s	en	2	I
mỗ	tớ	s	en	2	I
mộc nhĩ	nấm mèo	s	en		
mộc nhĩ đen	nấm mèo	s	en		
mộ đạo	sùng đạo	s	en	1	to be religious or pious
mộc ngư	mõ	s	en	1	a wooden fish
mộng	mơ	s	en	3	dream
một chiều	khứ hồi	a	en	3	one-way/
một chiều	xoay chiều	a	en	4	
một mình	mình ên	s	en	1	alone
mới	cũ	a	en	1	new (recently made or created)
mới coong	mới tinh	s	en	1	brand new
mới coong	mới toanh	s	en	1	brand new
mới toanh	mới tinh	s	en	1	brand new
mới toanh	mới coong	s	en	1	brand new
mở	đóng	a	en	1	to open, be open
mở	mở rộng	s	en	2	to unfold, expand, open up
mở	gấp	a	en	2	to unfold, expand, open up
mở	thu	a	en	2	to unfold, expand, open up
mở	bật	s	en	3	to turn on, start up
mở	khởi động	s	en	3	to turn on, start up
mở	tắt	a	en	3	to turn on, start up
mở	khai trương	s	en	4	to open for business
mở	bắt đầu	s	en	5	to launch, inaugurate
mở	kết thúc	a	en	5	to launch, inaugurate
mớm	sún	s	en	1	to feed (with premasticated food)
mớm	thử	s	en	2	for a test; for a tryout
mở cửa	đóng cửa	a	en	1	to open the door
mợ	thím	s	en		
mợ	mự	s	en		
mợ	u	s	en		
mợ	mẹ	s	en		
mợ	mạ	s	en		
mợ	má	s	en		
mục đích	mục tiêu	s	en	1	a goal, a purpose, an aim or an objective
mụt ruồi	nốt ruồi	s	en	1	mole; w:Melanocytic nevus|melanocytic nevus
mừng tuổi	lì xì	s	en		
mửa	nôn	s	en	1	to vomit
mửa	ói	s	en	1	to vomit
mựa	đừng	s	en	1	don't
mực dái	bạch tuộc	s	en	1	octopus  }}
mực dái	mực tuộc	s	en	1	octopus  }}
mực nang	mực mai	s	en	1	cuttlefish
mực ống	mực ghim	s	en	3	mitre squid }}
mực ống	mực kim	s	en	4	spear squid }}
mực mai	mực nang	s	en	1	cuttlefish
mực ma	mực xà	s	en	1	purpleback flying squid ()
mực xà	mực ma	s	en	1	purpleback flying squid ()
mực kim	mực ống	s	en	1	spear squid }}
mực ghim	mực ống	s	en	1	mitre squid }}
nang	cau	s	en	2	areca
nam sinh	nữ sinh	a	en	1	a
nan hoa	căm	s	en	1	spoke
nao	nôn nao	s	en	1	uneasy
nem rán	chả giò	s	en	1	spring roll (shredded vegetables wrapped in a pancake)
nem cuốn	gỏi cuốn	s	en	1	Vietnamese spring roll
nga ngố	khờ	s	en		
nga ngố	tồ	s	en		
nga ngố	ngố	s	en		
nga ngố	ngốc	s	en		
nga ngố	ngốc nghếch	s	en		
nga ngố	nga	s	en		
ngan	vịt xiêm	s	en		
ngang	dọc	a	en	1	horizontal
nghe	nghe lời	s	en	3	to listen
ngay lập tức	ngay	s	en		
ngay lập tức	lập tức	s	en		
ngay lập tức	ngay tức khắc	s	en		
ngay lập tức	ngay tức thì	s	en		
ngay lập tức	cuối cùng	a	en		
ngay cạnh	ngay	s	en	1	right by; right beside
nghiêng	chéo	s	en		
nghiêng	xiên	s	en		
nghiêm đường	phụ thân	s	en	1	father
nghiêm đường	thân phụ	s	en	1	father
nghiện	ghiền	s	en	1	to be addicted to
nghiện	nghiền	s	en	1	to be addicted to
nghèo	giàu	a	en	1	poor
nghiệp dư	tài tử	s	en	1	amateur; non-professional
nghiệp dư	a-ma-tơ	s	en	1	amateur; non-professional
nghèo đói	đói nghèo	s	en	1	so poor up to the point of having no food
nghêu ngao	vu vơ	s	en	1	aloud, yet with no specific purpose
nghĩa trang	nghĩa địa	s	en	1	cemetery, graveyard
nghĩa bóng	nghĩa đen	a	en	1	
nghĩ đến	nghĩ tới	s	en	1	to think about; to think of; to consider
nghĩ tới	nghĩ đến	s	en	1	to think about; to think of; to consider
nghĩa địa	nghĩa trang	s	en	1	cemetery, graveyard
nghĩa địa	tha ma	s	en	1	cemetery, graveyard
nghẹn	hóc	s	en	1	to be choked (while eating)
nghĩa đen	nghĩa bóng	a	en	1	
nghẹ	lọ	s	en	1	soot
nghẹ	nhọ	s	en	1	soot
nghẹ	muội	s	en	1	soot
nghị sĩ	nghị viên	s	en	1	
nghị viện	nghị trường	s	en	1	a
nghịch	quậy	s	en	5	to be playfully naughty
nghị trường	nghị viện	s	en	1	parliament
ngon	dở	a	en	1	delicious; tasty; succulent
ngon	tệ	a	en	1	delicious; tasty; succulent
ngoan ngoãn	dễ bảo	s	en	1	obedient; docile; well-behaved
ngon lành	tốt lành	s	en	2	good, beneficial
ngoài nội	đồng nội	s	en	1	wilderness, grasslands
ngoại bào	nội bào	a	en	1	extracellular
ngoại thất	nội thất	a	en	1	exterior
ngoại tuyến	trực tuyến	a	en	1	offline
ngoại tuyến	trên mạng	a	en	1	offline
ngoại thành	ngoại ô	s	en	1	suburb; outskirts
ngoại sinh	nội sinh	a	en	1	exogenous
ngoại động từ	tha động từ	s	en	1	transitive verb
ngoắt	vẫy	s	en	2	to wag; to wave; to wiggle
ngoại ô	ngoại thành	s	en	1	suburbs; outskirts
ngoại độc tố	nội độc tố	a	en	1	exotoxin
ngoại vụ	nội vụ	a	en	1	
nguy cơ	rủi ro	s	en	1	the risk, odds or likelihood of something disastrous happening
ngoặt	ngoắt	s	en	1	to turn (something) suddenly in another direction
ngoặt	quặt	s	en	1	to turn (something) suddenly in another direction
ngoẻo	chết	s	en	1	to die, to kick the bucket
ngu độn	ngu đần	s	en	1	moronic, dim-witted, brainless
nguyên cớ	duyên cớ	s	en	1	reason, cause
nguyên cớ	nguyên nhân	s	en	1	reason, cause
nguyên bản	bản sao	a	en	1	original
nguy nga	tráng lệ	s	en	1	splendid; magnificient; superb
nguyên tắc	nguyên lí	s	en	1	principle
nguyên mẫu	vô định	s	en	1	infinitive
nguyên sơ	sơ khai	s	en	1	
nguyên âm	mẫu âm	s	en	1	vowel
nguyên âm đôi	nhị trùng âm	s	en	1	diphthong
nguyên xi	y nguyên	s	en	1	literally; word for word; verbatim
nguỵ khoa học	giả khoa học	s	en	1	pseudoscience
ngày	hôm	s	en	1	day
ngày	bữa	s	en	1	day
ngày	đêm	a	en	2	day
ngày	tối	a	en	2	day
ngày hôm nay	hôm nay	s	en	1	today
ngày hôm nay	bữa nay	s	en	1	today
nguỵ đời	kì quặc	s	en	1	very strange, odd, unusual or weird
nguỵ đời	bình thường	a	en	1	very strange, odd, unusual or weird
ngày xửa ngày xưa	ngày nảy ngày nay	a	en	1	once upon a time
ngày nảy ngày nay	ngày xửa ngày xưa	a	en	1	
ngày nay	ngày ấy	a	en	1	nowadays; these days
ngày nay	ngày đó	a	en	1	nowadays; these days
ngày nay	ngày xưa	a	en	1	nowadays; these days
ngày mốt	mốt	s	en	1	
ngày mốt	ngày kia	s	en	1	
ngày kia	ngày mốt	s	en	1	day after tomorrow
ngày kia	mốt	s	en	1	day after tomorrow
ngày xưa	xưa kia	s	en	1	formerly; in the past
ngã	té	s	en	1	to fall on the ground while standing on it in a tripping, toppling or collapsing
ngã	bổ	s	en	1	to fall on the ground while standing on it in a tripping, toppling or collapsing
ngã	đổ	s	en	2	to collapse onto the ground and remains there for a period of time
ngã	sụp	s	en	2	to collapse onto the ground and remains there for a period of time
ngân hàng	nhà băng	s	en	1	a bank
ngân khố	kho bạc	s	en	1	treasury, exchequer
ngò	mùi	s	en	1	cilantro (coriander leaf)
ngò gai	mùi tàu	s	en	1	culantro ()
ngã xuống	hi sinh	s	en	2	to fall
ngón trỏ	ngón tay trỏ	s	en	1	
ngóng	nhóng	s	en	1	to wait for (with impatience); to expect
ngón tay trỏ	ngón trỏ	s	en	1	the index finger; the forefinger
ngôn ngữ	tiếng	s	en	1	language
ngôn ngữ	ngữ ngôn	s	en	1	language
ngăn	cản	s	en	1	to stop or prevent someone from doing something
ngăn nắp	gọn gàng	s	en	1	neat; tidy
ngũ ngôn tuyệt cú	ngũ ngôn tứ tuyệt	s	en	1	a form of  in which each line consists of five syllables
ngũ ngôn tứ tuyệt	ngũ ngôn tuyệt cú	s	en	1	a form of  in which each line consists of five syllables
ngư thuyền	thuyền chài	s	en	1	fishing boat
ngơ ngẩn	ngẩn ngơ	s	en	1	lost in thought, dreamy, spellbound
người việt	người kinh	s	en	2	ethnic Vietnamese
người mĩ	người hoa kỳ	s	en		
người anh-điêng	người da đỏ	s	en	1	an Indian
ngươi	đồng tử	s	en	3	pupil
người bay	phi công	s	en		
người da đỏ	người anh-điêng	s	en	1	redskin
người lạ	người quen	a	en	1	a stranger ; compare
người dưng	người dưng nước lã	s	en	1	a non-relative; compare
người dưng	người thân	a	en	1	a non-relative; compare
người lạ mặt	người lạ	s	en		
người ngoài hành tinh	người ngoài trái đất	s	en	1	extraterrestrial being; alien
người ngoại quốc	người nước ngoài	s	en	1	foreigner; alien
người phàm trần	người trần mắt thịt	s	en	1	a mortal
người người	ai ai	s	en	1	people
người thân	thân nhân	s	en	1	relative
người thân	người dưng	a	en	1	relative
người quen	người lạ	a	en	1	an acquaintance
người yêu	bồ	s	en	1	non-marital romantic partner
người yêu	bạn trai	s	en	1	non-marital romantic partner
người yêu	bạn gái	s	en	1	non-marital romantic partner
người yêu	gấu	s	en	1	non-marital romantic partner
người đẹp	mĩ nhân	s	en	2	a beautiful woman; a beauty
người đời	thiên hạ	s	en	1	other people, as opposed to myself/ourselves
người đi bộ	bộ hành	s	en	1	wayfarer; walker; foot-passenger; pedestrian
ngạc nhiên	kinh ngạc	s	en	1	to be surprised; to be astonished
ngượng ngập	ngượng	s	en	1	awkward
ngạ quỷ	ma đói	s	en	1	''preta'', hungry ghost
ngả	sấp	a	en	2	face-up
ngả	giết	s	en	5	to kill (an animal for food)
ngạt	ngộp	s	en	1	to suffocate; to asphyxiate; to be deprived of oxygen
ngấn	lằn	s	en	1	welt, wheal
ngải	bùa	s	en	2	charm; spell
ngạo nghễ	phách lối	s	en	1	arrogant
ngạo nghễ	kiêu căng	s	en	1	arrogant
ngấp nghé	mấp mé	s	en	1	to nearly reach, near
ngất ngư	ngất ngưởng	s	en	1	as if about to fall
ngậm máu phun người, trước dơ miệng mình	gắp lửa bỏ tay người	s	en		
ngầu	bảnh	s	en	5	cool
ngầu pín	pín	s	en	1	the male genitals (penis or testicles) of certain animals, most often bulls, boa
ngậm nước	khan	a	en	2	hydrated
ngẩn ngơ	ngơ ngẩn	s	en	1	lost in thought, dreamy, spellbound
ngắn	dài	a	en	1	short or brief in terms of length or duration
ngậu sị	ngậu	s	en		
ngắn hạn	dài hạn	a	en	1	short-term
ngắn gọn	dài dòng	a	en	1	concise; brief
ngập tràn	tràn ngập	s	en		
ngọt	ngọt thịt	s	en	2	pleasant, savory
ngọc lan tây	hoàng lan	s	en	1	ylang ylang (''a tree of the species '')
ngọc trai	trân châu	s	en	1	pearl
ngọc khấu	nhục đậu khấu	s	en	1	nutmeg ()
ngặt nỗi	khổ nỗi	s	en	1	regrettably
ngố	ngốc	s	en	1	doltish; dull-headed
ngố	khờ	s	en	1	doltish; dull-headed
ngố	ngây ngô	s	en	1	doltish; dull-headed
ngốc nghếch	ngốc	s	en	1	foolish; stupid
ngộp	ngạt	s	en	1	to suffocate
ngột	ngạt	s	en	1	to feel suffocated
ngục	nhà tù	s	en	1	prison
ngủ	théc	s	en	1	to sleep
ngủ say	yên giấc	s	en	1	to sleep like a log; to sleep soundly or deeply
ngửa	sấp	a	en	1	face-up
ngừng	dừng	s	en		
ngừng	ngưng	s	en		
ngứa miệng	ngứa mồm	s	en	1	to be itching to say something
ngứa nghề	ngứa	s	en	2	troublemaking-prone
ngực	vú	s	en	2	breasts
ngữ pháp	văn phạm	s	en		
ngữ nguyên học	từ nguyên học	s	en		
ngữ nguyên	từ nguyên	s	en		
ngựa trời	bọ ngựa	s	en	1	mantis
ngữ văn	văn	s	en	1	Vietnamese
nhanh	chóng	s	en	1	fast; quick
nhanh	lẹ	s	en	1	fast; quick
nhanh	mau	s	en	1	fast; quick
nha phiến	thuốc phiện	s	en	1	opium
nha phiến	a phiến	s	en	1	opium
nha phiến	á phiện	s	en	1	opium
nha	nhé	s	en	1	alright?; okay?; will you?
nha đam	lô hội	s	en	1	aloe
nhang	hương	s	en	1	incense
nhau	chắc	s	en	1	each other, mutually, reciprocally, one another
nhiều	ít	a	en	1	many, much; a lot
nhiễm	lậm	s	en	2	to become so immersed in a particular hobby or subculture that it starts to affe
nhiếp hộ tuyến	tuyến tiền liệt	s	en	1	prostate gland; prostate
nhiễu nhương	loạn li	s	en	1	disorderly; chaotic
nho nhã	thư sinh	s	en	1	learned; scholarly
nhum	cầu gai	s	en	1	sea urchin
nhu	nhu mì	s	en	1	soft; gentle
nhu mì	nhu	s	en	1	soft; gentle
nhoè	tha hồ	s	en	2	to indulge
nhà	gia đình	s	en	2	immediate family; household; home
nhà	triều	s	en	7	dynasty
nhuỵ	nhị	s	en	1	a pistil
nhuỵ	nhị cái	s	en	1	a pistil
nhuận	nguỵ	s	en	2	illegitimate
nhuyễn thể	thân mềm	s	en	1	molluscs
nhà hán	hán triều	s	en	1	the  –220 }}
nhà nguyên	nguyên triều	s	en	1	the  }}
nhà minh	minh triều	s	en	1	the  }}
nhà nguyễn	nguyễn triều	s	en	1	the  }}
nhà thương	nhà ân	s	en	1	the  }}
nhà thương	ân triều	s	en	1	the  }}
nhà thanh	thanh triều	s	en	1	the  }}
nhà băng	ngân hàng	s	en	1	bank
nhà chứa	nhà thổ	s	en	1	a brothel; whorehouse; bordello
nhà tần	tần triều	s	en	1	the  }}
nhà tống	tống triều	s	en	1	the  }}
nhà buôn	thương gia	s	en	1	merchant
nhà buôn	thương nhân	s	en	1	merchant
nhà hát	rạp hát	s	en	1	theatre
nhà ga	ga	s	en		
nhà nông	nông dân	s	en	1	a farmer; an agricultural worker; a peasant
nhà thơ	thi sĩ	s	en	1	a poet
nhà thơ	thi nhân	s	en	1	a poet
nhà thổ	nhà chứa	s	en	1	a brothel; whorehouse; bordello
nhà tắm	phòng tắm	s	en	1	bathroom
nhà vệ sinh	cầu tiêu	s	en	1	bathroom; lavatory
nhà vệ sinh	toa-lét	s	en	1	bathroom; lavatory
nhà vệ sinh	nhà cầu	s	en	1	bathroom; lavatory
nhà ân	ân triều	s	en	1	the  }}
nhà ân	nhà thương	s	en	1	the  }}
nhà đường	đường triều	s	en	1	the  }}
nhái	bắt chước	s	en	3	to imitate; to mimic; to copy
nhám	trơn	a	en	1	rough, harsh, fuzzy
nhá	nhá máy	s	en	2	to prank
nhác	lười	s	en	1	lazy; idle
nhác	biếng	s	en	1	lazy; idle
nhành	cành	s	en	1	branch
nhành	nhánh	s	en	1	branch
nhá nhem	chạng vạng	s	en	1	dull, when the Sun sets
nhá nhem	chập choạng	s	en	1	dull, when the Sun sets
nhân công	nhân lực	s	en	1	manpower; labour; workforce
nhân tài	anh tài	s	en	1	a talented or gifted person
nhân tài	hào kiệt	s	en	1	a talented or gifted person
nhân tài	tài năng	s	en	1	a talented or gifted person
nhân văn	nhân ái	s	en	2	compassionate, generous, charitable
nhân ái	bác ái	s	en	1	humane; compassionate; benevolent
nhân ái	bất nhân	a	en	1	humane; compassionate; benevolent
nhãn	long nhãn	s	en	2	longan
nhì	thứ hai	s	en	1	second
nhì	thứ nhì	s	en	1	second
nhép	chuồn	s	en	1	
nhéo	véo	s	en	1	to pinch
nhãi	nhóc	s	en	1	a brat
nhãi	nhóc con	s	en	1	a brat
nhãi	ranh con	s	en	1	a brat
nhóng	ngóng	s	en	2	to wait for (with impatience); to expect
nhăm nhe	lăm le	s	en	1	to lie in wait, to await an opportunity
nhũ hương	nhựa thơm trắng	s	en	1	frankincense, olibanum (resin of )
như nước đổ đầu vịt	như nước đổ lá khoai	s	en	1	like water off a duck's back.
như nước đổ lá khoai	như nước đổ đầu vịt	s	en		
nhũ đá	thạch nhũ	s	en	1	stalactite
như nhau	giống nhau	s	en	1	resembling; similar to
nhơn	ruột	s	en	2	filling
nhưng	cơ mà	s	en		
nhưng	mà	s	en		
nhưng	nhưng mà	s	en		
nhược điểm	điểm yếu	s	en	1	a weak point; a weakness
nhược điểm	khuyết điểm	s	en	2	a flaw; a shortcoming
nhược trương	ưu trương	a	en	1	
nhạc phụ	bố vợ	s	en		
nhạc mẫu	mẹ vợ	s	en		
nhạc khí	nhạc cụ	s	en	1	musical instrument
nhạc phẩm	bản nhạc	s	en	1	a piece of music; a song
nhạy cảm	mẫn cảm	s	en	1	sensitive
nhạy cảm	tế nhị	s	en	2	sensuous, sensitive
nhảm nhí	bá láp	s	en	2	nonsense
nhạt thếch	lạt nhách	s	en	1	very bland, extremely tasteless
nhấn chuột	nhấn	s	en		
nhấn chuột	nhấp chuột	s	en		
nhấn chuột	nhấp	s	en		
nhấn chuột	bấm chuột	s	en		
nhấn chuột	bấm	s	en		
nhấn chuột	ấn chuột	s	en		
nhấn chuột	ấn	s	en		
nhấn chuột	kích	s	en		
nhấp	nhấp chuột	s	en		
nhấp	nhấn chuột	s	en		
nhấp	nhấn	s	en		
nhấp	bấm chuột	s	en		
nhấp	bấm	s	en		
nhấp	ấn chuột	s	en		
nhấp	ấn	s	en		
nhấp	kích	s	en		
nhảy mũi	hắt hơi	s	en	1	to sneeze
nhảy mũi	hắt xì	s	en	1	to sneeze
nhảy ngựa	nhảy cừu	s	en	1	
nhất	hơn cả	s	en	2	
nhẩn nha	tha thẩn	s	en	1	unhurried, leisurely
nhẩn nha	thong dong	s	en	1	unhurried, leisurely
nhẫn tâm	vô cảm	s	en	1	heartless
nhập cư	xuất cư	a	en	1	to immigrate
nhập	xuất	a	en	3	
nhận thức luận	tri thức luận	s	en	1	epistemology
nhập khẩu	xuất khẩu	a	en	1	to import
nhập ngũ	xuất ngũ	a	en	1	to enlist
nhập viện	xuất viện	a	en	1	to be admitted to hospital; to be hospitalised
nhập siêu	xuất siêu	a	en	1	a trade deficit
nhắm	mở	a	en	1	to close (eyes)
nhặt	lụm	s	en	1	to pick up (usually from the ground)
nhặt	lặt	s	en	1	to pick up (usually from the ground)
nhể	nhổ	s	en	1	to winkle out using a pick; to tweeze, extract
nhẹ nhõm	nặng nề	a	en	2	relieved; light
nhền nhện	nhện	s	en	1	
nhẹ hều	nhẹ tênh	s	en	1	very light
nhẹ hều	nặng trịch	a	en	1	very light
nhẹ tênh	nhẹ hều	s	en	1	very light
nhẹ tênh	nặng trịch	a	en	1	very light
nhịp điệu	nhịp	s	en		
nhị khúc côn	côn nhị khúc	s	en	1	nunchucks
nhị trùng âm	nguyên âm đôi	s	en	1	diphthong
nhỏ	bé	s	en	1	small; little
nhỏ xíu	bé tị	s	en		
nhỏ xíu	bé tí	s	en		
nhỏ xíu	tí hon	s	en		
nhọc nhằn	mệt	s	en		
nhọc nhằn	mỏi	s	en		
nhỏ nhoi	ít ỏi	s	en	1	small; little; petty
nhột	buồn	s	en	1	ticklish (when stroked)
nhột	chột dạ	s	en	2	to have a guilty start
nhồng	yểng	s	en	1	common hill myna ()
nhồi sọ	tẩy não	s	en	1	to indoctrinate
nhởi	chơi	s	en	1	to play
nhớt	nhầy	s	en	1	slimy
nhựa	nhựa đường	s	en	3	asphalt; bitumen
nhủ	bảo	s	en	2	to tell (an idea)
nhủ	biểu	s	en	2	to tell (an idea)
nhựa thơm trắng	nhũ hương	s	en	1	frankincense
nhục đậu khấu	ngọc khấu	s	en	1	nutmeg plant ()
nhục quế	quế đơn	s	en	1	Chinese cinnamon, cassia ()
nhục quế	quế bì	s	en	1	Chinese cinnamon, cassia ()
nick	acc	s	en	1	an account
nitơ	đạm	s	en	1	nitrogen
ninh	bung	s	en	1	to stew
ninh	hầm	s	en	1	to stew
ni viện	tăng viện	a	en	1	
niêm	tem	s	en	2	postage stamp
niêm	cò	s	en	2	postage stamp
niềm nở	vồn vã	s	en	1	welcoming, hospitable
no	no bụng	s	en	1	full
no	đói	a	en	1	full
no ấm	no đủ	s	en	1	full and sufficient; well-off; well-to-do; prosperous
no đủ	no ấm	s	en	1	comfortably off; well-off
nuy	trần truồng	s	en	1	
nuy	khoả thân	s	en	1	
nài	quản tượng	s	en	4	mahout
nàng	chàng	a	en	2	
nàng tiên	tiên nữ	s	en	1	a young-looking female fairy
này	nè	s	en	4	
nàng tiên cá	mĩ nhân ngư	s	en		
nâng	hạ	a	en	1	to raise; to lift
nâng bi	nịnh	s	en	1	to flatter someone so as to win favor; to kiss someone's ass.
nâng bi	nịnh bợ	s	en	1	to flatter someone so as to win favor; to kiss someone's ass.
nâng bi	bợ đỡ	s	en	1	to flatter someone so as to win favor; to kiss someone's ass.
não	óc	s	en	1	brain, cerebrum
nây	ba chỉ	s	en	2	pork belly
nây	ba rọi	s	en	2	pork belly
nây	lẳn	s	en	3	chubby, chunky
nây	nẫn	s	en	3	chubby, chunky
nây	này	s	en	4	this
nây	nầy	s	en	4	this
nây	ni	s	en	4	this
ném bom	oanh tạc	s	en	1	to bomb; to drop a bomb
ném tạ	đẩy tạ	s	en	1	the shot put; an athletics event where a competitor must hurl a heavy metal orb 
ní	bạn	s	en	4	you
ní	mày	s	en	4	you
ní	mi	s	en	4	you
ních	ngốn	s	en	1	to cram; to stuff; to pack in; to squeeze in (''especially food'')
ních	thồn	s	en	1	to cram; to stuff; to pack in; to squeeze in (''especially food'')
nòi giống	giống nòi	s	en	1	a race
nên thân	đích đáng	s	en	2	to be on a par with one's wrongness
nói chung	nói riêng	a	en		
nói láo	nói dối	s	en	1	to lie; to tell a lie
nói khó	đối thoại	s	en	1	conversation
nón	mũ	s	en	2	hat; cap; helmet
nón	mạo	s	en	2	hat; cap; helmet
nói thầm	thì thầm	s	en		
nói riêng	nói chung	a	en	2	in particular
nói phét	bốc phét	s	en	1	to talk big, to talk a good game
nón bảo hiểm	mũ bảo hiểm	s	en	1	
nón ba tầm	nón quai thao	s	en	1	'''', a traditional Vietnamese flat palm hat
nón quai thao	nón ba tầm	s	en	1	a type of broad, flat traditional hat for women
nón len	mũ len	s	en	1	beanie
nóng ruột	sốt ruột	s	en	1	anxious; impatient
nôm na	đại khái	s	en	1	in crude terms; in layman's terms; essentially; basically
nôm na	đại để	s	en	1	in crude terms; in layman's terms; essentially; basically
nôn	mửa	s	en	1	to throw up; to vomit
nôn	ói	s	en	1	to throw up; to vomit
nôn	oẹ	s	en	1	to throw up; to vomit
nôn nao	buồn nôn	s	en	1	feeling sick (in the body)
nô nức	háo hức	s	en	1	enthusiastic; eager
nông dân	nhà nông	s	en	1	a peasant
nông thôn	thành thị	a	en	1	
nông sợt	sâu hoắm	a	en	1	very shallow
nông gia	nhà nông	s	en	1	farmer
núi lửa	hoả diệm sơn	s	en	1	volcano (mountain containing a magma chamber)
nút	mút	s	en	8	to suck (on)
nút	phím	s	en		
nút	cúc	s	en		
nút	khuy	s	en		
núp	nấp	s	en	1	to hide oneself behind something
núi rừng	rừng núi	s	en	1	mountains and forests
nơi	chỗ	s	en	1	place
nơi	chốn	s	en	1	place
nơ	nơ bướm	s	en	1	bow ; bowtie
nơ bướm	nơ	s	en	1	bow
nơi sinh	sinh quán	s	en	1	birthplace
nơi nơi	mọi nơi	s	en	1	everywhere
nơi nơi	khắp nơi	s	en	1	everywhere
nơi nơi	đâu đâu	s	en	1	everywhere
nương	rẫy	s	en	1	mountain field
nơi chốn	địa điểm	s	en	1	place
nương náu	ẩn	s	en	1	to hide in a place for shelter and protection; to take refuge
nương náu	lánh	s	en	1	to hide in a place for shelter and protection; to take refuge
nương long	ngực	s	en	1	chest
nương long	vú	s	en	2	breasts
nương long	lòng	s	en	3	heart
nương long	dạ	s	en	3	heart
nương long	bụng	s	en	3	heart
nước cường toan	cường thuỷ	s	en	1	
nước miếng	nước dãi	s	en	1	saliva; drool
nước miếng	nước bọt	s	en	1	saliva; drool
nước lã	nước lạnh	s	en	1	unboiled water
nước lạnh	nước lã	s	en	3	unboiled water
nước lọc	nước trắng	s	en	1	purified water
nước kiệu	nước đại	a	en	1	amble
nước giải	nước đái	s	en	1	urine
nước giải	nước tiểu	s	en	1	urine
nước lên	nước ròng	a	en	1	high tide
nước muối	nước biển	s	en		
nước muối	nước ngọt	a	en		
nước muối	nước cất	a	en		
nước mặn	nước ngọt	a	en	2	salt water
nước non	non sông	s	en		
nước non	giang sơn	s	en		
nước ròng	nước lên	a	en	1	ebb tide; low tide
nước mẹ	mẫu quốc	s	en	1	metropole; parent-state; mother country
nước tương	xì dầu	s	en	1	soy sauce
nước xốt cà chua	tương cà	s	en	2	ketchup
nước đái	nước tiểu	s	en	1	urine, piss
nước tiểu	nước đái	s	en	1	urine
nước đại	nước kiệu	a	en	1	gallop
nước xuýt	nước lèo	s	en	1	stock; broth; bouillon
nước xuýt	nước dùng	s	en	1	stock; broth; bouillon
nạ	mẹ	s	en	1	mother
nướu	lợi	s	en	1	gum (the flesh around the teeth)
nản lòng	nản chí	s	en	1	to be discouraged; to be disheartened
nản lòng	thoái chí	s	en	1	to be discouraged; to be disheartened
nản lòng	tự ti	s	en	1	to be discouraged; to be disheartened
nạo bạt	chũm choẹ	s	en	1	cymbal
nấu	đun	s	en	2	to boil (water)
nấu nướng	nấu ăn	s	en	1	to cook; to do the cooking
nấu nướng	nấu	s	en	1	to cook; to do the cooking
nấu ăn	nấu nướng	s	en	1	to cook; to do the cooking
nấp	núp	s	en	1	to hide oneself behind something
nẫn	lẳn	s	en	1	chubby, rotund
nẫn	nây	s	en	1	chubby, rotund
nậy	tóm	a	en	1	big; grown
nắc nẻ	bóng nước	s	en	3	
nắc nẻ	móng tay	s	en	3	
nặng	nhẹ	a	en		
nếu	nếu mà	s	en	1	if (supposing that)
nến	đèn cầy	s	en	1	a
nến	sáp	s	en	2	wax
nẻo	đường	s	en	1	path, way
nặng trịch	nhẹ hều	a	en	1	very heavy
nỏ	ná	s	en	1	crossbow
nỏ	không	s	en	2	not
nỏ	chẳng	s	en	2	not
nỏ	chả	s	en	2	not
nịt vú	xu chiêng	s	en		
nối gót	kế tục	s	en	1	follow in someone's footsteps
nối chữ	nối từ	s	en	1	word chain
nối từ	nối chữ	s	en	1	word chain
nốt ruồi	mụt ruồi	s	en	1	mole, w:Melanocytic nevus|melanocytic nevus
nồi cơm điện	mũ bảo hiểm	s	en	2	motorcycle helmet
nồi cơm điện	nón bảo hiểm	s	en	2	motorcycle helmet
nổi	được	s	en	5	be able to; to be capable of; to be in a position to
nổi	xuể	s	en	5	be able to; to be capable of; to be in a position to
nổi danh	lừng danh	s	en	1	to become famous, or prestigious, as gained from the public.
nổi danh	nức tiếng	s	en	1	to become famous, or prestigious, as gained from the public.
nội	đồng nội	s	en	5	field
nội	ngoài nội	s	en	5	field
nỗ lực	cố gắng	s	en	2	
nội bào	ngoại bào	a	en	1	intracellular
nổng	gò	s	en	1	mound, knoll
nội sinh	ngoại sinh	a	en	1	endogenous
nội thất	ngoại thất	a	en	1	interior
nội vụ	ngoại vụ	a	en	1	internal affairs; home affairs; domestic affairs
nội động từ	tự động từ	s	en	1	intransitive verb
nớ	ấy	s	en		
nớ	đó	s	en		
nớ	kia	s	en		
nới lỏng	siết chặt	a	en	1	to loosen
nộm	gỏi	s	en	1	salad-like Vietnamese dish
nội đô	nội thành	s	en	1	inner city (of big city)
nội độc tố	ngoại độc tố	a	en	1	endotoxin
nột	cùng đường	s	en	1	to be in an inescapable situation
nứng	cương	s	en	2	(rock-)hard
nữ	đàn bà	s	en	1	females
nữ	phụ nữ	s	en	1	females
nữ tính	nam tính	a	en	1	
nữ sinh	nam sinh	a	en	1	a
oa	uầy	s	en	1	wow
oai danh	uy danh	s	en	1	reputation and authority
oai nghiêm	trang nghiêm	s	en	1	grave; solemn and dignified
oai nghiêm	nghiêm trang	s	en	1	grave; solemn and dignified
oa trữ	oa tàng	s	en	1	to withhold and conceal illegally obtained items
oa tàng	oa trữ	s	en	1	to withhold and conceal illegally obtained items
nựng nịu	nựng	s	en	1	to dote over
oan trái	oan nghiệt	s	en	1	karma that's derived from bad actions
oan trái	éo le	s	en	2	bound to suffering and injustice
oan trái	trái ngang	s	en	2	bound to suffering and injustice
om sòm	um sùm	s	en	1	noisy; vociferous; uproarious
oanh tạc cơ	máy bay ném bom	s	en	1	bomber
oanh tạc	ném bom	s	en	1	to bomb; to drop bombs
oan nghiệt	oan trái	s	en	1	karmic punishment for evil deeds in previous life
oàm oạp	ì oạp	s	en	1	
oóc-gan	oóc	s	en		
oóc	oóc-gan	s	en		
oẳng	ẳng	s	en		
oẹ	mửa	s	en	2	to throw up; to puke; to hurl
oẹ	nôn	s	en	2	to throw up; to puke; to hurl
oẹ	ói	s	en	2	to throw up; to puke; to hurl
oắt con	ranh con	s	en	1	kiddie
oằn oại	quằn quại	s	en	1	to writhe in pain
phanh	thắng	s	en	3	brake (of a vehicle, etc.)
phen	lần	s	en	1	time
phen	bận	s	en	1	time
phanh thây	xé xác	s	en	1	to tear a person to pieces
phi pháp	bất hợp pháp	s	en	1	illegal
phi pháp	trái phép	s	en	1	illegal
phi pháp	hợp pháp	a	en	1	illegal
phi lợi nhuận	bất vụ lợi	s	en	1	nonprofit
phi lợi nhuận	vô vị lợi	s	en	1	nonprofit
phi thường	phi phàm	s	en	1	
phim khiêu dâm	phim sex	s	en	1	pornographic film
phiếm đàm	tán gẫu	s	en	1	
phiên phiến	đại khái	s	en	1	half-assedly
phiên phiến	qua loa	s	en	1	half-assedly
pho mát	phô mai	s	en		
pho mát	phó mát	s	en		
phiền	phiền nhiễu	s	en	1	bothersome; annoying
phiền	nhiễu sự	s	en	1	bothersome; annoying
phiền hà	phiền toái	s	en	1	tiresomely or annoyingly complicated
phiền hà	phiền phức	s	en	1	tiresomely or annoyingly complicated
phiền hà	rắc rối	s	en	1	tiresomely or annoyingly complicated
phiền hà	rối rắm	s	en	1	tiresomely or annoyingly complicated
phiền toái	phiền phức	s	en	1	tiresomely or annoyingly complicated
phiền toái	phiền hà	s	en	1	tiresomely or annoyingly complicated
phiền toái	rắc rối	s	en	1	tiresomely or annoyingly complicated
phiền toái	rối rắm	s	en	1	tiresomely or annoyingly complicated
phiền phức	phiền toái	s	en	1	tiresomely or annoyingly complicated
phiền phức	phiền hà	s	en	1	tiresomely or annoyingly complicated
phiền phức	rắc rối	s	en	1	tiresomely or annoyingly complicated
phiền phức	rối rắm	s	en	1	tiresomely or annoyingly complicated
phiền muộn	muộn phiền	s	en	1	sorrowful; sad; melancholy
phiền nhiễu	quấy rầy	s	en	1	to annoy; to disturb
phong sương	phong trần	s	en	1	hardships of life
phong cấp	phong	s	en	1	to promote
photpho	lân	s	en	1	phosphorus
phun	nhổ	s	en	1	to spit out
phu phụ	vợ chồng	s	en	1	married couple, husband and wife
phu phụ	phu thê	s	en	1	married couple, husband and wife
phu thê	vợ chồng	s	en	1	married couple
phu thê	phu phụ	s	en	1	married couple
phàm ăn	tham ăn	s	en		
phàm ăn	khảnh ăn	a	en		
phách	vía	s	en	3	soul; spirit
pháo	cà nông	s	en	2	cannon
pháo	đại bác	s	en	2	cannon
phái bộ	phái đoàn	s	en	1	a mission
phách lối	oai	s	en	1	arrogant or haughty; showing off one's extraordinary (usually as intimidation)
phách lối	kiêu kì	s	en	1	arrogant or haughty; showing off one's extraordinary (usually as intimidation)
phách lối	ngạo mạn	s	en	1	arrogant or haughty; showing off one's extraordinary (usually as intimidation)
pháo đài	trại	s	en		
pháo hoa	pháo bông	s	en	1	fireworks
pháo bông	pháo hoa	s	en	1	fireworks
pháp điển hoá	hệ thống hoá	s	en		
phân	cứt	s	en	1	stool; faeces; excrement
phát thanh	truyền thanh	s	en	1	broadcast
phát ốm	chán ngấy	s	en	1	}} sick of; tired of
phân bón	phân	s	en	1	either manure or fertilizer
phân loại học	phân loại sinh học	s	en		
phân loại sinh học	phân loại học	s	en	1	taxonomy
phân lưu	chi lưu	a	en	1	distributary
phân lưu	phụ lưu	a	en	1	distributary
phân quyền	tập quyền	a	en	1	to decentralize power; to enact a separation of powers
phân từ quá khứ	quá khứ phân từ	s	en	1	a
phân từ hiện tại	hiện tại phân từ	s	en	1	a
phân ưu	chia buồn	s	en	1	
phép thuật	ma thuật	s	en	1	magic
phét lác	khoác lác	s	en	1	to tell tall tales to brag or to joke
phét lác	nói phét	s	en	1	to tell tall tales to brag or to joke
phét lác	nói khoác	s	en	1	to tell tall tales to brag or to joke
phí hoài	hoài phí	s	en	1	to waste
phòng	phòng trọ	s	en	2	a flat-like room for rent
phòng	phòng cho thuê	s	en	2	a flat-like room for rent
phím	nút	s	en	4	key
phích	bình thuỷ	s	en	2	a
phò	đĩ	s	en	2	whore; prostitute
phò	điếm	s	en	2	whore; prostitute
phòng thủ	tấn công	a	en		
phòng khám	phòng mạch	s	en	1	a
phòng tắm	nhà tắm	s	en	1	bathroom
phó hiệu trưởng	hiệu phó	s	en	1	a vice-principal
phó tế	thầy sáu	s	en	1	deacon
phô mai	pho mát	s	en	1	cheese
phô-tô-cô-pi	phô-tô	s	en	1	to photocopy
phù du	thiêu thân	s	en	1	a
phú nông	cu-lắc	s	en		
phù vân	phù du	s	en	1	ephemeral; transient
phương tây	phương đông	a	en	1	the West
phương chi	huống chi	s	en	1	much less; let alone
phăm phăm	xăm xăm	s	en	1	dashingly
phương ngữ	thổ ngữ	s	en	1	topolect; dialect
phương ngữ	phương ngôn	s	en	1	topolect; dialect
phương trình hoá học	phương trình	s	en		
phương trình hoá học	biểu diễn	s	en		
phương trình hoá học	phản ứng hoá học	s	en		
phương ngôn	phương ngữ	s	en	1	dialect
phương ngôn	thổ ngữ	s	en	1	dialect
phương đông	phương tây	a	en	1	the East
phượng vĩ	phượng	s	en	1	the royal poinciana, the flamboyant
phải	đúng	s	en		
phải	chính xác	s	en		
phải	trước	s	en		
phải	chính	s	en		
phải	đăm	s	en		
phải	mặt	s	en		
phải	trái	a	en		
phải	không	a	en		
phải	đúng	a	en		
phải	sai	a	en		
phải	trật	a	en		
phải chi	giá như	s	en	1	if only; I wish
phải chi	giá mà	s	en	1	if only; I wish
phải chi	ước gì	s	en	1	if only; I wish
phải không	đúng không	s	en	1	is that true or not?; yes?; no?
phải cái	được cái	a	en	1	: what a shame
phản diện	chính diện	a	en	1	being a literary antagonist or villain
phản địa đàng	địa đàng	a	en	1	dystopia
phần mộ	mộ chí	s	en		
phần mềm có hại	phần mềm xấu	s	en		
phần mềm xấu	phần mềm có hại	s	en		
phần cứng	phần mềm	a	en	1	hardware
phẩy	phết	s	en	2	to separate using a comma
phần đông	số đông	s	en	1	majority
phần đông	đa số	s	en	1	majority
phẩm giá	phẩm cách	s	en	1	dignity
phắn	cút	s	en	1	get lost!
phắn	biến	s	en	1	get lost!
phắn	xéo	s	en	1	get lost!
phắt	phứt	s	en	1	
phật ý	phật lòng	s	en	1	to get dissatisfied
phết	phẩy	s	en	3	comma
phịch	chịch	s	en	2	to have sex
phịch	chịt	s	en	2	to have sex
phều phào	thều thào	s	en	1	weak and failing
phồng	co	a	en	1	to enlarge
phốp pháp	vạm vỡ	s	en	1	corpulent; beefy
phụ	chính	a	en	2	side, secondary, ancillary
phụ nữ	đàn bà	s	en		
phụ nữ	nữ	s	en		
phụ hệ	mẫu hệ	a	en	1	patriarchal
phụ âm	tử âm	s	en	1	consonant
phụ thân	thân phụ	s	en		
phụ sản	sản phụ khoa	s	en	1	obstetrics and gynecology
phục thù	trả thù	s	en	1	to avenge, to take revenge
phục thù	báo thù	s	en	1	to avenge, to take revenge
phục viên	động viên	a	en	1	to demobilize
phục kích	mai phục	s	en	1	to ambush
pi-a-nô	dương cầm	s	en	1	a piano
phứt	phắt	s	en	2	
phủ phê	sung túc	s	en	1	well-off
phức hợp quân sự-công nghiệp	tổ hợp quân sự-công nghiệp	s	en	1	military-industrial complex
phức thể	phồn thể	s	en	1	traditional
protein	chất đạm	s	en	1	
platin	bạch kim	s	en	1	platinum
pê	phê	s	en		
qua	ta	s	en		
qua	tôi	s	en		
pằng	chíu	s	en	1	Representative of the sound made by the fire#Verb|firing of a gun.
quan	quan chức	s	en	2	
quan tài	hòm	s	en	1	coffin
quang gánh	gồng gánh	s	en	1	shoulder pole and the bamboo frames on both ends
quay	xoay	s	en	1	to turn; to revolve; to swivel
quay	ghi hình	s	en	5	to film
quay	ghi	s	en	5	to film
quay cóp	quay phim	s	en	1	to cheat by sneakily copying others' work or available documents during a school
quay tay	thủ dâm	s	en	2	to masturbate, to fap, to jack off
quy	quờ	s	en		
quy	cu	s	en		
quy	bồi	s	en		
quen	lạ	a	en	1	familiar
quy đầu	đầu khấc	s	en	1	glans penis
quy đầu	đầu buồi	s	en	1	glans penis
quy trình	quá trình	s	en	1	process; procedure
quy y	quy đầu	s	en	1	to take refuge in the w:Three Jewels and Three Roots#Individual Jewels|Three Jew
quy đổi	chuyển đổi	s	en	1	to convert
quyền anh	đấm bốc	s	en	1	boxing
quyết chí	lập chí	s	en	1	to be resolved (to); to be determined (to); to be set on
quá trình	sự	s	en		
quái	quái vật	s	en	1	freak; monster
quá xá	quá trời	s	en	1	extremely; mighty
quá đỗi	quá	s	en	1	too, excessively, exceedingly
quá độ	quá mức	s	en	1	excessive
quái ác	ác nghiệt	s	en		
quái ác	hiểm ác	s	en		
quán	tiệm	s	en	1	an eating establishment with place to sit
quán ăn	hàng ăn	s	en	1	restaurant; eatery
quán net	net	s	en	1	Internet cafe
quân chủ	vua	s	en	1	monarch
quân chủ	quân vương	s	en	1	monarch
quân chủ	quốc quân	s	en	1	monarch
quân hạm	tàu chiến	s	en	1	warship
quân sĩ	binh sĩ	s	en	1	soldier
quân sĩ	lính	s	en	1	soldier
quân thù	kẻ thù	s	en	1	enemy; foe
quân vương	vua	s	en	1	prince
quân vương	quân chủ	s	en	1	prince
quân vương	quốc quân	s	en	1	prince
quê	nơi sinh	s	en	2	hometown
quê	quê quán	s	en	3	one's parent's, especially one's father's, birthplace
quê cũ	quê nhà	s	en	1	hometown; birthplace
quê cũ	cố hương	s	en	1	hometown; birthplace
quý hoá	quý giá	s	en	1	valuable
quả	phát	s	en	4	punch
quả	trái	s	en	5	
quạ	ác	s	en	1	crow; raven
quất	tắc	s	en	1	calamansi (Citrus x microcarpa)
quất	hạnh	s	en	1	calamansi (Citrus x microcarpa)
quản tượng	nài	s	en	1	mahout, an elephant driver and keeper
quần xì-líp	quần xì	s	en		
quần xì-líp	quần sịp	s	en		
quần xì-líp	quần chíp	s	en		
quần sịp	quần xì-líp	s	en		
quần sịp	quần xì	s	en		
quần sịp	quần chíp	s	en		
quần xì	quần xì-líp	s	en		
quần xì	quần sịp	s	en		
quần xì	quần chíp	s	en		
quần chíp	quần xì-líp	s	en		
quần chíp	quần xì	s	en		
quần chíp	quần sịp	s	en		
quần áo	áo quần	s	en	1	clothes, clothing
quần đùi	soóc	s	en	1	shorts
quần đùi	soọc	s	en	1	shorts
quần đùi	xà lỏn	s	en	1	shorts
quẳng	vất	s	en	2	to throw away
quẳng	vứt	s	en	2	to throw away
quốc gia	nước	s	en	1	state, nation, country
quốc gia	đất nước	s	en	1	state, nation, country
quốc gia	nhà nước	s	en	1	state, nation, country
quốc gia	quốc dân	s	en	2	national
quốc dân	quốc gia	s	en	2	national
quế bì	quế đơn	s	en	1	Chinese cinnamon, cassia ()
quế bì	nhục quế	s	en	1	Chinese cinnamon, cassia ()
quế đơn	quế bì	s	en	1	Chinese cinnamon, cassia ()
quế đơn	nhục quế	s	en	1	Chinese cinnamon, cassia ()
quốc ngữ	quốc âm	s	en	2	chữ Nôm
quốc quân	vua	s	en	1	monarch, ruler
quốc quân	quân chủ	s	en	1	monarch, ruler
quốc quân	quân vương	s	en	1	monarch, ruler
quốc hồn	hồn nước	s	en		
quốc tế ngữ	thế giới ngữ	s	en	1	
quỵt	ăn quỵt	s	en	1	to refuse to pay a debt
ra mắt	đầu tay	s	en	2	debut; first
ra sao	sao	s	en	1	how; what
ra sao	thế nào	s	en	1	how; what
ra sao	răng	s	en	1	how; what
ra sức	gắng sức	s	en	1	to strive; to exert oneself
ra vẻ	kiểu cách	s	en	2	to stand on ceremony
ram	nem rán	s	en	2	fried spring roll
ram	chả giò	s	en	2	fried spring roll
random	ngẫu nhiên	s	en	1	
rau câu	thạch	s	en	2	jelly
rau câu	đông sương	s	en	2	jelly
rau cần	cần nước	s	en		
ranh	nhãi	s	en	1	bratty
ranh	nhóc con	s	en	1	bratty
rau bina	rau chân vịt	s	en	1	spinach
rau bina	cải bó xôi	s	en	1	spinach
rau mùi	ngò rí	s	en	1	coriander
rau mùi	mùi tui	s	en	1	coriander
rau mùi	mùi ta	s	en	1	coriander
rau mùi	ngổ	s	en	1	coriander
resort	khu nghỉ dưỡng	s	en	1	
ria	ria mép	s	en	1	a
ria mép	ria	s	en	1	a
roi	mận	s	en	3	wax apple ()
ru	sao	s	en	2	
ru	đâu	s	en	2	
ru	ư	s	en	2	
riết	miết	s	en	2	uninterruptedly; without a break; continuously
rong ruổi	ruổi rong	s	en	1	to travel far and wide (to do something)
ruốc	moi	s	en	1	kind of small shrimp in the genus
ruốc	khuyết	s	en	1	kind of small shrimp in the genus
ruốc	mắm tôm	s	en	2	shrimp paste
ruốc	mắm ruốc	s	en	2	shrimp paste
ruốc	chà bông	s	en	3	''rousong''; meat floss
ruột	săm	s	en	2	inner tube
ruột	đẻ	s	en	3	directly biologically related
ruồi trâu	mòng	s	en	1	horsefly; breeze
ruột già	đại tràng	s	en	1	large intestine
ruột non	tiểu tràng	s	en	1	small intestine
ruồi lằng	nhặng	s	en	1	blowfly
rày	nay	s	en	1	now, today, this time
rày	giờ	s	en	1	now, today, this time
rày	chừ	s	en	1	now, today, this time
rành	toàn	s	en	3	nothing but
rành rẽ	rành rọt	s	en	1	clear, distinct
rán	chiên	s	en	1	to fry
ráng	cố	s	en	2	to try hard
ráy	ráy tai	s	en	2	earwax
ráy	cứt ráy	s	en	2	earwax
râm bụt	dâm bụt	s	en	1	a flowering plant of the genus , especially the Chinese hibiscus ()
râm bụt	bông bụp	s	en	1	a flowering plant of the genus , especially the Chinese hibiscus ()
râm bụt	cẩn	s	en	1	a flowering plant of the genus , especially the Chinese hibiscus ()
râm bụt	phù tang	s	en	1	a flowering plant of the genus , especially the Chinese hibiscus ()
ráy tai	cứt ráy	s	en	1	earwax
rèm	màn	s	en	1	curtain; blind
ròm	gầy	s	en	1	skinny
ròm	ốm	s	en	1	skinny
ròm	còi	s	en	1	skinny
ròm	tóm	s	en	1	skinny
ríu rít	chíu chít	s	en	1	chirping, twittering
rú	rừng	s	en		
răng	năng	s	en	1	tooth
răng	sao	s	en	2	why; how; what
rơi	rớt	s	en	1	to fall
rườm rà	bời bời	s	en	2	lush
rườm rà	rậm rạp	s	en	2	lush
rườm rà	um tùm	s	en	2	lush
rườm rà	diêm dúa	s	en	3	gaudy
rượt bắt	đuổi bắt	s	en	2	the game of tag
rạ	toóc	s	en	1	stubble
rạ	tót	s	en	1	stubble
rạ	thuỷ đậu	s	en	2	chicken pox
rượu đế	rượu quốc lủi	s	en	1	a distilled liquor from Vietnam, made of either glutinous or non-glutinous rice
rượu nho	rượu vang	s	en	1	wine
rải	dọc	s	en	3	petiole of certain plants (esp. taros)
rải	cuống	s	en	3	petiole of certain plants (esp. taros)
rải rác	lác đác	s	en	1	scattered
rạp chiếu phim	rạp chiếu bóng	s	en		
rạp chiếu bóng	rạp chiếu phim	s	en		
rạo rực	nôn nao	s	en	2	nauseous
rạp hát	nhà hát	s	en	1	theater
rầy	xấu hổ	s	en	3	ashamed, embarrassed
rầy	ngượng	s	en	3	ashamed, embarrassed
rất	lắm	s	en		
rất	cực kì	s	en		
rất	hết sức	s	en		
rất	vô cùng	s	en		
rầm	ầm	s	en	2	: with a boom; bang; crash; foom
rầm	rùm	s	en	3	noisy; clamorous; tumultuous
rắn	cứng	s	en	2	hard; firm; rigid
rắn	mềm	a	en	2	hard; firm; rigid
rắn cạp nong	mai gầm	s	en	1	
rập đầu	lạy	s	en	1	to kowtow
rập đầu	khấu đầu	s	en	1	to kowtow
rẻ	đắt	a	en	1	cheap, inexpensive
rẻ	mắc	a	en	1	cheap, inexpensive
rắn hổ mang	hổ mang	s	en	1	a cobra
rắp	định	s	en	1	to be about to, to be on the point of
rắp	toan	s	en	1	to be about to, to be on the point of
rắp	tính	s	en	1	to be about to, to be on the point of
rắn mối	thằn lằn bóng	s	en	1	skink
rắn đầu	cứng đầu	s	en	1	stubborn
rặng núi	dãy núi	s	en	1	mountain range
rặng núi	mạch núi	s	en	1	mountain range
rặng núi	sơn mạch	s	en	1	mountain range
rặc	ròng	s	en	1	low; ebb
rắp tâm	manh tâm	s	en	1	conspire
rẽ	ngoặt	s	en	1	to turn
rẽ	quặt	s	en	1	to turn
rẽ	quẹo	s	en	1	to turn
rệu rã	rệu rạo	s	en	1	shattered
rọi bóng	chiếu bóng	s	en		
rọi bóng	phim	s	en		
rốt ráo	xông xáo	s	en	1	quick-witted and thorough
rốt ráo	sốt sắng	s	en	1	quick-witted and thorough
rốt ráo	tháo vát	s	en	1	quick-witted and thorough
rộng	chật	a	en	1	having lots of space, or spanning across great amounts of space; spacious, wide,
rộng	hẹp	a	en	1	having lots of space, or spanning across great amounts of space; spacious, wide,
rộng rinh	chật ních	a	en	2	very loose
rụi	lụi	s	en	1	to wither
rờ rệt	rờ rẫm	s	en	1	to feel around with the hands
rừng	rú	s	en		
rừng	ngàn	s	en		
rử	ghèn	s	en		
rứa	thế	s	en	1	like that; as such
rứa	vậy	s	en	1	like that; as such
sai	đúng	a	en	1	not right, correct or proper; wrong, incorrect, improper, inaccurate, imprecise,
sa mạc hoá	hoang mạc hoá	s	en	1	desertification
sa trường	chiến trường	s	en	1	a
sam	rau sam	s	en	2	common purslane ()
sao	răng	s	en	1	why
sao	tại sao	s	en	1	why
sao	vì sao	s	en	1	why
sao	làm sao	s	en	2	how
sao	gì	s	en	3	what; what is it; what now
sao	cái gì	s	en	3	what; what is it; what now
sanh	si	s	en	2	ficus, weeping fig ()
sao thuỷ	thuỷ tinh	s	en	1	
sao băng	sao xẹt	s	en	1	meteor
sao diêm vương	diêm vương tinh	s	en	1	
sao hoả	hoả tinh	s	en	1	
sao mộc	mộc tinh	s	en	1	
sao thổ	thổ tinh	s	en	1	Saturn
sao thiên vương	thiên vương tinh	s	en	1	
sao hải vương	hải vương tinh	s	en	1	
sau	đằng sau	s	en		
sau	trước	a	en		
sau	đằng trước	a	en		
sao đỏ	cờ đỏ	s	en	1	students tasked with enforcing discipline standards and guidelines; school disci
sau chót	sau rốt	s	en	1	
sau rốt	sau chót	s	en	1	
sao xẹt	sao băng	s	en	1	meteor
say	xỉn	s	en	1	drunk; intoxicated; inebriated
say nắng	cảm nắng	s	en		
se sẻ	sẻ	s	en	1	sparrow
ship	giao	s	en	1	to ship goods, to make a delivery
ship	chèo thuyền	s	en		
sing-gum	kẹo cao su	s	en	1	chewing gum
sing-gum	sinh gôm	s	en	1	chewing gum
si mê	mê mẩn	s	en	1	crazy about; infatuated with; madly in love with; head over heels (in love)
si mê	say đắm	s	en	1	crazy about; infatuated with; madly in love with; head over heels (in love)
si đa	hội chứng suy giảm miễn dịch mắc phải	s	en	1	AIDS
si đa	aids	s	en	1	AIDS
sinh học	sinh vật học	s	en		
sinh gôm	kẹo cao su	s	en		
sinh quán	nơi sinh	s	en	1	birthplace
sinh ra	sinh sản	s	en		
sinh tố	vi-ta-min	s	en	1	vitamin
sinh vật học	sinh học	s	en		
sinh đôi	song sinh	s	en		
siêu hiện thực	siêu thực	s	en	1	surrealistic
siêu hình học	hình nhi thượng học	s	en	1	metaphysics
siêu thực	siêu hiện thực	s	en	1	surrealistic
siêu tự nhiên	siêu nhiên	s	en	1	supernatural
so	so sánh	s	en	1	to compare
snack	bim bim	s	en	1	crisps; potato crisps
so sánh	so đo	s	en	1	to compare
siết chặt	nới lỏng	a	en	2	to
sub	phụ đề	s	en	1	a subtitle
soạn	sửa soạn	s	en	1	to prepare
soạn	chuẩn bị	s	en	1	to prepare
soạn	biên soạn	s	en	3	to compile
sui gia	thông gia	s	en	1	union between families by marriage; parents of husband and wife; co-parents-in-l
sum họp	đoàn tụ	s	en	1	to gather at one place after being apart for a while; to be reunited
suy lí	suy luận	s	en	1	to deduce; to reason
suyễn	hen	s	en	1	asthma
suyễn	hen suyễn	s	en	1	asthma
suôn sẻ	trơn tru	s	en	1	smooth
suôn sẻ	trôi chảy	s	en	1	smooth
suôn sẻ	trót lọt	s	en	1	smooth
suy tưởng	suy ngẫm	s	en	1	to fathom; to ruminate
suy tưởng	ngẫm nghĩ	s	en	1	to fathom; to ruminate
sài	dùng	s	en	3	to use; to spend
sài	tiêu	s	en	3	to use; to spend
sài	xài	s	en	3	to use; to spend
suýt	xém	s	en	1	nearly, just about to be
suýt	mém	s	en	1	nearly, just about to be
suốt ngày	cả ngày	s	en	1	all day
sá	đường	s	en	1	road
sá	quản	s	en	2	to mind, to care
sá	màng	s	en	2	to mind, to care
sá	lo	s	en	2	to mind, to care
sàn	sàn nhà	s	en	1	floor
sáng kiến	tối kiến	a	en	2	bright idea
sáng dạ	tối dạ	a	en	1	bright; intelligent; quick-witted
sáp	nến	s	en		
sát hại	giết	s	en	1	to murder; to kill
sát cánh	chung sức	s	en	1	to join hands, or to stand by someone for support and cooperation
sân	cươi	s	en	1	a
sân khấu	sân rồng	s	en	1	a royal court, where mandarins would prostrate themselves in front of the reigni
sâu	nông	a	en	1	deep (having its bottom far down)
sâu hoắm	nông sợt	a	en	1	very deep
sâu nặng	sâu đậm	s	en	1	deep, deep-rooted
sân rồng	sân khấu	s	en	1	royal court
sét	chớp	s	en	1	lightning
sét	rỉ	s	en	2	to be rusty
sình	bùn	s	en	1	mud
sò lụa	chíp chíp	s	en	1	undulate venus, ,
sít sao	chặt chẽ	s	en	1	tight; close; firm
sít sao	khẩn trương	s	en	2	quick; resolute; to the point; without hesitation or dilly-dallying; continuous
sói	chó sói	s	en	1	
sóng dọc	sóng ngang	a	en	1	a longitudinal wave
sóng ngang	sóng dọc	a	en	1	a transverse wave
sóng dợn	dợn sóng	s	en	1	ripples; wavy lines (on a surface etc.)
sông	rào	s	en	1	river
sông cái	sông hồng	s	en	1	
sóng điện từ	bức xạ điện từ	s	en	1	electromagnetic wave
sõi	rành rọt	s	en	1	fluent; smooth
súng liên thanh	súng máy	s	en	1	machine gun
súng lục	súng sáu	s	en		
súc sắc	xí ngầu	s	en	1	
sùng đạo	mộ đạo	s	en	1	to be very religious
súp lơ	hoa lơ	s	en		
súp lơ	hoa lơ trắng	s	en		
súp lơ	bông cải trắng	s	en		
săm	ruột	s	en		
súng sáu	súng lục	s	en		
sĩ phu	học giả	s	en	1	scholar
sĩ nông công thương	tứ dân	s	en	1	the  of feudal East Asia: scholars, farmers, artisans and merchants
sơ đồ	lược đồ	s	en	1	outline; diagram; sketch
sơn mạch	dãy núi	s	en	1	mountain range
sơn mạch	rặng núi	s	en	1	mountain range
sơn mạch	mạch núi	s	en	1	mountain range
sơn kê tiêu	màng tang	s	en	1	, may chang ()
sưng	cảy	s	en	2	swollen
sạc	nạp	s	en	1	to
sạc	chửi	s	en	2	to scold
sạc	mắng	s	en	2	to scold
sạc	quát	s	en	2	to scold
sạ	gieo	s	en	1	to broadcast; to sow (seeds)
sạ	vãi	s	en	1	to broadcast; to sow (seeds)
sả	chim sả	s	en	3	certain species of kingfishers
sả	chim trả	s	en	3	certain species of kingfishers
sản giật	sản kinh	s	en	1	eclampsia
sạo sục	sục	s	en		
sạo sục	sục sạo	s	en		
sạu	ngô	s	en	1	corn, maize
sạu	bắp	s	en	1	corn, maize
sản kinh	sản giật	s	en	1	eclampsia
sấp	ngửa	a	en	1	face-down
sảy	rôm	s	en	2	heat rash
sầu muộn	buồn bã	s	en		
sầu muộn	buồn rầu	s	en		
sậm	đậm	s	en	1	deep, dark-shaded
sần sượng	sần sùi	s	en	1	rough, coarse
sắc	bén	s	en	1	sharp
sắc	cùn	a	en	1	sharp
sắc	màu	s	en	3	color
sắc chỉ	chiếu chỉ	s	en	1	{{l|en|imperial edict; royal decree
sắn	khoai mì	s	en	1	cassava
sắn	củ đậu	s	en	2	jicama
sắt	quắt	s	en	2	coalesced; solidified
sắt	quánh	s	en	2	coalesced; solidified
sắp	bọn	s	en	3	group (of people)
sắp	tụi	s	en	3	group (of people)
sẻ	chim sẻ	s	en	1	sparrow
sẻ	chim se sẻ	s	en	1	sparrow
sỉa	sẩy	s	en	1	to slip, stumble
sếu	hạc	s	en	1	crane (bird)
sỉ	lẻ	a	en		
sỉ nhục	làm nhục	s	en	1	
sịp	quần xì-líp	s	en		
sịp	quần xì	s	en		
sịp	quần chíp	s	en		
số dây nói	số điện thoại	s	en		
số lượng	số nhiều	s	en		
số lượng	tổng số	s	en		
số nhiều	số ít	a	en	1	the plural
số mệnh	số phận	s	en		
số phận	số mệnh	s	en	1	fate; destiny
số nguyên tố	hợp số	a	en	1	a
số điện thoại	số dây nói	s	en		
số ít	số nhiều	a	en	1	the singular
số đông	đa số	s	en	1	majority
số đông	phần đông	s	en	1	majority
sống	chết	a	en	3	living
sống	chín	a	en	6	raw
sốt ruột	nóng ruột	s	en	1	anxious; impatient
sớm	muộn	a	en	1	early
sớm	trễ	a	en	1	early
sớm muộn	trước sau	s	en	1	sooner or later; in time
sớm muộn	chẳng chóng thì chầy	s	en	1	sooner or later; in time
sở hữu	thửa có	s	en	1	to own, to hold
sở đoản	điểm yếu	s	en	1	weak points; weaknesses; shortcomings
sở đoản	nhược điểm	s	en	1	weak points; weaknesses; shortcomings
sở đoản	khuyết điểm	s	en	1	weak points; weaknesses; shortcomings
sở đoản	sở trường	a	en	1	weak points; weaknesses; shortcomings
sở đoản	điểm mạnh	a	en	1	weak points; weaknesses; shortcomings
sở đoản	thế mạnh	a	en	1	weak points; weaknesses; shortcomings
sở đoản	ưu điểm	a	en	1	weak points; weaknesses; shortcomings
sở trường	điểm mạnh	s	en	1	strong points; strength; forte
sở trường	thế mạnh	s	en	1	strong points; strength; forte
sở trường	ưu điểm	s	en	1	strong points; strength; forte
sở trường	sở đoản	a	en	1	strong points; strength; forte
sở trường	điểm yếu	a	en	1	strong points; strength; forte
sở trường	nhược điểm	a	en	1	strong points; strength; forte
sở trường	khuyết điểm	a	en	1	strong points; strength; forte
sở thú	vườn bách thú	s	en	1	zoo
sở thú	thảo cầm viên	s	en	1	zoo
sờ nặng	ét-sì	s	en	1	
sờ nặng	xờ nhẹ	a	en	1	
sục sạo	sục	s	en		
sục sạo	sạo sục	s	en		
sủi	bùng	s	en	2	to leave; to bail out
sứ đồ	tông đồ	s	en	1	an
sức khoẻ tâm thần	sức khoẻ tinh thần	s	en	1	mental health
sức khoẻ tinh thần	sức khoẻ tâm thần	s	en	1	mental health
sử	sử ký	s	en		
sử dụng	dùng	s	en	1	to utilize; to employ
sử dụng	xài	s	en	1	to utilize; to employ
sức lực	sức mạnh	s	en		
sức sống	sinh khí	s	en	1	vitality; vigour
sức ép	áp lực	s	en	1	pressure
sừng sững	lừng lững	s	en	1	lofty; towering
sử thi	trường ca	s	en	1	an epic poem
sực	sặc	s	en	1	
sực	chợt	s	en	2	
tao	mày	a	en	1	I/me
tao	mi	a	en	1	I/me
tan vỡ	vỡ tan	s	en	1	to break; to break down; to be shattered
tan tác	li tán	s	en	1	to scatter; to get separated with a chaotic manner
tan tác	loạn li	s	en	1	to scatter; to get separated with a chaotic manner
tang thương	bể dâu	s	en	1	vicissitudes of life; great changes
tao phùng	gặp	s	en	1	to encounter somebody
tao phùng	gặp gỡ	s	en	1	to encounter somebody
team	đội	s	en	1	#English|team (group of people)
tay lái	vô-lăng	s	en	2	steering wheel
test	kiểm tra	s	en	1	a  (examination)
tem	cò	s	en	1	postage stamp
tem	niêm	s	en	1	postage stamp
tha thẩn	nhẩn nha	s	en	1	relaxed, with infinite wander
tha thẩn	xa xẩn	s	en	1	relaxed, with infinite wander
tha ma	nghĩa địa	s	en	1	graveyard
tha ma	nghĩa trang	s	en	1	graveyard
tha động từ	ngoại động từ	s	en	1	
thai nhi	bào thai	s	en	1	fetus
tha tội	xá tội	s	en	1	to pardon; to absolve
than thở	thở than	s	en	1	to sigh; to lament
than gỗ	than củi	s	en		
than củi	than gỗ	s	en		
tham ô	biển thủ	s	en	1	to embezzle; to be corrupt
tham ô	tham nhũng	s	en	2	corruption; graft; embezzlement
than khóc	khóc than	s	en	1	to lament; to weep; to mourn; to bewail
tham vấn	tư vấn	s	en	1	to advise; to counsel; to consult
than ôi	chao ôi	s	en	1	my God; dear Lord
thanh danh	ô danh	a	en	1	good repute; good name
thanh niên	nam thanh niên	s	en	4	a male late teenager or young adult
thanh niên	thanh nam	s	en	4	a male late teenager or young adult
thanh âm	âm thanh	s	en	1	sound
thanh âm	tiếng	s	en	1	sound
thanh âm	âm	s	en	1	sound
thao lao	bằng lăng	s	en	1	certain trees of the genus  (esp.  and )
thay	ơi	s	en	3	
thay mặt	đại diện	s	en		
thay trời hành đạo	thế thiên hành đạo	s	en	1	to enforce the (moral) Way on behalf of Heaven, to take the law into one's own h
theo đòi	đua đòi	s	en	1	to imitate (in order to show that one is not inferior)
thi ca	thơ	s	en	1	poetry
thi ca	thơ ca	s	en	2	poetry and singing
thi hài	xác	s	en		
thi hài	thây	s	en		
thi sĩ	nhà thơ	s	en	1	poet
thi nhân	nhà thơ	s	en	1	poet
thi phú	thơ phú	s	en	1	poems and essays
thiên hoàng	nhật hoàng	s	en	1	an emperor|Emperor or empress regnant|Empress (regnant) of Japan
thiên cung	thiên đình	s	en	1	heavenly palace; abode of the gods
thiên hoa	đậu mùa	s	en	1	smallpox
thiên hạ	thiên thượng	a	en	1	the
thiên nhiên	tự nhiên	s	en	1	nature
thiên thần	sứ thần	s	en	1	angel
thiên thần	thiên sứ	s	en	1	angel
thiên thạch	vẫn thạch	s	en	1	meteorite
thiên thượng	thiên hạ	a	en	1	heaven
thiên đình	thiên cung	s	en	1	the imaginary court in heaven, where the Jade Emperor reigns; the celestial cour
thiên đình	thiên tào	s	en	1	the imaginary court in heaven, where the Jade Emperor reigns; the celestial cour
thiếp	chàng	a	en	2	I/me (referring to a beloved woman)
thiếp	thấm	s	en	6	to absorb
thiêu thân	phù du	s	en	1	mayfly
thiêu thân	bướm đêm	s	en	2	moth
thiêu thân	ngài	s	en	2	moth
thiếu	dư	a	en	1	to be short of, to lack
thiếu	thừa	a	en	1	to be short of, to lack
thiếu	đủ	a	en	2	having 29 days a month
thiết lập	thành lập	s	en	1	to set up, to form, to establish
thiếu gia	công tử	s	en	2	a rich boy born in wealth
thiếu niên	thiếu nam	s	en	3	an adolescent boy
thiếu nhi	trẻ con	s	en	1	children
thiếu nhi	trẻ	s	en	1	children
thiểu số	số ít	s	en	1	minority
thiểu số	đa số	a	en	1	minority
thiểu số	số nhiều	a	en	1	minority
thiền trượng	tích trượng	s	en	1	khakkhara
thoa	trâm	s	en	1	hairpin
thoái	thối	s	en	3	to refund; to repay
thoái	cước	s	en	4	a kick
thong dong	thơ thẩn	s	en	1	leisurely
thong dong	nhẩn nha	s	en	1	leisurely
thoạ	ngăn kéo	s	en	1	drawer
thua	thắng	a	en		
thu hút	cuốn hút	s	en	1	to draw (closer); to attract
thu hút	lôi cuốn	s	en	1	to draw (closer); to attract
thu hút	hấp dẫn	s	en	1	to draw (closer); to attract
thu nhận	thu nạp	s	en	1	to receive; to accept; to take (in)
thu nhận	tiếp nhận	s	en	1	to receive; to accept; to take (in)
thu tâm	tâm thu	s	en	1	systole
thuyết giáo	giảng đạo	s	en	1	sermon
thuyền	tàu	s	en	2	wooden ship
thuê	mướn	s	en	2	to hire
thuyền tam bản	xuồng ba lá	s	en	1	sampan
thuận lợi	bất lợi	a	en	1	favourable; advantageous
thuần chất	thuần khiết	s	en	1	pure; unadulterated
thuần khiết	thuần chất	s	en	1	pure; unadulterated; unalloyed
thuật giả kim	giả kim thuật	s	en	1	alchemy
thuốc phiện	a phiến	s	en	1	opium (drug from opium poppy)
thuốc phiện	á phiện	s	en	1	opium (drug from opium poppy)
thuốc phiện	nha phiến	s	en	1	opium (drug from opium poppy)
thuở bé	thuở nhỏ	s	en	1	childhood
thuở nhỏ	thuở bé	s	en	1	childhood
thuốc đánh răng	kem đánh răng	s	en	1	toothpaste
thuỷ quân lục chiến	lính thủy đánh bộ	s	en	1	marine corps
thành niên	vị thành niên	a	en		
thành thị	nông thôn	a	en	1	
thái giám	hoạn quan	s	en	1	an imperial eunuch
thái hoà	thanh bình	s	en	1	peaceful
thái hoà	thái bình	s	en	1	peaceful
thán khí	cacbon đioxit	s	en	1	carbon dioxide
thám thính	do thám	s	en	1	to snoop around, to scout to assess the situation
tháng tư	tháng bốn	s	en	1	April
tháng giêng	tháng một	s	en		
thánh chỉ	chiếu chỉ	s	en	1	{{l|en|imperial edict; royal decree
thánh chỉ	sắc chỉ	s	en	1	{{l|en|imperial edict; royal decree
tháo vát	mẫn cán	s	en	1	resourceful
thâm thuý	thâm nho	s	en	1	sophisticate
thâm nho	uyên bác	s	en	1	scholarly and profound
thâm hiểm	thâm độc	s	en	1	treacherous; vicious
thâm hiểm	nham hiểm	s	en	1	treacherous; vicious
thân mến	thân ái	s	en	2	yours sincerely
thân thể	mình vóc	s	en	1	body
thân thích	bà con	s	en	1	one's relatives
thân thích	họ hàng	s	en	1	one's relatives
thè	lè	s	en	1	to stick tongue out
thè	le	s	en	1	to stick tongue out
thây	xác	s	en	1	corpse
thây	thi hài	s	en	1	corpse
thây	thi thể	s	en	1	corpse
thép	chực	s	en	2	to rely on; to depend on
thép	nhờ	s	en	2	to rely on; to depend on
thân yêu	thân mến	s	en	1	familiarly dear or beloved
thân yêu	yêu quý	s	en	1	familiarly dear or beloved
thâu	thu	s	en	3	
théc	ngủ	s	en	1	to sleep
thêm	cộng	s	en		
thêu dệt	tô vẽ	s	en	2	to fabricate; to embellish; to forge
thìa	muỗng	s	en	1	spoon (scooped utensil for eating or serving)
thì thầm	thầm thì	s	en	1	to whisper
thí mẹ	thí bà nội	s	en	1	
thì quá khứ	thời quá khứ	s	en	1	past tense
thìa cà phê	muỗng cà phê	s	en	1	teaspoon
thìa canh	muỗng canh	s	en	1	tablespoon
thím	mợ	s	en		
thím	mự	s	en		
thòi lòi	cá lác	s	en	1	mudskipper
thích nghi	thích ứng	s	en	1	to adapt (to); to adjust (to); to accustom (to)
thò	thụt	a	en	1	to jut, to stick out
thích ứng	thích nghi	s	en	1	to adapt (to); to adjust (to); to accustom (to)
thò lò	bông vụ	s	en	1	spinning top
thòi	thò	s	en	1	to stick out, protrude
thòi	tòi	s	en	1	to stick out, protrude
thòi	thòi lòi	s	en	1	to stick out, protrude
thóp	mỏ ác	s	en	1	fontanelle
thóc	lúa	s	en	1	paddy; unhusked rice
thó	chôm	s	en	1	to steal
thói đời	thế thái	s	en	1	the ways of the world; the habits of people
thô lậu	thô thiển	s	en	1	crude; uncouth; vulgar
thôn quê	nông thôn	s	en	1	countryside; country; rural areas
thôn quê	thành thị	a	en	2	rural; rustic
thô thiển	mất dạy	s	en	1	crude; vulgar
thô thiển	bất hảo	s	en	1	crude; vulgar
thông suốt	thấu đáo	s	en	3	without obstruction; smooth
thông suốt	trôi chảy	s	en	3	without obstruction; smooth
thông gia	sui gia	s	en	1	parents of husband and wife; co-parents-in-law
thông luật	dân luật	a	en		
thông tấn xã	ttx	s	en	1	news agency
thông tấn xã	hãng tin	s	en	1	news agency
thông tục	tục	s	en	3	popular; vulgar
thú cưng	vật cưng	s	en		
thù đủ	đu đủ	s	en	1	papaya
thùng rác	sọt rác	s	en	1	garbage can
thơ đường	đường thi	s	en		
thơ thẩn	tha thẩn	s	en	2	aimless
thơ thẩn	xa xẩn	s	en	2	aimless
thơm lừng	thơm phức	s	en	1	fragrant; having a very nice aroma; pleasant-smelling
thư điện tử	thơ điện tử	s	en	1	email
thư điện tử	điện thư	s	en	1	email
thư điện tử	email	s	en	1	email
thư điện tử	mail	s	en	1	email
thương gia	nhà buôn	s	en	1	merchant
thương mại	mậu dịch	s	en	1	trade; commerce
thương số	thương	s	en	1	quotient
thường trú	tạm trú	a	en	1	to have a }} as proof of permanent residence
thượng	hạ	a	en	1	upper; higher; top
thường nhật	thường ngày	s	en	1	everyday
thượng nghị viện	hạ nghị viện	a	en	1	an
thượng nghị sĩ	hạ nghị sĩ	a	en	1	a
thượng nguồn	hạ nguồn	a	en	1	upper reaches
thượng lưu	hạ lưu	a	en		
thượng du	hạ du	a	en		
thượng sách	hạ sách	a	en	1	the best/optimal plan/course of action
thượng thặng	thượng thừa	s	en	1	top-notch
thượng thừa	thượng thặng	s	en	1	top-notch
thạch sùng	thằn lằn	s	en	1	
thạch sùng	chanh chách	s	en	1	
thạch lựu	lựu	s	en	1	pomegranate
thạch nhũ	nhũ đá	s	en	1	a
thượng đẳng	hạ đẳng	a	en	1	belonging to the higher classes of animals or plants
thượng vị	hạ vị	a	en	1	higher; upper
thả cửa	thả ga	s	en	1	
thả cửa	tới bến	s	en	1	
thả ga	thả cửa	s	en	1	
thả ga	tới bến	s	en	1	
thảm thiết	bi ai	s	en	1	tragically sad
thảo dã	quê	s	en	1	countryside
thảo thư	chữ thảo	s	en	1	grass script
thấp	lùn	s	en	1	short in terms of height
thấp	cao	a	en	1	short in terms of height
thất bát	mất mùa	s	en	1	to fall short
thất ngôn tứ tuyệt	thất ngôn tuyệt cú	s	en	1	a form of  in which each line consists of seven syllables
thầm lặng	lặng thầm	s	en	1	silent; mute; taciturn
thần linh	thần	s	en	1	a deity; a god
thầy	thầy giáo	s	en	1	male teacher
thầy giáo	thầy	s	en	1	a male teacher
thần tình	diệu kì	s	en	1	incredible; brilliant
thận	cật	s	en	1	kidney
thập phương	tứ phương	s	en	2	all directions
thẩu	anh túc	s	en	2	opium poppy
thẩu	thuốc phiện	s	en	2	opium poppy
thật	giả	a	en		
thật	hư	a	en		
thật	ảo	a	en		
thật	sai	a	en		
thật lòng	thật tâm	s	en	2	sincerely; frankly; honestly
thật tâm	thật lòng	s	en	1	sincerely; truthfully
thằn lằn	thạch sùng	s	en	2	common house gecko
thằn lằn	chanh chách	s	en	2	common house gecko
thắt lưng	dây nịt	s	en	3	a
thắt lưng	dây lưng	s	en	3	a
thắt	nới	a	en	1	to tighten or fasten by knotting or anchoring a string, rope, belt or noose
thắc thỏm	thấp thỏm	s	en	1	anxious, impatient for something
thẳng	cong	a	en	3	heterosexual
thằn lằn bóng	rắn mối	s	en	1	skink
thằng	con	a	en	1	
thẹn	mắc cỡ	s	en	2	to feel embarrassed; to be ashamed
thẹn	xấu hổ	s	en	2	to feel embarrassed; to be ashamed
thẹn	dị	s	en	2	to feel embarrassed; to be ashamed
thẳng thớm	thẳng thắn	s	en	1	straight
thẳng rẵng	thẳng cẳng	s	en	1	still, often in an exhausted manner
thẳng như ruột ngựa	thẳng thắn	s	en		
thẳng như ruột ngựa	ăn to nói lớn	s	en		
thẳng như ruột ngựa	ruột để ngoài da	s	en		
thẳng như ruột ngựa	vòng vo	a	en		
thẳng như ruột ngựa	lươn lẹo	a	en		
thế	rứa	s	en	4	thus; so; like that
thế	vậy	s	en	4	thus; so; like that
thế	thay	s	en	6	to replace; to substitute
thế	thay thế	s	en	6	to replace; to substitute
thế chiến	chiến tranh thế giới	s	en	1	world war
thế cuộc	cuộc thế	s	en	1	situation of something (such as war, investing, politics, etc.) in one or more c
thế cuộc	thế cục	s	en	1	situation of something (such as war, investing, politics, etc.) in one or more c
thế cuộc	tình hình	s	en	1	situation of something (such as war, investing, politics, etc.) in one or more c
thế cục	cuộc thế	s	en	1	life; world situation
thế cục	thế cuộc	s	en	1	life; world situation
thế giới ngữ	quốc tế ngữ	s	en		
thế nào	sao	s	en	1	how; what; in what manner; in what way
thế nào	ra sao	s	en	1	how; what; in what manner; in what way
thế nào	răng	s	en	1	how; what; in what manner; in what way
thế thì	rứa thì	s	en	1	so; then; in that case
thế thì	vậy thì	s	en	1	so; then; in that case
thế thiên hành đạo	thay trời hành đạo	s	en	1	to enforce the (moral) Way on behalf of Heaven, to take the law into one's own h
thế thái	thói đời	s	en	1	the ways of the world; the habits of people
thế mà	vậy mà	s	en	1	but; however; yet; still
thể cách	thể thức	s	en	1	style and form (of a procedure etc.); manner; way
thều thào	phều phào	s	en	1	inanimate
thể thức	thể cách	s	en	1	style and manner; way of procedure
thị thực	thị thực nhập cảnh	s	en		
thị hiếu	gu	s	en	1	taste; liking (of a wider audience or market)
thị hiếu	sở thích	s	en	1	taste; liking (of a wider audience or market)
thị thực nhập cảnh	thị thực	s	en	1	visa
thị trường	trường nhìn	s	en	2	a field of view
thịt cầy	thịt chó	s	en	2	dog meat
thịt chó	thịt cầy	s	en		
thống nhất	hợp nhất	s	en	2	to unite; to unify
thối	hư	s	en	1	rotten
thối	ung	s	en	1	rotten
thối	thơm	a	en	2	fetid, putrid, stinking, foul-smelling
thối	thơm lừng	a	en	2	fetid, putrid, stinking, foul-smelling
thối	thơm ngát	a	en	2	fetid, putrid, stinking, foul-smelling
thối	thơm phức	a	en	2	fetid, putrid, stinking, foul-smelling
thối	thơm tho	a	en	2	fetid, putrid, stinking, foul-smelling
thối	hỏng	s	en	3	unexploded
thối	hư hỏng	s	en	3	unexploded
thối	nổ	a	en	3	unexploded
thối	thoái	s	en	7	to retreat
thối	tiến	a	en	7	to retreat
thốn	nhột	s	en	3	to have an unwanted experience
thống lĩnh	chiếm lĩnh	s	en	2	to dominate
thổ địa	thổ công	s	en	2	
thời chiến	thời bình	a	en	1	wartime
thời bình	thời chiến	a	en	1	peacetime
thổi phồng	bốc	s	en	3	to hype up
thổi phồng	phóng đại	s	en	3	to hype up
thổi phồng	chém gió	s	en	3	to hype up
thổi phồng	nổ	s	en	3	to hype up
thổi kèn	bú cu	s	en	2	to give a blowjob
thổi kèn	bún cua	s	en	2	to give a blowjob
thời quá khứ	thì quá khứ	s	en	1	past tense
thời khắc	giờ phút	s	en	1	moment
thời cục	thời cuộc	s	en	1	current political or social situation
thở	hít	a	en	1	to breathe out; to exhale
thở	hô hấp	s	en	2	to breathe
thờn bơn	cá bơn	s	en	1	a fish of the taxonomic order : the flatfish, including flounders, soles, turbot
thờn bơn	cá thờn bơn	s	en	1	a fish of the taxonomic order : the flatfish, including flounders, soles, turbot
thụ	công	a	en	2	
thợ hồ	thợ xây	s	en	1	a bricklayer; a mason
thợ hồ	thợ nề	s	en	1	a bricklayer; a mason
thợ nề	thợ xây	s	en	1	a bricklayer; a mason
thợ nề	thợ hồ	s	en	1	a bricklayer; a mason
thợ xây	thợ hồ	s	en	1	a bricklayer; a mason
thợ xây	thợ nề	s	en	1	a bricklayer; a mason
thợ ảnh	nhiếp ảnh gia	s	en	1	photographer
thụt	thò	a	en	1	to pull back
thụ động	chủ động	a	en	1	passive or reactive rather than active or proactive
thụng	chùng	s	en	1	baggy; loose-fitting (of clothes)
thụng	thùng	s	en	1	baggy; loose-fitting (of clothes)
thụng	chẽn	a	en	1	baggy; loose-fitting (of clothes)
thụ án	thi hành án	s	en		
thụ án	ân xá	a	en		
thụ án	đặc xá	a	en		
thụi	đấm	s	en	1	to punch, thump, slug
thủ môn	thủ thành	s	en	1	goalkeeper
thủng	lủng	s	en	1	perforated
thứ bốn	bốn	s	en		
thứ bốn	thứ tư	s	en		
thức	thức ăn	s	en	1	food;  drink
thức	thực	s	en	1	food;  drink
thứ nhì	nhì	s	en		
thứ nhì	thứ hai	s	en		
thức ăn	đồ ăn	s	en	1	food
thừa	dư	s	en	1	unneeded, needless, unnecessary ; redundant, superfluous; leftover
thừa	dư thừa	s	en	1	unneeded, needless, unnecessary ; redundant, superfluous; leftover
thừ	đờ	s	en	1	feeling faint with exhaustion; dumbed with sadness; nonplussed; stupefied
thức ăn nhanh	đồ ăn nhanh	s	en	1	fast food
thức uống	đồ uống	s	en	1	drink
thức giả	sĩ phu	s	en	1	scholar
thừa nước đục thả câu	mượn gió bẻ măng	s	en	1	to fish in troubled waters
thửa	sự	s	en	2	, , , or }}
thửa	điều	s	en	2	, , , or }}
thửa	cái	s	en	2	, , , or }}
thửa	chỗ	s	en	2	, , , or }}
thửa	nơi	s	en	2	, , , or }}
thửa	chốn	s	en	2	, , , or }}
thực ra	chính ra	s	en	1	
ti	sở	s	en		
thực tiễn	thực tế	s	en	2	practical; realistic
tin	tin tức	s	en	2	news
tin mừng	tin lành	s	en	2	a
ti vi	vô tuyến	s	en	1	
tin học	tin	s	en	2	rudimentary high school training for ,  and computer science (which roughly cove
tia tử ngoại	tia cực tím	s	en	1	ultraviolet rays; UV rays
tia cực tím	tia tử ngoại	s	en	1	ultraviolet rays; UV rays
tinh hoàn	dái	s	en	1	testicle
tinh hoàn	trứng dái	s	en	1	testicle
tinh tinh	hắc tinh tinh	s	en	1	a chimpanzee
tinh trùng	tinh dịch	s	en	2	semen
tinh quái	tinh ranh	s	en	1	mischievous; cunning
tinh mơ	tinh sương	s	en	1	the very early morning
tinh sương	tinh mơ	s	en	1	very early morning
tiêm	chích	s	en	1	to inject (medicine), to give a shot
tinh tướng	tinh vi	s	en	1	too pleased with oneself, one's own ability, or wealth
tiên sư	tổ sư	s	en	3	
tiên nữ	nàng tiên	s	en	1	a young-looking female fairy
tiên nga	ngọc nữ	s	en	1	beautiful woman; goddess
tiên nga	tiên nữ	s	en	1	beautiful woman; goddess
tiêu diệt	diệt chủng	s	en		
tiêu diệt	huỷ diệt	s	en		
tiêu diệt	huỷ hoại	s	en		
tiêu diệt	phá hoại	s	en		
tiêu diệt	tàn phá	s	en		
tiêu diệt	loại bỏ	s	en		
tiêu chảy	ỉa chảy	s	en	1	to have diarrhoea
tiêu cực	tích cực	a	en	1	
tiêu lốt	tiêu ớt	s	en	1	long pepper ()
tiêu thạch	diêm tiêu	s	en	1	saltpetre
tiêu ớt	tiêu lốt	s	en	1	long pepper ()
tiến công	tấn công	s	en	1	to attack
tiến công	phòng thủ	a	en	1	to attack
tiếng	âm	s	en		
tiếng	ngôn ngữ	s	en		
tiếng	ngữ	s	en		
tiếng	âm tiết	s	en		
tiếng	vần	s	en		
tiếng	phương ngữ	s	en		
tiếng	phương ngôn	s	en		
tiếng	giọng	s	en		
tiếng	khẩu âm	s	en		
tiếng	giờ	s	en		
tiếng pháp	pháp ngữ	s	en	1	the French language
tiếng pháp	tiếng tây	s	en	1	the French language
tiếng hàn	tiếng triều tiên	s	en	1	Korean language
tiếng hàn	tiếng hàn quốc	s	en	1	Korean language
tiếng kinh	việt ngữ	s	en		
tiếng kinh	tiếng việt nam	s	en		
tiếng kinh	tiếng việt	s	en		
tiếng kinh	tiếng phổ thông	s	en		
tiếng hán	hoa văn	s	en		
tiếng hán	hoa ngữ	s	en		
tiếng hán	tiếng trung	s	en		
tiếng hán	tiếng hoa	s	en		
tiếng hán	hán văn	s	en		
tiếng hán	hán ngữ	s	en		
tiếng việt	việt ngữ	s	en	1	the Vietnamese language
tiếng việt	tiếng việt nam	s	en	1	the Vietnamese language
tiếng việt	tiếng kinh	s	en	1	the Vietnamese language
tiếng việt	tiếng phổ thông	s	en	1	the Vietnamese language
tiếng mẹ đẻ	bản ngữ	s	en		
tiếng việt nam	tiếng phổ thông	s	en		
tiếng triều tiên	tiếng hàn	s	en	1	Korean language
tiếng triều tiên	tiếng hàn quốc	s	en	1	Korean language
tiếp đầu ngữ	tiền tố	s	en		
tiếp vĩ ngữ	hậu tố	s	en	1	suffix
tiết khí	tiết	s	en	1	a solar term
tiếp ứng	chi viện	s	en	1	to support and serve as a backup
tiền	hậu	a	en	2	pre-
tiền biên	tiền truyện	s	en		
tiền biên	tục biên	a	en		
tiền nước	bo	s	en	2	tip, extra money given in appreciation for a rendered service
tiền nước	tiền bo	s	en	2	tip, extra money given in appreciation for a rendered service
tiền lệ pháp	án lệ	s	en		
tiền thưởng	bo	s	en		
tiền thưởng	tiền bo	s	en		
tiền truyện	tiền biên	s	en		
tiền truyện	tục biên	a	en		
tiền phương	tiền tuyến	s	en	1	front line
tiền phương	chiến tuyến	s	en	1	front line
tiền phương	hậu phương	a	en	1	front line
tiền phong	tiên phong	s	en	1	vanguard
tiền tuyến	tiền phương	s	en	1	a front line
tiền tuyến	chiến tuyến	s	en	1	a front line
tiền tuyến	hậu tuyến	a	en		
tiền tuyến	hậu phương	a	en		
tiểu	tiểu tiện	s	en	3	to urinate; to pee
tiểu	đái	s	en	3	to urinate; to pee
tiền tố	tiếp đầu ngữ	s	en		
tiền đạo	trung phong	s	en		
tiểu học	giáo dục tiểu học	s	en	1	primary education
tiểu học	cấp một	s	en	1	primary education
tiểu mạch	lúa mì	s	en	1	
tiểu hình	khinh tội	s	en	1	misdemeanor; petty crime
tiểu tiện	tiểu	s	en	1	to urinate
tiểu tiện	đái	s	en	1	to urinate
tiểu đường	đái tháo đường	s	en	1	diabetes
tiểu tràng	ruột non	s	en	1	small intestine
tiểu từ	trợ từ	s	en	1	particle
tiện	tiện thể	s	en	2	while you're at it
tiện	tiện tay	s	en	2	while you're at it
tiện	nhân thể	s	en	2	while you're at it
tiện	nhân tiện	s	en	2	while you're at it
tiệm tạp hoá	cửa hàng tạp hoá	s	en	1	grocery store, grocery
to	nhỏ	a	en	1	big, large
to	bé	a	en	1	big, large
toan	axít	s	en	1	acid
to nhỏ	nhỏ to	s	en	1	to coo (confidences etc.); to talk intimately
to gan lớn mật	to gan	s	en	2	very audacious
to gan lớn mật	lớn mật	s	en	2	very audacious
tiệt trùng	khử trùng	s	en	1	to sterilise
ton hót	nịnh	s	en	1	to flatter; to fawn
ton hót	nịnh bợ	s	en	1	to flatter; to fawn
toạ lạc	nằm	s	en	1	to be located; to be situated
tra cứu	tra	s	en	1	to look into and find out
tra cứu	tra khảo	s	en	1	to look into and find out
toóc	rạ	s	en	1	
trai	nam	s	en	3	
trang hoàng	trang trí	s	en	1	to decorate; to adorn
trang trí	trang hoàng	s	en	1	to
tranh đua	ganh đua	s	en	1	to compete
tranh đua	đua tranh	s	en	1	to compete
tranh tụng	kiện cáo	s	en	1	to litigate to resolve a dispute
tranh tụng	kiện tụng	s	en	1	to litigate to resolve a dispute
treo	đứng hình	s	en	2	to stop responding to manual input devices such as the keyboard and mouse; to ha
treo	đơ	s	en	2	to stop responding to manual input devices such as the keyboard and mouse; to ha
trau chuốt	tinh tế	s	en	2	embellished; polished
trinh sát	do thám	s	en	1	to scout
tri thức luận	nhận thức luận	s	en	1	epistemology
tri âm	tri kỉ	s	en	1	bosom friend
triện	ấn chương	s	en		
triều cường	triều kém	a	en	1	spring tide
triều kém	triều cường	a	en	1	neap tide
trong	đục	a	en	1	clear and thus presumably clean
trong	trong suốt	s	en	2	translucent or transparent
trong	trong vòng	s	en	4	within (an amount of time)
trong	trong số	s	en	5	in/among (a group)
trong	ngoài	a	en	7	behind (an enclosed space)
trung học phổ thông	cấp 3	s	en	1	high school education, general secondary education
trung học phổ thông	cấp ba	s	en	1	high school education, general secondary education
trung phong	tiền đạo	s	en		
trung tiện	địt	s	en	1	to pass wind
trung tiện	đánh địt	s	en	1	to pass wind
trung tiện	đánh rắm	s	en	1	to pass wind
trung niên	người lớn	s	en	2	a  person
truyền thuyết	huyền thoại	s	en	1	legend
truyền thanh	phát thanh	s	en	2	radio broadcasting
truyền khẩu	truyền miệng	s	en	1	to be pass down|passed down orally; by word of mouth
truyền miệng	truyền khẩu	s	en	1	to be pass down|passed down orally; by word of mouth
truyền giáo	truyền đạo	s	en	1	to preach; to tell someone to spread one's religion
truyện	truyện kí	s	en	2	biography
truyện	kí	s	en	2	biography
truyền đạo	truyền giáo	s	en	1	to preach; to tell someone to spread one's religion
truân chuyên	gian truân	s	en	1	packed with obstacles and hardship
truân chuyên	lận đận	s	en	1	packed with obstacles and hardship
trà trân châu	trà sữa trân châu	s	en		
tràn ngập	ngập tràn	s	en		
trà đen	hồng trà	s	en	1	black tea
trà xanh	lục trà	s	en	1	green tea
tràn đầy	tràn ngập	s	en	1	full to overflowing; brimful
tràn đầy	tràn trề	s	en	1	full to overflowing; brimful
trà trộn	thâm nhập	s	en	1	to infiltrate into an organization; to go undercover
trái	ngược	s	en	4	inside out
trái	tả	s	en		
trái	chiêu	s	en		
trái	sau	s	en		
trái	trái cây	s	en		
trái	quả	s	en		
trái	mìn	s	en		
trái	đậu mùa	s	en		
trái	phải	a	en		
trái	đăm	a	en		
trái	trước	a	en		
trái	chính	a	en		
trám	bùi	s	en		
trám	cà na	s	en		
trân châu	ngọc trai	s	en	1	pearl
trâm	thoa	s	en	1	hairpin
trây lười	lười	s	en		
trêu	chọc	s	en	1	to tease, to poke fun
trên dưới	khoảng	s	en	2	more or less
trên dưới	xấp xỉ	s	en	2	more or less
trên dưới	chừng	s	en	2	more or less
trên dưới	tầm	s	en	2	more or less
trên bảo, dưới không nghe	liệt dương	s	en	1	to impotent, unable to achieve or sustain an erection, having impotentia coeundi
trình đơn	danh mục	s	en		
trình đơn	bảng chọn	s	en		
trì hoãn	hoãn	s	en	1	to delay; to procrastinate
trì hoãn	lùi	s	en	1	to delay; to procrastinate
trí mạng	trí tử	s	en		
trí mạng	chí tử	s	en		
trí tuệ nhân tạo	ai	s	en	1	artificial intelligence
tròn	chẵn	s	en	3	being an integer
trích	sít	s	en	2	purple swamphen ()
trò chơi điện tử	game	s	en	1	a video game
trông	nhìn	s	en	1	to look at
trôi chảy	lưu loát	s	en	1	fluent
trông mong	mong đợi	s	en	1	to expect; to wait (for)
trông đợi	trông chờ	s	en	1	to expect; to look forward to
trông đợi	mong đợi	s	en	1	to expect; to look forward to
trông đợi	ngóng đợi	s	en	1	to expect; to look forward to
trù trừ	chần chừ	s	en	1	to hesitate; to dither; to procrastinate; to delay (''especially due to ambivale
trúng gió	phải gió	s	en	1	}}
trùng lặp	trùng lắp	s	en	1	to repeat or duplicate redundantly and uselessly
trăng	mặt trăng	s	en	1	the Moon
trăm trận trăm thắng	bách chiến bách thắng	s	en		
trút	tê tê	s	en	3	pangolin
trăm họ	bách tính	s	en	1	common people, masses, ordinary citizens, general population
trăm họ	bá tánh	s	en	1	common people, masses, ordinary citizens, general population
trăng mật	tuần trăng mật	s	en	1	a honeymoon
trưng cầu dân ý	trưng cầu ý dân	s	en		
trơn	nhám	a	en	1	slippery; smooth
trơn	rít	a	en	1	slippery; smooth
trưng cầu ý dân	trưng cầu dân ý	s	en		
trước sau	sớm muộn	s	en	2	sooner or later; in time
trước sau	chẳng chóng thì chầy	s	en	2	sooner or later; in time
trước khi	trước lúc	s	en	1	before (earlier than in time), prior to
trường phái	môn phái	s	en	1	a ; compare
trường mầm non	trường mẫu giáo	s	en	1	kindergarten
trường mẫu giáo	trường mầm non	s	en	1	kindergarten
trưởng	cả	s	en	2	firstborn; eldest (in a family)
trại	trẹo	s	en	3	twisted; askew
trượng	gậy	s	en		
trả	mượn	a	en	1	to return; to give back
trạng từ	phó từ	s	en	1	an
trả lời	đáp	s	en	1	to answer; to reply; to respond
trả giá	mặc cả	s	en	2	to bargain, haggle
trạm xá	bệnh xá	s	en	1	local infirmary, cottage hospital
trạng nguyên	trạng	s	en	1	a ''''
trạnh	diệp	s	en	2	moldboard
trả thù	báo thù	s	en	1	to avenge, to take revenge
trả thù	phục thù	s	en	1	to avenge, to take revenge
trải qua	kinh qua	s	en	2	to go through; to get through
trảy	hái	s	en	1	to pluck (usually a fruit from a branch)
trảy	ngắt	s	en	1	to pluck (usually a fruit from a branch)
trầm hương	kì nam	s	en	1	agarwood
trầm hương	trầm	s	en	2	various  trees such as  and , sources of agarwood
trầm tĩnh	điềm tĩnh	s	en	1	quiet; calm; serene; placid
trẫm	ta	s	en	1	
trẫm	quả nhân	s	en	1	
trẫm	cô	s	en	1	
trẫm	bất cốc	s	en	1	
trần gian	trần thế	s	en	1	
trần gian	hạ giới	s	en	1	
trần thế	trần gian	s	en	1	
trắc	bằng	a	en	3	being neither the  nor
trật	trượt	s	en	1	missed
trật	hụt	s	en	1	missed
trật	trúng	a	en	1	missed
trật	sai	s	en	2	incorrect; inaccurate
trật	đúng	a	en	2	incorrect; inaccurate
trật	hất	s	en	4	to fling away
trắng	đen	a	en	2	light or pale
trằm	hoa tai	s	en	1	earring
trằm	bàu	s	en	2	pond, lake
trắng án	vô tội	s	en		
trắng án	tha bổng	s	en		
trắng án	kết án	a	en		
trắng án	thụ án	a	en		
trễ	muộn	s	en	1	late; tardy
trẻ trâu	sửu nhi	s	en	2	misbehaving youth; attention-seeker
trề	bĩu	s	en	1	to pout
trẻ con	con nít	s	en	1	children; kids
trẻ con	trẻ em	s	en	1	children; kids
trẻ con	trẻ thơ	s	en	1	children; kids
trẻ thơ	con nít	s	en	1	a little kid; a small child
trẻ thơ	trẻ em	s	en	1	a little kid; a small child
trẻ thơ	trẻ con	s	en	1	a little kid; a small child
trỉa	gieo	s	en	1	to sow (seeds)
trỉa	tỉa	s	en	1	to sow (seeds)
trống	mái	a	en	2	male
trốc	đầu	s	en	1	head
trốn tìm	ú tim	s	en	1	hide and seek
trỏ	chỉ	s	en		
trống không	cộc lốc	s	en	2	) or sentence-ending particles (such as ), and therefore impolitely}}
trốc gối	đầu gối	s	en	1	knee
trốc gối	gối	s	en	1	knee
trối kệ	mặc kệ	s	en	1	to leave alone, ignore, let be
trộm	ăn trộm	s	en	1	thief
trộm	lén	s	en	3	to do something secretly
trội	lặn	a	en	2	
trớn	đà	s	en	1	momentum
trộm nghĩ	thiết tưởng	s	en	1	in my humble opinion
trộm nghĩ	thiết nghĩ	s	en	1	in my humble opinion
trời	trời ơi	s	en		
trở	tang	s	en	2	funeral rite
trời ơi	mèng đéc ơi	s	en	1	good heavens; good God; good Lord; oh my God
trời ơi	cha mẹ ơi	s	en	1	good heavens; good God; good Lord; oh my God
trời ơi	trời đất	s	en	2	for God's sake
trời đánh	trời đánh thánh vật	s	en	2	loathsome; nasty; awful; goddamn; lousy; pesky
trớp	lép	s	en	1	empty; shriveled
trợ từ	tiểu từ	s	en	1	a particle
trợ thủ	phụ tá	s	en	1	assistant
trợ thủ	giúp việc	s	en	1	assistant
trụ cột	cột trụ	s	en	1	backbone, cornerstone, pillar
trụ sinh	kháng sinh	s	en	1	antibiotic
trụ thạch	trụ sở	s	en	1	headquarters
trụ thạch	lãnh đạo	s	en	2	leader
trứng gà	lê-ki-ma	s	en	1	lucmo ()
trứng chấy	trứng rận	s	en	1	nit
trứng rận	trứng chấy	s	en	1	nit
trứng vịt lộn	hột vịt lộn	s	en		
trứng dái	dái	s	en	1	a
trứng dái	tinh hoàn	s	en	1	a
trừu	cừu	s	en	1	
trừu tượng	cụ thể	a	en	1	abstract
trực hệ	bàng hệ	a	en	1	direct lineage (descent)
trực tuyến	trên mạng	s	en	1	online
trực tuyến	ngoại tuyến	a	en	1	online
tu huýt	còi	s	en	1	whistle
tung tích	hành tung	s	en	1	trace, whereabouts
tu-đa-la	kinh	s	en	1	sutra
tu-đa-la	khế kinh	s	en	1	sutra
tuy thế	tuy vậy	s	en	1	however; nevertheless
tuy vậy	tuy thế	s	en	1	however; nevertheless
tuyến cuối	trung ương	s	en	1	tertiary
tuyến cuối	tuyến đầu	s	en	1	tertiary
tuyển	tuyển dụng	s	en	1	to
tuyển	tuyển sinh	s	en	1	to
tuyến đầu	trung ương	s	en	2	tertiary
tuyến đầu	tuyến cuối	s	en	2	tertiary
tuyệt cú	tứ tuyệt	s	en	1	, a quatrain in which each line consists of five or seven syllables
tuyệt xảo	trác tuyệt	s	en	1	outstanding
tuyệt mật	tối mật	s	en	1	top-secret
tuyệt trần	tuyệt thế	s	en	1	peerless; top-notch
tuần nô-el	tuần nô-en	s	en		
tuần nô-en	tuần nô-el	s	en		
tuần dương hạm	tàu tuần dương	s	en		
tuổi trẻ	tuổi xuân	s	en	1	youth
tuổi trẻ	tuổi xanh	s	en	1	youth
tuổi xuân	tuổi trẻ	s	en	1	youth
tuổi xuân	tuổi xanh	s	en	1	youth
tuổi xanh	tuổi trẻ	s	en	1	youth
tuổi xanh	tuổi xuân	s	en	1	youth
tuềnh toàng	liêu xiêu	s	en	1	crude, with no firm basis
tuềnh toàng	xuề xoà	s	en	2	inconsiderate, with little attention to detail
tuỷ xương	cốt tuỷ	s	en	1	bone marrow
tuỵ đạo	đường hầm	s	en		
tuỵ tạng	tuỵ	s	en	1	pancreas
tài khoản	trương mục	s	en	1	account
tà phái	chính phái	a	en	1	|_|fiction|martial arts}} an evil or shady sect
tài hoa	tài ba	s	en		
tài ba	tài hoa	s	en		
tàm tạm	sương sương	s	en	1	so-so
tàm tạm	khấm khá	s	en	1	so-so
tàn tật	khuyết tật	s	en	1	disabled; handicapped
tàn bạo	bạo tàn	s	en	1	savage and cruel
tàng hình	vô hình	s	en	1	invisible
tàn quân	tàn binh	s	en	1	the remaining troops of a losing armed force
tàu hủ	tào phớ	s	en	1	douhua; tofu pudding; soybean pudding
tàu bè	tàu thuyền	s	en	1	boats; ships; vessels
tá	lố	s	en	1	dozen
tàu điện	xe điện	s	en	1	
tàu sân bay	hàng không mẫu hạm	s	en		
tàu lửa	tàu hoả	s	en	1	train
tàu lửa	xe lửa	s	en	1	train
tá túc	qua đêm	s	en	1	to stay overnight
tàu thuyền	tàu bè	s	en	1	boats; ships; vessels
tày trời	tày đình	s	en	1	grave, serious and of great consequence
tàu vũ trụ	phi thuyền	s	en	1	spaceship
tày đình	tày trời	s	en	1	grave
tách	chén	s	en		
tách	cốc	s	en		
tách	ly	s	en		
tách	li	s	en		
tám	tán	s	en		
tán	tát	s	en	3	to slap
tán	vả	s	en	3	to slap
tán	tám	s	en		
tán thành	đồng ý	s	en	1	to agree to; to approve
tán thành	đồng tình	s	en	1	to agree to; to approve
tán dương	khen ngợi	s	en	1	to praise; to commend; to extol
tán dương	tán thưởng	s	en	1	to praise; to commend; to extol
tán đả	tán thủ	s	en	1	
tán thủ	tán đả	s	en	1	
tâm linh	linh tính	s	en	2	ability to predict the future
tâm thần phân liệt	ttpl	s	en	1	schizophrenia
tâm thu	thu tâm	s	en	1	systole
tâm thu	tâm trương	a	en	1	systole
tâm thu	trương tâm	a	en	1	systole
tâm địa	lòng dạ	s	en	1	character; heart
tân binh	lính mới	s	en	2	rookie; novice
tâm tình	tâm sự	s	en	2	to express one's personal feelings
tâm truyền	công truyền	a	en	1	esoteric
tâm trương	trương tâm	s	en	1	diastole
tâm trương	tâm thu	a	en	1	diastole
tâm trương	thu tâm	a	en	1	diastole
tân ngữ	túc từ	s	en	1	object
tân lịch	dương lịch	s	en	1	the Gregorian calendar
té	ngã	s	en	1	to trip#Verb|trip; to fall#Verb|fall, to fall over
té	bổ	s	en	1	to trip#Verb|trip; to fall#Verb|fall, to fall over
té	tát	s	en	2	to sprinkle
té	vẩy	s	en	2	to sprinkle
tê	tê giác	s	en	4	rhinoceros
tê	tờ	s	en		
tê giác	tê	s	en	2	a rhinoceros
tê giác	tây	s	en	2	a rhinoceros
té ra	hoá ra	s	en	1	apparently
tên	gã	s	en	3	person
tên	thằng	s	en	3	person
tên	mũi tên	s	en		
tê tê	trút	s	en	1	pangolin
tê tê	xuyên sơn	s	en	1	pangolin
tên cúng cơm	tên hèm	s	en	1	posthumous name
tên cúng cơm	thuỵ hiệu	s	en	1	posthumous name
tên cúng cơm	tên tục	s	en	2	home name, child's nickname used in the household
tìm	kiếm	s	en		
tì bà	nhót tây	s	en	2	loquat
tên tục	tên cúng cơm	s	en	1	home name, child's nickname used when still little or for use in the household
tí hon	nhỏ xíu	s	en		
tí hon	bé tí	s	en		
tía	bố	s	en	1	father; dad
tía	ba	s	en	1	father; dad
tía	cha	s	en	1	father; dad
tía	thầy	s	en	1	father; dad
tía	cậu	s	en	1	father; dad
tía	bọ	s	en	1	father; dad
tía	áng	s	en	1	father; dad
tía má ơi	cha mẹ ơi	s	en		
tía má ơi	mèn đét ơi	s	en		
tích cực	tiêu cực	a	en	1	
tích trượng	thiền trượng	s	en	1	khakkhara
tính	tính toán	s	en	1	to calculate
tính	định	s	en	2	to plan; to think of (doing something)
tính	dự định	s	en	2	to plan; to think of (doing something)
tính từ	hình dung từ	s	en	1	an
tò he	giống bột	s	en	1	kind of toy made from edible glutinous rice powder
tính tiền	thanh toán	s	en	1	to pay
tính rợ	tính nhẩm	s	en	1	to do mental arithmetic
tòng	chánh	a	en	1	"junior" ranking for , e.g. , , , , etc.
tóc đuôi gà	tóc đuôi ngựa	s	en	1	a ponytail; a hairstyle where the hair is pull back|pulled back and tied into a 
tòi	lòi	s	en	1	to stick out; to emerge
tòi	thò	s	en	1	to stick out; to emerge
tòi	thòi	s	en	1	to stick out; to emerge
tòi	són	s	en	2	to be revealed, come to light; to leak out; to be forced out
tòng phạm	đồng phạm	s	en		
tôi	tớ	s	en	2	servant of a monarch
tôi	tui	s	en	4	I/me
tôi	ông	a	en	4	I/me
tôi	bà	a	en	4	I/me
tôi	anh	s	en	6	I/me
tôi	em	a	en	6	I/me
tóm	gầy	s	en	4	skinny, thin
tóm	ốm	s	en	4	skinny, thin
tóm	còi	s	en	4	skinny, thin
tóm	ròm	s	en	4	skinny, thin
tóm	nậy	a	en	4	skinny, thin
tót	rạ	s	en	1	stubble
tôi tư duy, nên tôi tồn tại	tôi suy nghĩ, vậy nên tôi tồn tại	s	en	1	I think therefore I am
tóc đuôi ngựa	tóc đuôi gà	s	en	1	a ponytail; a hairstyle where the hair is pull back|pulled back and tied into a 
tô mộc	vang	s	en	1	sappanwood, sapan (, syn. )
tô vẽ	thêu dệt	s	en	1	to fabricate
tôi suy nghĩ, vậy nên tôi tồn tại	tôi tư duy, nên tôi tồn tại	s	en	1	I think, therefore I am
tôm tít	bề bề	s	en	1	mantis shrimp
tù mù	lù mù	s	en	1	obscure
tù mù	lờ mờ	s	en	1	obscure
túc cầu	bóng đá	s	en		
tú lơ khơ	bộ bài tây	s	en	1	playing cards
tú lơ khơ	tú	s	en	1	playing cards
tùng xẻo	lăng trì	s	en	1	lingchi
túc từ	tân ngữ	s	en	1	object
tăm tối	tối tăm	s	en		
tăm	bọt	s	en	2	small air bubbles
tăm	bong bóng	s	en	2	small air bubbles
tăng già	tăng đoàn	s	en	1	a
tĩnh mạch	ven	s	en	1	a
tĩnh mạch	động mạch	a	en	1	a
tăng viện	chi viện	s	en	1	
tăng viện	ni viện	a	en	2	a
tăng tốc	giảm tốc	a	en	1	to
tăng đoàn	tăng-già	s	en	1	sangha (Buddhist community of monks, nuns, novices and laity)
tư	riêng	s	en	4	
tư	tư thục	s	en	4	
tư	công	a	en	4	
tư	chung	a	en	4	
tơ lụa	lụa	s	en		
tư bản	tư bản chủ nghĩa	s	en	2	capitalist
tư bản chủ nghĩa	chủ nghĩa tư bản	s	en		
tư vấn	tham vấn	s	en	1	to offer expert or professional advice; to advise; to counsel
tư sản	vô sản	a	en	1	bourgeois
tư lự	ưu tư	s	en	1	to think over; to ponder
tư hữu	công hữu	a	en	1	privately owned; private
tương hỗ	qua lại	s	en	1	mutually; each other; one another
tương cà	nước xốt cà chua	s	en	1	ketchup
tương lai	vị lai	s	en	1	the future
tương ứng	ứng	s	en	1	to correspond; to correlate; to respond to each other
tước đoạt	chiếm đoạt	s	en	1	to take away; to take over; to seize; to appropriate; to deprive
tướng tá	tướng mạo	s	en	2	looks, appearance
tại	do	s	en	2	to be because of; to be due to
tại	bởi	s	en	2	to be because of; to be due to
tượng	voi	s	en	2	elephant
tại ngoại	tại ngoại hậu cứu	s	en	1	out on bail
tạ thế	từ trần	s	en	1	to pass away; to depart from this world
tạ thế	mệnh chung	s	en	1	to pass away; to depart from this world
tạ thế	mệnh một	s	en	1	to pass away; to depart from this world
tạ thế	lìa trần	s	en	1	to pass away; to depart from this world
tạ thế	lìa đời	s	en	1	to pass away; to depart from this world
tại gia	xuất gia	a	en	1	to not be ordained; to be lay
tạm biệt	giã từ	s	en	2	to bid farewell
tạm biệt	từ biệt	s	en	2	to bid farewell
tại sao	vì sao	s	en	1	why
tạnh	dợ	s	en	1	to stop; to cease
tại ngoại hậu cứu	tại ngoại	s	en	1	out on bail
tạm trú	thường trú	a	en	1	to reside temporarily without a }}
tạp hoá	tạp phẩm	s	en	1	sundry goods, objects for everyday use, as often sold at small corner shops
tạp phẩm	tạp hoá	s	en	1	sundry goods, groceries
tạp nham	tả pín lù	s	en	1	disorderly and trivial
tải xuống	tải lên	a	en	1	to
tải trọng	trọng tải	s	en	1	load capacity; deadweight
tả ngạn	hữu ngạn	a	en	1	the left bank
tải lên	tải xuống	a	en	1	to
tả phái	cánh tả	s	en	1	
tả phái	hữu phái	a	en	1	
tả phái	cánh hữu	a	en	1	
tản văn	văn xuôi	s	en	1	type of free prose in which the author expresses their thoughts, feelings, impre
tả tơi	bầm giập	s	en	1	badly torn or beaten
tấn công	phòng thủ	a	en		
tất nhiên	đương nhiên	s	en	1	of course
tầm	khoảng	s	en	4	about
tầm	cỡ	s	en	4	about
tầm	chừng	s	en	4	about
tất yếu	tự khắc	s	en	1	inevitable
tất yếu	chính yếu	s	en	2	indispensable, absolutely necessary
tất yếu	cốt yếu	s	en	2	indispensable, absolutely necessary
tất yếu	chủ yếu	s	en	2	indispensable, absolutely necessary
tấu	tâu	s	en	2	to report to (a royalty, usually the king)
tất tả	vội vàng	s	en	1	hurried in a preoccupied way
tất tả	lật đật	s	en	1	hurried in a preoccupied way
tần số	tần suất	s	en	1	frequency
tần suất	tần số	s	en	1	frequency
tẩy	gôm	s	en	3	eraser; rubber
tập xác định	miền	s	en	1	a domain
tập quyền	phân quyền	a	en	1	to centralize power; to practice totalitarianism
tập trung dân chủ	dân chủ tập trung	s	en		
tập trung dân chủ	tập trung quan liêu	a	en		
tắc	quất	s	en	2	calamansi
tắc	hạnh	s	en	2	calamansi
tắc kè	cắc kè	s	en	1	a gecko
tắt	bật	a	en	2	to switch off, turn off, shut down
tắc đường	kẹt xe	s	en	1	traffic jam
tắc đường	thông xe	a	en	1	traffic jam
tặc	chặc	s	en	2	to click, to clack, to make sound with the tongue
tếch	bồng	a	en	2	aft
tếch	đuôi	s	en	3	stern of a boat
tếch	lái	s	en	3	stern of a boat
tếch	chuồn	s	en	5	to bail out; to exit quickly
tế nhị	nhạy cảm	s	en	2	sensitive
tỉ dụ	ví dụ	s	en	1	example, instance
tệ nạn xã hội	tệ nạn	s	en	1	an evil that is pervasive in a society; social ill
tỉnh	tỉnh lị	s	en	2	provincial capital
tỉnh	sáng suốt	s	en	3	alert, conscious
tỉnh	thức dậy	s	en	5	to awaken
tỉnh	ngủ dậy	s	en	5	to awaken
tỉnh	tỉnh rượu	s	en	6	to sober up
tỉnh lị	thủ phủ	s	en	1	provincial capital
tịch	chết	s	en	1	to drop dead; to croak
tỉnh táo	cảnh giác	s	en	1	to be alert, watchful, awake, vigilant
tỉnh táo	tỉnh ngủ	s	en	1	to be alert, watchful, awake, vigilant
tối dạ	sáng dạ	a	en	1	
tối đa	nhiều	s	en		
tối đa	nhất	s	en		
tối thiểu	ít	s	en		
tối thiểu	nhất	s	en		
tối mật	tuyệt mật	s	en		
tốt bụng	xấu bụng	a	en		
tồn tại	tồn đọng	s	en	2	persisting, unresolved
tồn tại	còn tồn tại	s	en	2	persisting, unresolved
tồ tồ	ồ ồ	s	en	1	noisy and with abundance
tồn đọng	tồn tại	s	en	2	persistent deficiency (usually in an organization)
tổ hợp quân sự-công nghiệp	phức hợp quân sự-công nghiệp	s	en	1	military-industrial complex
tổng biên tập	chủ bút	s	en	1	an
tớ	tôi	s	en	1	a servant
tới	sau	s	en	4	next
tội nghiệp	tội	s	en	2	poor; pathetic; pitiful
tới bến	thả ga	s	en	2	
tới bến	thả cửa	s	en	2	
tờ rơi	tờ bướm	s	en	1	
tợp	táp	s	en	1	to snap; to gulp
tới lui	lui tới	s	en		
tờ bướm	tờ rơi	s	en	1	
tới nơi tới chốn	đến nơi đến chốn	s	en	1	all the way
tục	thề	s	en	3	
tục biên	tiền biên	a	en		
tục biên	tiền truyện	a	en		
tụi	bọn	s	en	2	
tụi	chúng	s	en	2	
tụi nó	chúng nó	s	en	1	they/them
tụ hội	tụ họp	s	en	1	to gather; to get together, to meet together
tụi tui	chúng tôi	s	en	1	we/us
tụi tui	bầy tui	s	en	1	we/us
tụi tui	choa	s	en	1	we/us
tụi tui	nhà quân	s	en	1	we/us
tủ	phủ	s	en	4	to cover (with); to overlay (with)
tủi hờn	hờn tủi	s	en	1	to be vexed; to feel resentful (due to one's situation)
tứ giác	hình tứ giác	s	en		
tứ dân	sĩ nông công thương	s	en	1	the four hierarchical  in feudal East Asia
tứ phía	bốn phương	s	en	1	the four cardinal directions
tứ tuyệt	tuyệt cú	s	en	1	, a quatrain in which each line consists of five or seven syllables
tức cười	mắc cười	s	en	1	funny
tức cười	buồn cười	s	en	1	funny
từ nguyên học	ngữ nguyên học	s	en		
từ nguyên	ngữ nguyên	s	en		
từ chối	chấp nhận	a	en	1	
từ chối	đồng ý	a	en	1	
từ khi	từ lúc	s	en	1	since
từ giã	giã từ	s	en		
từ giã	từ biệt	s	en		
từ cổ chí kim	xưa nay	s	en	1	since time immemorial
từ trần	tạ thế	s	en	1	to pass away
từ trần	mệnh chung	s	en	1	to pass away
từ trần	mệnh một	s	en	1	to pass away
từ trần	lìa trần	s	en	1	to pass away
từ trần	lìa đời	s	en	1	to pass away
từ tố	hình vị	s	en	1	morpheme
từ phản nghĩa	từ trái nghĩa	s	en	1	antonym
từ pháp	hình thái học	s	en	1	morphology
từ trái nghĩa	từ phản nghĩa	s	en	1	antonym
từ trái nghĩa	từ đồng nghĩa	a	en	1	antonym
từ điển	tự điển	s	en		
tử ngoại	cực tím	s	en	1	ultraviolet
từng trải	non	a	en	1	
từng trải	non nớt	a	en	1	
tử cung	dạ con	s	en	1	uterus; womb
từ điển bách khoa	bách khoa toàn thư	s	en	1	encyclopedic dictionary; encyclopedia
tự	chữ	s	en		
tự	từ	s	en		
tử vong	chết	s	en	1	to die
tử số	tử	s	en	1	a
tự hào	tự nhục	a	en	1	proud
tự khắc	tất yếu	s	en	1	naturally, as an inevitable result of something
tự khắc	tự nhiên	s	en	1	naturally, as an inevitable result of something
tự sát	tự tử	s	en	1	to commit suicide
tự sát	tự vẫn	s	en	1	to commit suicide
tự sát	quyên sinh	s	en	1	to commit suicide
tự nhiên	thiên nhiên	s	en	1	nature
tự nhiên	đột nhiên	s	en	5	suddenly; all of a sudden; spontaneously
tự nguyện	tình nguyện	s	en	1	to volunteer
tự ngã	cái tôi	s	en	1	ego
tự tử	tự sát	s	en	1	to commit suicide, to kill oneself
tự tử	tự vẫn	s	en	1	to commit suicide, to kill oneself
tự tử	quyên sinh	s	en	1	to commit suicide, to kill oneself
tự sướng	dâm	s	en	2	to masturbate
tự sướng	thủ dâm	s	en	2	to masturbate
tự tôn	tự trọng	s	en	1	self-respecting
tự động từ	nội động từ	s	en	1	
tự vẫn	tự tử	s	en	2	to commit suicide; to take one's own life
tự vẫn	tự sát	s	en	2	to commit suicide; to take one's own life
tựa đề	tựa	s	en	1	a title (of a written work etc.)
tựa đề	tiêu đề	s	en	1	a title (of a written work etc.)
tựa đề	nhan đề	s	en	1	a title (of a written work etc.)
ung dung	khoan thai	s	en	1	composed; poised; relaxed; unhurried
u ám	âm u	s	en	1	overcast; overshadowed; darkened
uy nghiêm	nghiêm	s	en	1	grave; solemn and dignified
uy nghiêm	nghiêm nghị	s	en	1	grave; solemn and dignified
uầy	oa	s	en	1	wow
ve	ve sầu	s	en	1	cicada
ven	tĩnh mạch	s	en	2	vein
ven	động mạch	a	en	2	vein
vi ba	vi sóng	s	en	1	microwave
vi mô	vĩ mô	a	en	1	microscopic
ven biển	duyên hải	s	en	1	of coastal areas
vi mạch	chip	s	en	1	a microchip; an integrated circuit
vi mạch tích hợp	vi mạch	s	en	1	an integrated circuit
vi mạch tích hợp	mạch tích hợp	s	en	1	an integrated circuit
vi sóng	vi ba	s	en	1	microwave
vi-ô-lông-xen	xe-lô	s	en	1	cello
vi-ô-lông	vĩ cầm	s	en	1	a violin
vi-ta-min	sinh tố	s	en	1	vitamin
vitamin gâu gâu	thịt chó	s	en	1	dog meat
vitamin gâu gâu	thịt cầy	s	en	1	dog meat
vinh hiển	hiển vinh	s	en	1	prestigious; distinguished
viết	ghi	s	en	1	to write
viết	chép	s	en	1	to write
viết	bút	s	en	2	non-chalk handheld writing instrument
viễn	cận	a	en	2	
viết chì	bút chì	s	en	1	a pencil
viễn thị	viễn	s	en	1	long-sighted; far-sighted; hypermetropic
viễn thị	cận thị	a	en	1	long-sighted; far-sighted; hypermetropic
việc gì	mắc mớ	s	en	2	to be none of one's business
voi	vâm	s	en	1	elephant
voi	tượng	s	en	1	elephant
vo	vò	s	en	2	to make into a ball with a grabbing motion
voi biển	moóc	s	en	1	walrus
voi biển	hải tượng	s	en	1	walrus
voọc	khỉ	s	en	1	a
vung	nắp	s	en	1	lid, cover
vàng da	hoàng đản	s	en	1	
vàng son	hoàng kim	s	en	1	golden
vàm	cửa sông	s	en	2	river mouth
vào	vô	s	en	1	to enter
vào	ra	a	en	1	to enter
vào	truy cập	s	en	3	to gain access to
vào	tham gia	s	en	4	to become a member of; to join
vào	gia nhập	s	en	4	to become a member of; to join
vào	bắt đầu	s	en	6	to begin (a new chapter in time)
vào	tuân theo	s	en	7	to abide by, to conform to
vào	trái	a	en	7	to abide by, to conform to
vào	ngoài	a	en	12	during, on
váy	đầm	s	en	1	skirt; dress
váy	mấn	s	en	1	skirt; dress
váy	xống	s	en	1	skirt; dress
váng	váng vất	s	en	3	feeling dizzy and uncomfortable
váng vất	váng	s	en	1	uncomfortable and dizzy
vê	vờ	s	en	1	
véo	nhéo	s	en	1	to pinch
vì sao	sao	s	en	1	why
vì sao	tại sao	s	en	1	why
vì	vị	s	en	2	
vì	ngôi	s	en	4	and .}}
vì	ông	s	en	4	and .}}
víu	níu	s	en	1	to cling
víu	bám	s	en	1	to cling
ví dụ	lệ	s	en	1	example, instance
ví	bóp	s	en	1	wallet, purse
vì thế	do đó	s	en	1	
vì vậy	nên	s	en	1	therefore; consequently; so for that reason
vì vậy	bởi vậy	s	en	1	therefore; consequently; so for that reason
vì vậy	do đó	s	en	1	therefore; consequently; so for that reason
vì vậy	bởi thế	s	en	1	therefore; consequently; so for that reason
vòi	vòi nước	s	en	4	faucet, tap, spigot
vòi vĩnh	vòi	s	en	1	to importune someone
vòi vĩnh	đòi hỏi	s	en	1	to importune someone
vô chính phủ	vô trị	s	en	1	anarchic
vô	vào	s	en	1	to enter; to go into
vô	ra	a	en	3	to go southwards in Vietnam
vô	bất	s	en	7	without, -less, un-, in-
vô	không	s	en	7	without, -less, un-, in-
vót	chuốt	s	en	1	to whittle
vô cực	vô cùng	s	en	1	infinity
vô cùng	vô tận	s	en		
vô cùng	vô cùng tận	s	en		
vô cùng	cực kì	s	en		
vô cùng	vô cực	s	en		
vô cơ	hữu cơ	a	en	1	
vô giá trị	vô giá	a	en	1	valueless; worthless; inconsequential
vô hình	tàng hình	s	en	1	invisible; unseen
vô kể	không kể xiết	s	en	1	innumerable; incalculable; numberless; untold
vô giáo dục	mất dạy	s	en	1	uneducated
vô lại	lưu manh	s	en	1	rude, bad, or ill-mannered
vô lại	mất dạy	s	en	1	rude, bad, or ill-mannered
vô lại	bất hảo	s	en	1	rude, bad, or ill-mannered
vô lại	đê tiện	s	en	1	rude, bad, or ill-mannered
vô lại	cặn bã	s	en	1	rude, bad, or ill-mannered
vô lương tâm	bất lương	s	en	1	ruthless; unscrupulous; callous
vô thanh	hữu thanh	a	en		
vô sản	tư sản	a	en	1	proletarian
vô quốc tịch	không quốc tịch	s	en		
vô quốc tịch	không quốc gia	s	en		
vô sỉ	vô liêm sỉ	s	en	1	shameless, impudent
vô tính	hữu tính	a	en	1	asexual
vô tình	cố tình	a	en	2	unintentionally, accidentally
vô trị	vô chính phủ	s	en	1	anarchic, anarchistic
vô tỉ	hữu tỉ	a	en	1	
vô vàn	vô số	s	en	1	a multitude of; a great many of
vô vị lợi	phi lợi nhuận	s	en	1	nonprofit
vô vị lợi	bất vụ lợi	s	en	1	nonprofit
vô-lăng	tay lái	s	en	1	steering wheel
võng mạc	màng lưới	s	en	1	a retina
vùng	khu vực	s	en	1	region, area
vú	bưởi	s	en		
vùng văn hoá á đông	vùng văn hoá đông á	s	en		
vùng văn hoá á đông	vùng văn hoá chữ hán	s	en		
vùng văn hoá đông á	vùng văn hoá á đông	s	en		
vùng văn hoá đông á	vùng văn hoá chữ hán	s	en		
vùng văn hoá chữ hán	vùng văn hoá á đông	s	en		
vùng văn hoá chữ hán	vùng văn hoá đông á	s	en		
vùng biển	lãnh hải	s	en	1	territorial waters
vùng biển	hải phận	s	en	1	territorial waters
vùng trời	không phận	s	en	1	airspace (a specified portion of the atmosphere under the jurisdiction of a coun
văn bằng	bằng	s	en		
văn bằng	bằng cấp	s	en		
văn cảnh	ngữ cảnh	s	en	1	context
vĩ cầm	vi-ô-lông	s	en	1	violin
văn phạm	ngữ pháp	s	en		
văn tự	chữ viết	s	en	1	writing system; script; written language
vĩ mô	vi mô	a	en	1	macroscopic
văn ngôn	cổ văn	s	en	2	Classical Chinese
văn ngôn	hán văn	s	en	2	Classical Chinese
văn pháp	ngữ pháp	s	en	1	grammar
vũ lượng kế	vũ kế	s	en	1	pluviometer; rain gauge
vũ cầu	cầu lông	s	en	1	badminton
vĩnh hằng	vĩnh cửu	s	en	1	eternal; perpetual; everlasting
vĩnh hằng	vĩnh viễn	s	en	1	eternal; perpetual; everlasting
vũ trụ luận	vũ trụ học	s	en		
vũ trụ học	vũ trụ luận	s	en		
vũng	vịnh	s	en	2	cove, embayment
vũ nữ	gái nhảy	s	en	1	dancing girl; taxi dancer
vương tử	hoàng tử	s	en		
vương gia	vương	s	en		
vương gia	hoàng gia	s	en		
vương gia	hoàng tộc	s	en		
vườn bách thú	sở thú	s	en	1	zoo
vượn	khỉ	s	en	2	ape
vườn trẻ	nhà trẻ	s	en	1	kindergarten
vạn	phường	s	en	3	guild
vạn	hội	s	en	3	guild
vạm vỡ	phốp pháp	s	en	1	corpulent, beefy
vạch trần	bóc trần	s	en	1	to expose; to uncover; to unmask; to lay bare
vạch trần	phanh phui	s	en	1	to expose; to uncover; to unmask; to lay bare
vẫn thạch	thiên thạch	s	en	1	meteorite
vẫn	vẫn còn	s	en	1	still; yet
vầy	như vậy	s	en	1	
vận mệnh	mệnh	s	en	1	fate
vận mệnh	số mệnh	s	en	1	fate
vận mệnh	định mệnh	s	en	1	fate
vật cưng	thú cưng	s	en		
vận dụng	áp dụng	s	en	1	to apply; to put into practice
vận dụng	ứng dụng	s	en	1	to apply; to put into practice
vật học	khoáng vật học	s	en	1	mineralogy
vật lí	vật lí học	s	en	1	physics
vật lí	lí	s	en	1	physics
vật dụng	đồ dùng	s	en	1	object of everyday use; appliance
vậy	thế	s	en	1	so, thus
vậy	rứa	s	en	1	so, thus
vắng mặt	có mặt	a	en	1	to be absent
vậy mà	thế mà	s	en	1	but; however; yet; still
vằn thắn	hoành thánh	s	en		
vắt	nắm	s	en	5	a handful ball (of cooked rice)
vắt	rì	s	en	7	
vằng	hái	s	en	2	sickle
vằng	liềm	s	en	2	sickle
vẳng	vọng	s	en	1	to echo
vẹt	két	s	en	1	parrot
vẹt	gạt	s	en	2	to push aside
vẹo	ức	s	en	1	a hundred thousand
vế câu	mệnh đề	s	en	1	clause
vểnh	cụp	a	en	1	be perking up
vị tha	ích kỉ	a	en	1	altruistic; unselfish; selfless
vị tha	vị kỉ	a	en	1	altruistic; unselfish; selfless
vị kỉ	ích kỉ	s	en	1	selfish
vị kỉ	vị ngã	s	en	1	selfish
vị kỉ	vị tha	a	en	1	selfish
vị hôn thê	vợ sắp cưới	s	en	1	a
vị thành niên	thành niên	a	en	1	
vị lai	tương lai	s	en	1	future
vị ngã	vị kỉ	s	en	1	selfish; self-centered; egoistical
vện vàng	ba que	s	en	1	sympathizers of the Republic of Vietnam
vịnh	vũng	s	en	1	gulf; bay
vịm	thố	s	en	1	glazed terracotta pot with lid, usually for storing food
vỏ	lốp	s	en	2	tyre, tire
vốn	tư bản	s	en	1	capital, funding
vịt xiêm	ngan	s	en	1	Muscovy duck
vọ	ghẹ	s	en	2	to sponge (something from someone)
vọi	vợi	s	en	1	towering; lofty; high
vớ	bít tất	s	en	3	a
vớ	tất	s	en	3	a
vồn vã	niềm nở	s	en	1	cordial; hospitable
vớ vẩn	tào lao	s	en	1	ridiculous; stupid; nonsensical
vỡ	bể	s	en	2	broken into pieces
vờ	vật vờ	s	en	1	mayfly
vờ	phù du	s	en	1	mayfly
vờ	thiêu thân	s	en	1	mayfly
vờ	chuôm	s	en	3	plants' debris on the surface of a pond, serving as hiding places for fish
vờ	chà	s	en	3	plants' debris on the surface of a pond, serving as hiding places for fish
vờ	nè	s	en	3	plants' debris on the surface of a pond, serving as hiding places for fish
vụ	vụ việc	s	en	2	case, affair
vụ	ham chuộng	s	en	4	to seek
vụ	mưu cầu	s	en	4	to seek
vụ	quay	s	en	5	spinning top
vụ	bông vụ	s	en	5	spinning top
vụ	cù	s	en	5	spinning top
vợi	vòi vọi	s	en	1	too high or distant to be made out clearly
vỡ tan	tan vỡ	s	en	1	to break; to break down; to shatter; to burst
vỡ lở	bại lộ	s	en	1	to be exposed, be revealed, blow up
xa	ngái	s	en	1	far
xa	gần	a	en	1	far
vừng	mè	s	en	1	sesame
xa pô chê	hồng xiêm	s	en	1	sapodilla ()
xe	xế	s	en	1	wheeled vehicle
xanh-tuya	thắt lưng	s	en	1	belt
xanh-tuya	dây nịt	s	en	1	belt
xanh-tuya	dây lưng	s	en	1	belt
xe ca	ô tô ca	s	en	1	minibus, usually used as a coach
xe bù ệt	xe cút kít	s	en	1	wheelbarrow
xe bù ệt	xe rùa	s	en	1	wheelbarrow
xe hơi	ô tô	s	en	1	car
xe cứu thương	xe cấp cứu	s	en	1	ambulance
xe cấp cứu	xe cứu thương	s	en	1	ambulance
xe lu	hủ lô	s	en	1	a road roller
xe khách	xe ca	s	en	1	coach
xe khách	xe đò	s	en	1	coach
xe cút kít	xe rùa	s	en	1	a wheelbarrow
xe đạp	xế điếc	s	en		
xe đạp	xế độp	s	en		
xe tăng	tăng	s	en	1	a tank (military vehicle)
xe đò	xe ca	s	en	1	coach
xe đò	xe khách	s	en	1	coach
xe ôm	xe thồ	s	en	1	a motorcycle taxi
xe rùa	xe cút kít	s	en	1	a wheelbarrow
xe điện	tàu điện	s	en	1	an electric train
xe van	xe ca	s	en	1	van
xe van	ô tô ca	s	en	1	van
xe-lô	vi-ô-lông-xen	s	en	1	cello
xem mặt	coi mắt	s	en	1	to meet with a date via a dating service
xem bói	coi bói	s	en	1	to consult a fortune-teller
xem thường	coi thường	s	en	1	to regard as unimportant; to think little of; to look down upon
xi nhê	ăn thua	s	en	1	
xiên	dĩa	s	en	1	fork
xiên	nĩa	s	en	1	fork
xiên	nghiêng	s	en	4	slanted, oblique
xiên	chéo	s	en	4	slanted, oblique
xoa	bôi	s	en	2	to apply, to put, to smear, to rub
xoa	xức	s	en	2	to apply, to put, to smear, to rub
xoa	lụa	s	en	3	silk fabric
xiềng	xích	s	en	1	chains; fetters
xiệp	te	s	en	1	type of fishing net consisted of a V-shaped bamboo frame that supports the loose
xiệp	trủ	s	en	1	type of fishing net consisted of a V-shaped bamboo frame that supports the loose
xoi	xuyên	s	en	2	to pierce, puncture
xoàn	kim cương	s	en	1	diamond
xoa bóp	đấm bóp	s	en		
xoàng	tầm thường	s	en	1	commonplace; mediocre; trivial; weaksauce
xoay chiều	một chiều	a	en	1	
xoài hôi	muỗm	s	en	1	()
xu-chiêng	coóc-xê	s	en	1	bra; brassiere
xu-chiêng	nịt vú	s	en	1	bra; brassiere
xu hướng	khuynh hướng	s	en	1	tendency; trend
xoáy	khoáy	s	en	3	hair whorl
xuyên sơn	tê tê	s	en	1	pangolin
xuyên sơn	trút	s	en	1	pangolin
xung quanh	chung quanh	s	en	1	around; round; about; surrounding
xuyên sơn giáp	tê tê	s	en	1	pangolin
xuyên sơn giáp	trút	s	en	1	pangolin
xuyên sơn giáp	xuyên sơn	s	en	1	pangolin
xuất	nhập	a	en	2	
xuất bản	đăng	s	en	1	to publish
xuất hiện	biến mất	a	en	1	to appear; to become visible
xuất cảnh	nhập cảnh	a	en	1	to leave a country
xuôi	ngược	a	en		
xuất gia	tại gia	a	en	1	to be ed
xuất cư	nhập cư	a	en	1	to emigrate
xuất viện	nhập viện	a	en		
xuất khẩu	nhập khẩu	a	en	1	to export
xuất siêu	nhập siêu	a	en	1	a trade surplus
xuất trận	ra trận	s	en	1	to march toward the battlefield
xuất quân	xuất trận	s	en	1	to move troops towards battle
xuống	lên	a	en		
xuồng ba lá	thuyền tam bản	s	en	1	sampan
xuống lỗ	xuống hố	s	en	1	to die
xà phòng	xà bông	s	en		
xà bông	xà phòng	s	en		
xà bông	bột giặt	s	en		
xài	dùng	s	en		
xài	sử dụng	s	en		
xà lỏn	soóc	s	en	1	shorts
xà lỏn	soọc	s	en	1	shorts
xà lỏn	quần đùi	s	en	1	shorts
xác	thi hài	s	en	1	remains
xác	thây	s	en	1	remains
xác	thân thể	s	en	2	body
xác	người	s	en	2	body
xác chết	tử thi	s	en	1	a corpse; dead body; cadaver; the remains
xá tội	tha tội	s	en	1	to pardon; to absolve
xác thực	chính xác	s	en	1	authentic or accurate, as pertaining to the truth
xán lạn	ảm đạm	a	en		
xâu	xỏ	s	en	1	to reeve; to thread
xâu	xiên	s	en	2	skewer
xâu	chuỗi	s	en	3	a string
xâm thực	xói mòn	s	en	1	to erode
xâu chuỗi	chuỗi	s	en	3	series, chain
xâu xé	giằng xé	s	en	1	to compete vigorously to gain some potential advantage
xê	cờ	s	en		
xéo	phắn	s	en		
xéo	cút	s	en		
xéo	biến	s	en		
xéo	cuốn gói	s	en		
xì	át	s	en		
xì phé	xì tố	s	en		
xì tố	xì phé	s	en		
xì dầu	nước tương	s	en	1	soy sauce
xì ke	ma tuý	s	en	2	drugs; narcotic
xí ngầu	súc sắc	s	en	1	dice
xí muội	ô mai	s	en	1	salted Chinese plum; smoked plum
xìu	xẹp	s	en	1	deflated
xô	đẩy	s	en	3	to push forward or push open
xô	ập	s	en	5	to gather many people for something
xù	quỵt	s	en	4	to
xông	gặm	s	en	3	to gnaw
xông	nhấm	s	en	3	to gnaw
xông	ống thông	s	en	4	catheter
xông	ca-tê-te	s	en	4	catheter
xúi quẩy	xui	s	en		
xúi quẩy	xui xẻo	s	en		
xúi quẩy	may	a	en		
xúi quẩy	may mắn	a	en		
xúi quẩy	hên	a	en		
xúc tu	vòi	s	en	1	tentacle
xăng xái	hăng hái	s	en	1	eager; enthusiastic; fervent
xăng xái	nhiệt tình	s	en	1	eager; enthusiastic; fervent
xăm xăm	phăm phăm	s	en	1	quick and purposeful
xưng hô	xưng	s	en		
xơi	dùng	s	en	1	to eat, to drink
xưa	nay	a	en	2	a long time ago; old times
xương chậu	khung chậu	s	en	1	pelvis
xưa kia	ngày xưa	s	en	1	formerly; in the past
xơ rơ	xơ xác	s	en	1	ragged, bare, scruffy
xương quai xanh	xương đòn	s	en	1	collarbone
xương đòn	xương quai xanh	s	en	1	a clavicle
xạo	dối	s	en	1	to lie
xạo	dóc	s	en	1	to lie
xấc xược	xấc láo	s	en	1	arrogant; pert; insolent; impertinent
xấc láo	xấc xược	s	en	1	arrogant; pert; insolent; impertinent
xắt	thái	s	en	1	to slice
xấu	đẹp	a	en	1	
xấu	tốt	a	en	2	
xấu hổ	thẹn	s	en	2	to be bashful; to be shy
xấu hổ	mắc cỡ	s	en	2	to be bashful; to be shy
xấu số	tốt số	a	en	1	unlucky; ill-fated; unfortunate
xấu bụng	tốt bụng	a	en	1	evil-minded; wicked; ill-disposed
xế	xe	s	en	4	wheeled vehicle
xế điếc	xe đạp	s	en		
xế điếc	xế độp	s	en		
xế độp	xe đạp	s	en		
xế độp	xế điếc	s	en		
xếp	đặt	s	en	1	to arrange; to put in order
xếp	dọn	s	en	1	to arrange; to put in order
xỉu	ngất	s	en	1	to feel faint
xốc	lũ	s	en	3	a bunch; a group
xỏ	xâu	s	en	1	to reeve, to thread
xỉn	say	s	en	2	drunk; blitzed
xị	lít	s	en	3	hundred thousand dongs
xỏ mũi	dắt mũi	s	en	2	to get conned (into harmful actions); to get manipulated
xờ nhẹ	ích-xì	s	en	1	
xờ nhẹ	sờ nặng	a	en	1	
xống	váy	s	en	1	skirt
xống	mấn	s	en	1	skirt
xộ khám	ngồi tù	s	en	1	to be imprisoned; to be jailed
y phục	đồ	s	en	1	dress; clothes
y phục	quần áo	s	en	1	dress; clothes
y chang	y hệt	s	en	1	just like; be the same
y sinh	bác sĩ	s	en		
y sinh	đốc-tờ	s	en		
y viện	bệnh viện	s	en	1	hospital
y viện	nhà thương	s	en	1	hospital
xửng	chõ	s	en	1	
xửng	quang	s	en	2	clear
yên sĩ phi lí thuần	cảm hứng	s	en		
yên giấc	an giấc	s	en	1	to sleep like a log; to sleep soundly
yên giấc	ngủ say	s	en	1	to sleep like a log; to sleep soundly
yên vui	an vui	s	en	1	peaceful and happy
yêu cầu	đòi	s	en	1	to demand
yếu bóng vía	nhát	s	en	2	
yếu bóng vía	nhát cáy	s	en	2	
yếu bóng vía	nhát gan	s	en	2	
yếm khí	kị khí	s	en	1	anaerobic
á căn đình	ác-hen-ti-na	s	en		
á-âu	âu-á	s	en		
á tế á	châu á	s	en	1	
yểng	nhồng	s	en	1	common hill myna ()
áp-ga-ni-xtan	a phú hãn	s	en	1	
ân triều	nhà ân	s	en	1	the  }}
ân triều	nhà thương	s	en	1	the  }}
áo môn	ma cao	s	en	1	
ê-cốt	xcốt-len	s	en	1	
âu châu	châu âu	s	en	1	
âu-á	á-âu	s	en		
ý	i-ta-li-a	s	en		
ý	ý đại lợi	s	en		
úc	úc đại lợi	s	en		
úc	úc châu	s	en		
ý đại lợi	i-ta-li-a	s	en		
ý đại lợi	ý	s	en		
úc đại lợi	úc	s	en		
úc đại lợi	úc châu	s	en		
ô-sin	người giúp việc	s	en	1	
á hoá thạch	bán hoá thạch	s	en	1	subfossil
á phiện	nha phiến	s	en	1	opium
á phiện	a phiến	s	en	1	opium
á phiện	thuốc phiện	s	en	1	opium
à ơi	ạ ơi	s	en	1	
ác	thiện	a	en	5	evil
ác	quạ	s	en	6	crow
ác là	bồ các	s	en		
ác khẩu	ác miệng	s	en	1	too eager to say hurtful things; bad-mouthed, tactless, inconsiderate, etc.
ác miệng	ác khẩu	s	en	1	foul-mouthed; offensive (in speech)
ác cái là	ác một cái là	s	en	1	the risk is, the difficulty is (therefore unable to do the aforementioned thing)
ác thú	vi	s	en	1	wild beast; behemoth
ác thú	thú	s	en	1	wild beast; behemoth
ác tính	lành tính	a	en	1	
ái	úi	s	en	5	ow; ouch
ái	á	s	en	5	ow; ouch
ái	ui da	s	en	5	ow; ouch
ái nữ	quý nữ	s	en	1	an/the only daughter
ám tả	chính tả	s	en	1	dictation
án lệ	tiền lệ pháp	s	en		
áng	bố	s	en		
áng	cha	s	en		
ánh sáng	bóng tối	a	en	1	light
án tử hình	tử hình	s	en		
áo may ô	áo ba lỗ	s	en		
áo thun	áo phông	s	en	1	T-shirt
áo phông	áo thun	s	en	1	T-shirt
áo quần	quần áo	s	en	1	clothes, clothing, garment, attire
áo ấm	áo rét	s	en	1	clothes or clothing for keeping warm at winter
áo tràng vạt	áo tràng	s	en	1	cross-collar robe
át	xì	s	en	1	ace
âm	dương	a	en	5	yin
âm	trừ	s	en	8	minus; negative
âm	âm thanh	s	en		
áp lực	sức ép	s	en	1	pressure
áp kế	khí áp kế	s	en	1	barometer
áp tải	hộ tống	s	en	1	to escort
âm ba	sóng âm	s	en	1	sound wave
áy	úa	s	en	1	sear, withered
áy	héo	s	en	1	sear, withered
âm hộ	cửa mình	s	en	1	a
âm lịch	lịch âm	s	en	1	the lunar calendar
âm lịch	lịch ta	s	en	1	the lunar calendar
âm cực	dương cực	a	en	1	cathode
âm hạch	âm vật	s	en	1	clitoris
âm giai	gam	s	en	1	musical scale
âm vật	âm hạch	s	en	1	a
âm thanh	tiếng	s	en	1	sound
âm thanh	âm	s	en	1	sound
âm tính	dương tính	a	en	1	
âm ti	minh ti	s	en	1	the underworld department where King Yama judges cases concerning the dead
ân hận	hối hận	s	en	1	to feel regret; to feel regretful; to repent
ân nghĩa	ơn nghĩa	s	en	1	feeling of gratitude
én	nhạn	s	en	1	a swallow
ét-sì	sờ	s	en	1	
ét-sì	sờ nặng	s	en	1	
ép buộc	bắt buộc	s	en	1	to force or compel others to do something that they dislike or do not want to do
êm đềm	êm ả	s	en	1	quiet; calm; peaceful; serene; tranquil
êm đềm	yên ả	s	en	1	quiet; calm; peaceful; serene; tranquil
ì oạp	oàm oạp	s	en	1	
ít	nhiều	a	en	1	few, little
óc	não	s	en	1	
ích-xì	xờ nhẹ	s	en	1	
ói	mửa	s	en	1	to vomit
ói	nôn	s	en	1	to vomit
óc chó	khôn	a	en	2	stupid, silly, oafish
ít nhất	chí ít	s	en	1	at least
ó cá	ưng biển	s	en	1	osprey ()
óp	lép	s	en	1	hollow; deflated; flat
ót	gáy	s	en	1	nape
ô ten	khách sạn	s	en		
ô ten	lữ quán	s	en		
ô mai	xí muội	s	en	1	salted Chinese plum; smoked plum
ô danh	thanh danh	a	en	1	bad name; infamy
ô hô	hỡi ôi	s	en	1	alas
ôm	ấp ủ	s	en	4	to harbor (grudges, hatred, dreams)
ôm	ôm ấp	s	en	4	to harbor (grudges, hatred, dreams)
ô tô	xe hơi	s	en	1	car
ô-lim-pích	thế vận hội	s	en		
ông nội	nội	s	en	1	a
ông nội	bố	s	en	2	a sarcastic way of addressing a young boy or man who you're annoyed with
ông nội	cha	s	en	2	a sarcastic way of addressing a young boy or man who you're annoyed with
ông nội	ông	s	en	2	a sarcastic way of addressing a young boy or man who you're annoyed with
ông ngoại	ngoại	s	en		
ông ấy	ông nớ	s	en	1	he
ông ấy	ổng	s	en	1	he
ún	tam	s	en	1	younger sibling
ún	em	s	en	1	younger sibling
ý dĩ	bo bo	s	en	1	Job's tears ()
ú tim	trốn tìm	s	en	1	hide and seek
ý dân	dân ý	s	en	1	popular opinion; people's opinions
ăn chay	ăn mặn	a	en		
ăn chắc mặc bền	liệu cơm gắp mắm	s	en		
ăn chặn	ăn bớt	s	en		
ăn chặn	tham ô	s	en		
ăn chín uống sôi	ăn sống	a	en		
ăn cháo đái bát	ăn cháo đá bát	s	en		
ăn cháo đái bát	qua cầu rút ván	s	en		
ăn cháo đái bát	uống nước nhớ nguồn	a	en		
ăn cháo đái bát	ăn quả nhớ kẻ trồng cây	a	en		
ăn cắp	ăn trộm	s	en		
ăn hàng	ăn vặt	s	en	1	to eat between meals; to snack (when outside)
ăn diện	diện	s	en	1	to be stylish; to dress smartly
ăn chực	ăn bám	s	en		
ăn cỗ	ăn tiệc	s	en		
ăn cỗ	ăn cưới	s	en		
ăn mày	ăn xin	s	en	2	to beg for money
ăn mặn	ăn chay	a	en	3	to eat animal products and not be a vegan
ăn lậm	ăn chặn	s	en	1	to cut something valuable from somebody
ăn lồn	toang	s	en		
ăn liền	ăn xổi	s	en		
ăn may	gặp may	s	en		
ăn may	may mắn	s	en		
ăn mòn	bào mòn	s	en		
ăn mòn	xâm thực	s	en		
ăn mòn	bồi đắp	a	en		
ăn lót dạ	ăn nhẹ	s	en		
ăn lót dạ	lót dạ	s	en		
ăn lót dạ	ăn no	a	en		
ăn phở	ăn cơm	a	en	2	to have an affair
ăn thùng uống vại	phàm ăn tục uống	s	en		
ăn nhờ ở đậu	ăn bám	s	en		
ăn nhờ ở đậu	ký sinh	s	en		
ăn nhờ ở đậu	tự lập	a	en		
ăn nhờ ở đậu	an cư lạc nghiệp	a	en		
ăn nhẹ	ăn lót dạ	s	en		
ăn nhẹ	ăn no	a	en		
ăn theo	bắt chước	s	en		
ăn sống	ăn chín uống sôi	a	en		
ăn roi	ăn đòn	s	en		
ăn xin	ăn mày	s	en	1	to beg
ăn vặt	ăn hàng	s	en	1	to eat snack
ăn tàn phá hại	ăn hại	s	en		
ăn tàn phá hại	phá gia chi tử	s	en		
ăn tàn phá hại	nghịch tử	s	en		
ăn trắng mặc trơn	đầu tắt mặt tối	a	en		
ăn thề	nuốt lời	a	en		
ăn to nói lớn	hào sảng	s	en		
ăn to nói lớn	thẳng thắn	s	en		
ăn to nói lớn	thẳng như ruột ngựa	s	en		
ăn to nói lớn	khép nép	a	en		
ăn tục nói phét	nói láo	s	en		
ăn tục nói phét	nói có sách, mách có chứng	a	en		
ăn tráng miệng	tráng miệng	s	en		
ăn tiệc	ăn cỗ	s	en		
đa văn	tì sa môn	s	en	1	
đu-blin	đạp lân	s	en	1	
đông dương	trung ấn	s	en		
đông hải	biển hoa đông	s	en		
đông nam bộ	miền đông	s	en	1	}}
đông á	á đông	s	en	2	East Asian
đường thi	thơ đường	s	en		
đông phi	tây phi	a	en		
đường triều	nhà đường	s	en	1	the  }}
đại thế chí	đắc đại thế	s	en	1	
đạo giáo	đạo lão	s	en	1	Taoism
đạo giáo	lão giáo	s	en	1	Taoism
đạp lân	đu-blin	s	en	1	
đại thừa	ma-ha-diễn-na	s	en	1	Mahayana
đại thừa	ma-ha-diễn	s	en	1	Mahayana
đại thừa	vi	s	en	1	Mahayana
đại thừa	thượng thừa	s	en	1	Mahayana
đại tạng kinh	nhất thiết kinh	s	en	1	w:Chinese Buddhist canon|Chinese Buddhist canon; Tripitaka
đảng cộng sản việt nam	đảng	s	en	1	the
đế thích	đế thích thiên	s	en	1	
đế thích	thích	s	en	1	
đế thích	thích đề hoàn nhân	s	en	1	
đế thích	thiên chủ	s	en	1	
địa cầu	trái đất	s	en	1	Earth
địa cầu	quả đất	s	en	1	Earth
đệ nhị thế chiến	chiến tranh thế giới thứ hai	s	en	1	World War II
đa phần	phần lớn	s	en	1	the most part
đa số	phần đông	s	en	1	majority
đa số	số đông	s	en	1	majority
đa số	thiểu số	a	en	1	majority
đai an toàn	dây an toàn	s	en	1	safety belt; seat belt
đa tiết	đa âm	s	en	1	polysyllabic
đa âm	đa tiết	s	en	1	polysyllabic; consisting of many syllables
đay	bố	s	en	1	jute (genus , especially jute mallow ()
đen	đỏ	a	en	3	unlucky; unfortunate
đi	mang	s	en	6	to wear (footwear)
đeo	bám	s	en	3	to latch on
đem con bỏ chợ	mang con bỏ chợ	s	en		
đeo đuổi	theo đuổi	s	en	1	to pursue, chase; to persist in
đi bộ	bộ hành	s	en	1	to walk
đi bộ	lội bộ	s	en	1	to walk
đi ngoài	đi tiêu	s	en	1	to do number two; to relieve oneself; to move one's bowels
đi lại	giao hợp	s	en	3	to engage in sexual intercourse
đi linh tinh	ngoại tình	s	en	1	to be unfaithful, to commit adultery
đi đồng	ị	s	en	1	to poop; to poo; to defecate
đi đồng	đại tiện	s	en	1	to poop; to poo; to defecate
đi đồng	đi ngoài	s	en	1	to poop; to poo; to defecate
đi đồng	đi cầu	s	en	1	to poop; to poo; to defecate
đinh ba	ba chĩa	s	en	2	a trident
đi-ốp	độ	s	en	1	
điên cuồng	điên khùng	s	en	1	demented; mad; insane
điếc	khiếm thính	s	en	1	deaf
điêu đứng	lận đận	s	en	2	in turmoil; struggling
điêu đứng	long đong	s	en	2	in turmoil; struggling
điêu linh	tiêu điều	s	en	1	decayed; ruined
điêu linh	bần cùng	s	en	1	decayed; ruined
điều	điều lệ	s	en	3	a clause
điều	đào lộn hột	s	en	5	cashew
điều hoà	máy lạnh	s	en	4	
điểm tâm	bữa sáng	s	en	1	breakfast
điển tích	điển cố	s	en	1	a tale of old happenings, often the basis of sayings or moral lessons
điển cố	điển tích	s	en	1	a tale of old happenings, often the basis of sayings or moral lessons
điện	gọi	s	en	6	to send telegram or to make a phone call
điện	đền	s	en	7	temple; shrine
điện não	máy vi tính	s	en		
điện giải	điện li	s	en	1	electrolysis
điện giải	điện phân	s	en	1	electrolysis
điện li	ion hoá	s	en		
điện thoại di động	di động	s	en		
điện thoại bàn	điện bàn	s	en		
điện trở	điện dẫn	a	en		
điện tử	electron	s	en	1	electron
điệu	điệu bộ	s	en	1	mannerism
điệu bộ	kiểu cách	s	en	2	make|making exaggerated gestures to put on airs
đo lường	đo	s	en		
đoan trang	thuỳ mị	s	en	1	dignified and decorous
đoàn chủ tịch	chủ tịch đoàn	s	en	1	presidium
đoàn ca	ca đoàn	s	en	1	a chorus; a choir
đon đả	niềm nở	s	en	1	welcoming; cordial
đu đủ	thù đủ	s	en	1	papaya
đoạn	khúc	s	en	1	segment
đoá	bông	s	en	1	
đoác	báng	s	en	1	
đoái hoài	để ý	s	en	1	to take care of something or somebody with kindness
đoái hoài	để tâm	s	en	1	to take care of something or somebody with kindness
đoảng	nhạt	s	en	1	bland
đoảng	lạt	s	en	1	bland
đoảng	ẩu	s	en	2	clumsy; good-for-nothing
đoảng	hậu đậu	s	en	2	clumsy; good-for-nothing
đoản mệnh	chết yểu	s	en	1	short-lived
đui	mù	s	en	1	blind
đuổi	dí	s	en	1	to chase, to pursue
đua chen	đua tranh	s	en	1	to jostle for, scramble for, compete aggressively
đàn bầu	độc huyền cầm	s	en	1	dan bau
đàn	bầy	s	en	1	large number of animals associated together in a group: flock, herd, school (of 
đàn bà	phụ nữ	s	en	1	woman
đàn bà	đàn ông	a	en	1	woman
đài các	quý phái	s	en	2	elegant
đuổi bắt	rượt bắt	s	en	2	the game of tag
đài thọ	tài trợ	s	en	1	to hold responsible for paying or covering the fees of something
đàn nguyệt	nguyệt cầm	s	en	1	moon lute, a traditional Vietnamese plucked#Adjective|plucked, fretted#Adjective
đàn nhị	đàn cò	s	en	1	a vertical bowed string instrument with two strings, used in the traditional and
đàn ông	đàn bà	a	en	1	man
đàn xếp	phong cầm	s	en	1	accordion
đàn xếp	ắc-coóc-đê-ông	s	en	1	accordion
đào lộn hột	điều	s	en	1	cashew
đá quý	ngọc	s	en	1	gemstone, precious stone
đái	tè	s	en	1	to (take a piss|take a) piss
đái	tiểu tiện	s	en	1	to (take a piss|take a) piss
đái	tiểu	s	en	1	to (take a piss|take a) piss
đá hoa	cẩm thạch	s	en	1	marble
đá vỏ chai	hắc diện thạch	s	en	1	
đá vỏ chai	hắc diệu thạch	s	en	1	
đá chanh	nước chanh	s	en	1	
đái tháo đường	tiểu đường	s	en	1	diabetes
đám cưới	lễ cưới	s	en	1	wedding
đám cưới	hôn lễ	s	en	1	wedding
đánh	đập	s	en	1	to strike, usually with one's palms or a weapon; to strike, to smack, to whack, 
đánh	chơi	s	en	2	to play a game that involves striking or slamming with one's hands or something 
đánh	gõ	s	en	4	to type on a typewriter or computer keyboard
đánh cắp	cắp	s	en		
đáng yêu	dễ thương	s	en	1	cute; adorable
đáng yêu	khả ái	s	en	1	cute; adorable
đáng yêu	đáng ghét	a	en	1	cute; adorable
đánh chữ	đánh máy	s	en	1	to type letters (e.g. on a computer keyboard)
đánh răng	chà răng	s	en	1	to brush one's teeth
đánh rắm	địt	s	en	1	to fart, to break wind
đánh rắm	đánh địt	s	en	1	to fart, to break wind
đánh rắm	trung tiện	s	en	1	to fart, to break wind
đánh máy	đánh chữ	s	en	1	to type (e.g. on a computer keyboard)
đánh lộn	ẩu đả	s	en	1	to fight in throngs
đánh đồng	cào bằng	s	en	1	to mix up with something or somebody else, or to regard as indistinguishable
đáp	trả lời	s	en	1	to reply or respond
đánh địt	địt	s	en	1	to fart, to break wind
đánh địt	đánh rắm	s	en	1	to fart, to break wind
đánh địt	trung tiện	s	en	1	to fart, to break wind
đâu	mô	s	en	1	where
đây	đấy	a	en	4	I, me
đâu đó	đâu đấy	s	en	1	somewhere
đát	hạn	s	en	1	expiration date
đát	hạn sử dụng	s	en	1	expiration date
đèn cầy	nến	s	en	1	candle
đãng trí	hay quên	s	en	1	ditzy; forgetful
đèn giao thông	đèn đỏ	s	en	1	traffic light
đèn giao thông	đèn tín hiệu	s	en	1	traffic light
đèn giao thông	đèn hiệu	s	en	1	traffic light
đèn giao thông	đèn hiệu giao thông	s	en	1	traffic light
đèn giao thông	đèn xanh đỏ	s	en	1	traffic light
đéo	giao hợp	s	en	1	to have penetrative sex (with); to copulate
đéo	địt	s	en	1	to have penetrative sex (with); to copulate
đéo	đụ	s	en	1	to have penetrative sex (with); to copulate
đéo	chịch	s	en	1	to have penetrative sex (with); to copulate
đéo	không	s	en	5	no, like fuck
đê	đờ	s	en		
đê	dê	s	en		
đê	dờ	s	en		
đèo	đèo núi	s	en	1	mountain pass
đèo	ải	s	en	1	mountain pass
đèo núi	đèo	s	en	1	mountain pass
đét-xe	tráng miệng	s	en		
đèn đuốc	đèn đóm	s	en	1	lamps
đèn đóm	đèn đuốc	s	en	1	lights and lamps
đình chiến	hưu chiến	s	en	1	to call a truce; to agree on a cease-fire
đình công	bãi công	s	en	1	to go on a strike; to strike
đê tiện	đê hèn	s	en	1	
đê tiện	hèn hạ	s	en	1	
đê tiện	hèn mạt	s	en	1	
đê tiện	mạt kiếp	s	en	1	
đê điều	đê	s	en	1	dams and embankments
đít	mông	s	en	2	buttocks
đó	đấy	s	en	1	that place over there
đó	á	s	en	4	; you see?; I'm telling you
đói nghèo	nghèo đói	s	en	1	poor; impoverished
đòng đòng	đòng	s	en	1	newly blossomed paddy panicles
đóng	mở	a	en	1	to shut tight
đóng	tháo	a	en	2	to drive
đóng	gỡ	a	en	2	to drive
đóng	tháo gỡ	a	en	2	to drive
đóng	tan	a	en	3	to congeal, solidify
đóng	nộp	s	en	6	to post, pay, submit
đón chào	chào đón	s	en	1	to welcome
đón chào	chào mừng	s	en	1	to welcome
đôi khi	thỉnh thoảng	s	en	1	sometimes; occasionally
đóng thùng	bồng cốt	s	en	2	to tuck in one's shirt
đô	liều	s	en	3	dose; dosage
đông sương	thạch	s	en	2	jelly
đông sương	rau câu	s	en	2	jelly
đôn đốc	đốc thúc	s	en	1	to thoroughly supervise in order to increase productivity
đôn hậu	hiền hậu	s	en	1	dignified and empathetic
đôi lứa	lứa đôi	s	en	1	young couple, young lovers
đúng	sai	a	en	1	right, correct, accurate, precise, proper, etc.; not wrong or improper
đùa	giỡn	s	en	2	
đúp	lưu ban	s	en	1	to repeat another grade/year of study
đăm	phải	s	en	1	right
đăm	mặt	s	en	1	right
đăm	chiêu	a	en	1	right
đăm	trái	a	en	1	right
đút	bón	s	en	2	to spoon-feed; to hand-feed
đút lót	đút	s	en	1	to bribe
đút lót	hối lộ	s	en	1	to bribe
đăng bộ	đăng bạ	s	en	1	to register
đăng bạ	đăng bộ	s	en	1	to register
đăng kí	ghi danh	s	en		
đĩ	điếm	s	en	1	whore; prostitute
đĩ	phò	s	en	1	whore; prostitute
đĩ	kĩ	s	en	4	artist
đĩ	nghệ sĩ	s	en	4	artist
đăng nhập	đăng xuất	a	en		
đăng xuất	đăng nhập	a	en		
đĩa hát	đĩa nhạc	s	en	1	a disc record (with a song on it)
đĩa hát	đĩa than	s	en	1	a disc record (with a song on it)
đơ	đứng hình	s	en	2	to stop responding to manual input devices such as the keyboard and mouse; to ha
đơ	treo	s	en	2	to stop responding to manual input devices such as the keyboard and mouse; to ha
đĩnh	thỏi	s	en	1	ingot
đĩa nhạc	đĩa hát	s	en	1	a disc record (with music)
đĩa nhạc	đĩa than	s	en	1	a disc record (with music)
đơn âm	đa âm	a	en	1	monosyllabic
đơn âm	đa tiết	a	en	1	monosyllabic
đưới	côi	a	en	1	
đưa ma	đưa đám	s	en	1	to attend a funeral procession
đười ươi	ươi	s	en	3	
đường phố	phố	s	en		
đại danh từ	đại từ	s	en	1	
đại khái	qua loa	s	en	3	perfunctory
đại khái	hời hợt	s	en	3	perfunctory
đại từ	đại danh từ	s	en	1	a
đại tràng	ruột già	s	en	1	large intestine
đại tiện	ỉa	s	en	1	to defecate
đại tiện	ị	s	en	1	to defecate
đại tiện	đi ngoài	s	en	1	to defecate
đại tiện	đi cầu	s	en	1	to defecate
đại tinh tinh	khỉ đột	s	en	1	gorilla
đạm	nitơ	s	en		
đạm	ni-tơ	s	en		
đạm	protein	s	en		
đạm	prô-tê-in	s	en		
đạm	chất đạm	s	en		
đạo do thái	do thái giáo	s	en	1	Judaism
đạo cơ đốc	đạo chúa	s	en	1	Christianity
đạo cơ đốc	đạo thiên chúa	s	en	1	Christianity
đạo cơ đốc	đạo gia tô	s	en	1	Christianity
đạo cơ đốc	thiên chúa giáo	s	en	1	Christianity
đạo cơ đốc	gia tô giáo	s	en	1	Christianity
đạo cơ đốc	cơ đốc giáo	s	en	1	Christianity
đạo cơ đốc	ki-tô giáo	s	en	1	Christianity
đạo thiên chúa	công giáo	s	en	1	Catholicism
đạo thiên chúa	thiên chúa giáo	s	en	1	Catholicism
đạo thiên chúa	đạo chúa	s	en	1	Catholicism
đạo thiên chúa	đạo cơ đốc	s	en	2	Christianity
đạo thiên chúa	cơ đốc giáo	s	en	2	Christianity
đạo thiên chúa	ki-tô giáo	s	en	2	Christianity
đạo trường	võ đường	s	en	1	dojo
đạo khổng	đạo nho	s	en	1	Confucianism
đạo khổng	nho giáo	s	en	1	Confucianism
đạo khổng	khổng giáo	s	en	1	Confucianism
đạo nhân	đạo sĩ	s	en	1	Taoist monk, Taoist priest
đạo phật	phật giáo	s	en	1	Buddhism
đạo lão	đạo giáo	s	en	1	Taoism
đạo lão	lão giáo	s	en	1	Taoism
đạo nho	đạo khổng	s	en	1	Confucianism
đạo nho	nho giáo	s	en	1	Confucianism
đạo nho	khổng giáo	s	en	1	Confucianism
đạo nho	nho học	s	en	1	Confucianism
đạo đức học	luân lí học	s	en	1	ethics
đạt-ma	đàm	s	en	1	dharma
đảo anh	đại anh	s	en	1	<!-- đảo means "island" so this cannot refer inexactly to the UK as a whole (at 
đất nước	nước	s	en	1	country; nation
đất nước	quốc gia	s	en	1	country; nation
đấm bốc	quyền anh	s	en		
đấm	dộng	s	en	1	to punch
đấm	đục	s	en	1	to punch
đấm	thụt	s	en	1	to punch
đấm bóp	xoa bóp	s	en		
đất phù sa	phù sa	s	en		
đấu khẩu	cãi nhau	s	en	1	to quarrel
đầu	trốc	s	en	1	head
đầm	ao	s	en	1	swamp, lagoon
đầm	phá	s	en	1	swamp, lagoon
đầm	q	s	en	5	queen
đầm	quy	s	en	5	queen
đầm	váy	s	en	6	dress
đầm	xống	s	en	6	dress
đấy	đó	s	en	1	there, that place, that
đần độn	ngu đần	s	en	1	dull; stupid
đần độn	ngu độn	s	en	1	dull; stupid
đầu buồi	đầu khấc	s	en	2	glans penis
đầu buồi	quy đầu	s	en	2	glans penis
đầu gối	gối	s	en	1	knee
đầu lâu	sọ	s	en		
đầu lâu	hộp sọ	s	en		
đầu tay	ra mắt	s	en	1	debut; first
đầu mối	manh mối	s	en	1	clue, lead
đầu não	chủ não	s	en	1	human mind (used to describe the control center or leadership of an organization
đầu khấc	đầu buồi	s	en	1	the glans; glans penis
đầu khấc	quy đầu	s	en	1	the glans; glans penis
đầu đuôi	đầu cua tai nheo	s	en	1	all the details of a story or incidence
đầu vào	đầu ra	a	en	1	an input; inflow; influx
đẩy	kéo	a	en	1	to push, to shove, to thrust
đẩy	lôi	a	en	1	to push, to shove, to thrust
đậm	sậm	s	en	2	deep
đậm đà	đượm đà	s	en		
đẩy tạ	ném tạ	s	en	1	the shot put; an athletics event where a competitor must hurl a heavy metal orb 
đậu bắp	mướp tây	s	en	1	okra,
đậu hủ	đậu phụ	s	en	1	tofu
đậu cô ve	đậu ve	s	en	1	green bean
đậu hà lan	đậu hoà lan	s	en		
đậu dải áo	đậu đũa	s	en	1	)}}
đậu lima	đậu ngự	s	en	1	lima bean
đậu phụ	đậu hủ	s	en		
đậu ngự	đậu lima	s	en	1	lima bean
đậu ve	đậu cô ve	s	en	1	green bean
đậu đũa	đậu dải áo	s	en	1	)}}
đậu xương rồng	đậu rồng	s	en	1	asparagus pea, Manila bean, winged bean ()
đậu thận	đậu tây	s	en	1	kidney bean
đậu tây	đậu thận	s	en	1	kidney bean
đắt	mắc	s	en	1	expensive; dear; costly
đắt	rẻ	a	en	1	expensive; dear; costly
đắt	ế	a	en	2	having plenty of business; saleable; marketable
đắng cay	cay đắng	s	en	1	painful; miserable
đằng ấy	ấy	s	en	2	you, my pal or gal
đằng ấy	cậu	s	en	2	you, my pal or gal
đằng ấy	tớ	a	en	2	you, my pal or gal
đằng ấy	đằng này	a	en	2	you, my pal or gal
đằng này	tớ	s	en	2	I/me, your pal or gal
đằng này	đây	s	en	2	I/me, your pal or gal
đằng này	mình	s	en	2	I/me, your pal or gal
đằng này	cậu	a	en	2	I/me, your pal or gal
đằng này	đằng ấy	a	en	2	I/me, your pal or gal
đẵn	chặt	s	en	1	to chop down (a tree)
đẵn	cốt	s	en	1	to chop down (a tree)
đẵn	đoạn	s	en	2	segment (of a tree)
đẵn	khúc	s	en	2	segment (of a tree)
đặc xá	đại xá	s	en	1	to grant someone a reprieve or amnesty
đặc xá	ân xá	s	en	1	to grant someone a reprieve or amnesty
đẹp	xấu	a	en	1	beautiful
đẹp	đẹp mắt	s	en	1	beautiful
đặt	để	s	en	1	to place; to put; to lay
đẻ	ruột	s	en	3	biological
đếch	chẳng	s	en	1	not
đếch	cóc	s	en	1	not
đếch	đéo	s	en	1	not
đếch	không	s	en	1	not
đẻn	hèo	s	en	1	sea snake
đế quốc chủ nghĩa	chủ nghĩa đế quốc	s	en		
đến	tới	s	en	1	to arrive, to come
đến	về	s	en	3	: about
đề	bồ đề	s	en	7	
đề	giác ngộ	s	en	7	
đến nơi đến chốn	tới nơi tới chốn	s	en	1	very thoroughly, without half-assing
đề đạt	phản ánh	s	en	1	to suggest; to propose; to recommend (a plan, proposal, etc.) to a superior
đề đạt	phản ảnh	s	en	1	to suggest; to propose; to recommend (a plan, proposal, etc.) to a superior
đề huề	đàng hoàng	s	en	2	nice and/or respectable
để	đặng	s	en	7	in order to, so that, for, to
để tâm	để bụng	s	en	1	to pay attention to; to mind
đền đáp	báo đáp	s	en	1	to pay back an act of kindness; to return the favor; to repay a kindness with gr
đệ	thứ	s	en	1	
đệ tử	con em	s	en	1	
đệ nhị cấp	cấp 3	s	en	1	senior high school, pertaining to the last three grades of secondary education
địa chấn	động đất	s	en	1	earthquake
địa chí	địa phương chí	s	en	1	a local chronicle; encyclopedic record of an area
địa lí	địa dư	s	en	1	
địa phương chí	địa chí	s	en	1	a local chronicle; encyclopedic record of an area
địa dư	địa lí	s	en	1	geography; local area
địa đồ	bản đồ	s	en	1	map
địa ốc	động sản	a	en	1	real estate
địa ốc	bất động sản	s	en		
địt	đụ	s	en	1	to fuck
địt	chịch	s	en	1	to fuck
địt	đánh địt	s	en	2	to fart
địt	đánh rắm	s	en	2	to fart
đỏ	đen	a	en	2	lucky; fortunate
địt mẹ	mẹ	s	en		
đọi	bát	s	en		
đọi	tô	s	en		
đọi	chén	s	en		
địu	đèo	s	en	2	to carry a baby or other load by means of sling; to carry (on one's back)
đỏ đắn	hồng hào	s	en	1	pinkish in a way that indicates good health or beauty
đỏ quạch	đỏ cạch	s	en	1	deep red as if mixed with grey
đố	thách	s	en	2	to challenge; to defy; to bid defiance (to)
đối diện	đối mặt	s	en	2	to face; to confront
đỏ đọc	đỏ nọc	s	en	1	blood red
đối thoại	độc thoại	a	en	1	dialogue
đối thoại	hội thoại	s	en	2	conversation
đối ngoại	đối nội	a	en		
đối nội	đối ngoại	a	en		
đốt	chích	s	en	2	to sting
đốt	châm	s	en	2	to sting
đồ	cái	s	en	2	the thing that is used for...; the whatsit that is used for...; -er
đối xử	đối đãi	s	en	1	to treat; to act towards
đối đáp	trả lời	s	en	1	to reply; to respond to; to answer
đồ biển	hải sản	s	en	1	seafood
đồ biển	hải vị	s	en	1	seafood
đối đãi	đối xử	s	en	1	to treat; to approach; to handle
đối ứng	tương ứng	s	en	1	corresponding
đồ dùng	vật dụng	s	en	1	utensil; tool; appliance
đồi mồi	mồi	s	en	1	a
đồn đột	hải sâm	s	en	1	sea cucumber
đồn đột	dưa chuột biển	s	en	1	sea cucumber
đồ ăn nhanh	thức ăn nhanh	s	en	1	fast food
đồng bằng sông cửu long	miền tây	s	en	1	}}
đồng bằng sông cửu long	tây nam bộ	s	en	1	}}
đồng quê	nhạc đồng quê	s	en	2	country music
đồng rêu	đài nguyên	s	en	2	tundra
đồng phạm	tòng phạm	s	en		
đổ	trở	s	en	7	...and up
đổ bể	thất bại	s	en	1	
đồng tử	ngươi	s	en	1	eye pupil
đổi	đổi tiền	s	en	2	to change
độ	đi-ốp	s	en	3	a
độ	cỡ	s	en	6	about; approximately
độ	khoảng	s	en	6	about; approximately
độ	chừng	s	en	6	about; approximately
độc giả	bạn đọc	s	en	1	a reader
độc huyền cầm	đàn bầu	s	en	1	a dan bau
độc tài	chuyên chính	s	en	1	dictatorial
độc tài	độc đoán	s	en	2	authoritarian
độc thoại	đối thoại	a	en	1	monolog
động	hang	s	en	1	cave, cavern
động	đụng	s	en	2	to (slightly) touch
động mạch	tĩnh mạch	a	en	1	an
động mạch	ven	a	en	1	an
động chạm	đụng chạm	s	en	1	to touch (with, upon)
động chạm	va chạm	s	en	1	to touch (with, upon)
động đất	địa chấn	s	en	1	an earthquake
động vật có xương sống	dây sống	s	en		
động viên	phục viên	a	en	1	to mobilize
động đực	động dục	s	en	1	in heat
đờ	đù	s	en	1	dull-minded, absent-minded
đụ	địt	s	en	1	to fuck
đụ	chịch	s	en	1	to fuck
đụ má	mẹ	s	en		
đụ má	địt mẹ	s	en		
đời nào	không đời nào	s	en	1	never ever, no way
đủ	thiếu	a	en	3	(of a month) having 30 days
đục	trong	a	en	4	not clear; cloudy, murky, opaque, etc.
đục	thụt	s	en	5	to punch; to throw a punch
đục	đấm	s	en	5	to punch; to throw a punch
đụt	đần	s	en	1	dull-witted, slow-witted
đụt	ngu	s	en	1	dull-witted, slow-witted
đụn cát	cồn cát	s	en		
đủ ăn	dư dả	a	en		
đủ ăn	túng thiếu	a	en		
đủ ăn	giàu có	a	en		
đứng hình	đơ	s	en	1	
đứng hình	treo	s	en	1	
đứng núi này trông núi nọ	đứng núi này trông núi kia	s	en		
đừ	đơ	s	en	1	to numb
đừ	đờ	s	en	1	to numb
ưng biển	ó cá	s	en	1	osprey ()
ưu điểm	nhược điểm	a	en	1	strong point; strength; advantage
ưu điểm	khuyết điểm	a	en	1	strong point; strength; advantage
ưu trương	nhược trương	a	en	1	
ước lượng	ước tính	s	en	1	to estimate; to measure
ươm	ương	s	en	1	to sow seeds and cultivate them into young plants which may be planted elsewhere
ương	ươm	s	en	1	to sow seeds and cultivate them into young plants which may be planted elsewhere
ương	bướng	s	en	2	obstinate; headstrong; stubborn
ương	cứng đầu	s	en	2	obstinate; headstrong; stubborn
ước tính	ước lượng	s	en	1	to estimate
ước số chung lớn nhất	ước chung lớn nhất	s	en	1	the greatest common divisor
ướt nhẹp	khô khốc	a	en	1	very wet
ướt nhẹp	khô queo	a	en	1	very wet
ạ ơi	à ơi	s	en	1	
ảnh	hình	s	en	2	photograph; picture
ảo	thực	a	en	1	
ảo	thật	a	en	2	
ảnh hưởng	tác động	s	en	2	to influence
ảm	ám	s	en	1	(of an odor) to cling to, to get into (clothing etc.)
ấm	mát	a	en	1	warm
ấm	lạnh	a	en	1	warm
ấm	mát	s	en	2	
ấn chuột	ấn	s	en		
ấn chuột	nhấn chuột	s	en		
ấn chuột	nhấn	s	en		
ấn chuột	nhấp chuột	s	en		
ấn chuột	nhấp	s	en		
ấn chuột	bấm chuột	s	en		
ấn chuột	bấm	s	en		
ấn chuột	kích	s	en		
ấm no	no đủ	s	en	1	well-off; well-to-do; prosperous; thriving
ấm no	sung túc	s	en	1	well-off; well-to-do; prosperous; thriving
ấn chương	triện	s	en		
ấy	đó	s	en	2	''sentence-ending intensifying particle''
ấy	đằng ấy	s	en	3	you, my buddy/gal
ất ơ	dở hơi	s	en	2	dim-witted or having a few screws loose
ắc-coóc-đê-ông	phong cầm	s	en	1	an accordion
ắc-coóc-đê-ông	đàn xếp	s	en	1	an accordion
ẩn số	ẩn	s	en	1	an
ắt	nhất định	s	en		
ẳng	oẳng	s	en	1	''The cry of a dog when it's scared''
ẵm	bế	s	en	1	to hold an infant
ẵm	bồng	s	en	2	to hold something gently in one's arm
ẻm	em ấy	s	en		
ềnh	ễnh	s	en		
ễnh	ềnh	s	en		
ỉn	lợn	s	en		
ỉn	heo	s	en		
ỉa đùn	ỉa ra quần	s	en	1	to shit one's pants
ỉa	ị	s	en	1	to (take a shit|take a) shit
ỉa	đại tiện	s	en	1	to (take a shit|take a) shit
ỉa chảy	tiêu chảy	s	en	1	to have diarrhoea
ỉa ra quần	ỉa đùn	s	en	1	to shit one's pants, especially because of fright
ốc	con tán	s	en	2	nut
ốm	bệnh	s	en	1	ill; sick
ốm	khoẻ	a	en	1	ill; sick
ốm	gầy	s	en	2	skinny; bony
ốm	ròm	s	en	2	skinny; bony
ốm	tóm	s	en	2	skinny; bony
ốm	còi	s	en	2	skinny; bony
ốm	mập	a	en	2	skinny; bony
ốm	béo	a	en	2	skinny; bony
ống chích	ống tiêm	s	en	1	hypodermic syringe
ống chân	cẳng chân	s	en	1	the lower leg; the shank; the part of the leg (lower limb) from the knee to the 
ốm nhách	ốm nheo	s	en	1	very skinny
ốm nheo	ốm nhách	s	en	1	very skinny
ống bơ	bơ	s	en	1	tin can
ống bơ	lon	s	en	1	tin can
ồ ạt	ào ạt	s	en	1	
ống tiêm	ống chích	s	en	1	hypodermic syringe
ống thông	ca-tê-te	s	en	1	catheter
ống thông	xông	s	en	1	catheter
ổ đĩa cứng	ổ cứng	s	en	1	a hard disk drive
ổn áp	ổn	s	en	2	fine; decent
ớt bột	bột ớt	s	en	1	chili powder
ở rể	gửi rể	s	en	1	to live with one's wife's family
ụt ịt	ủn ỉn	s	en	1	oink oink
ức	vẹo	s	en	4	one hundred thousand
ủi	là	s	en	1	to iron; to press (clothing)
ủi	ổi	s	en	4	guava
ủn ỉn	ụt ịt	s	en	1	oink oink
ứng dụng	chương trình	s	en	2	an application; an app
ứng dụng	phần mềm	s	en	2	an application; an app
ứng cử	tiến cử	s	en	1	to stand as a candidate (for)
ứng phó	đối phó	s	en	1	to deal with; to cope with
ừm	ừ	s	en	2	yeah
ừm	ờ	s	en	2	yeah
ba tàu	người hoa	s	vi		
a-la-hán	la hán	s	vi		
bắc	nam	a	vi		
cơ đốc giáo	kitô giáo	s	vi		
cơ đốc giáo	ki-tô giáo	s	vi		
cơ đốc giáo	thiên chúa giáo	s	vi		
chúa trời	thiên chúa	s	vi		
chiến tranh thế giới thứ hai	đệ nhị thế chiến	s	vi		
du	quê hương	s	vi		
hoa kỳ	mỹ	s	vi		
hoa kỳ	mỹ quốc	s	vi		
hoa kỳ	hợp chúng quốc hoa kỳ	s	vi		
hồ chí minh	bác hồ	s	vi		
hồ chí minh	cụ hồ	s	vi		
hồ chí minh	sài gòn	s	vi		
giẻ triêng	pin	s	vi		
giẻ triêng	ve	s	vi		
giê-su	giê-xu	s	vi		
giê-su	gia tô	s	vi		
giê-su	da tô	s	vi		
hàn quốc	nam hàn	s	vi		
hàn quốc	nam triều tiên	s	vi		
hàn quốc	đại hàn dân quốc	s	vi		
hàn quốc	triều tiên	s	vi		
hàn quốc	triều tiên	a	vi		
hàn quốc	bắc triều tiên	a	vi		
mặt trời	thái dương	s	vi		
kitô giáo	cơ đốc giáo	s	vi		
kitô giáo	đạo cơ đốc	s	vi		
liên hiệp quốc	liên hợp quốc	s	vi		
mát-xcơ-va	mạc tư khoa	s	vi		
nho giáo	khổng giáo	s	vi		
phật giáo	đạo phật	s	vi		
nguyễn	ng̃	s	vi		
nga la tư	nga	s	vi		
pháp luân công	pháp luân đại pháp	s	vi		
quả đất	địa cầu	s	vi		
quả đất	trái đất	s	vi		
sida	siđa	s	vi		
tv	tivi	s	vi		
thiên vương tinh	sao thiên vương	s	vi		
thiên chúa giáo	công giáo	s	vi		
thiên chúa giáo	đạo	s	vi		
thiên chúa giáo	thiên chúa	s	vi		
sao kim	sao hôm	s	vi		
sao kim	sao mai	s	vi		
sao kim	kim tinh	s	vi		
pleiku	plây ku	s	vi		
trái đất	địa cầu	s	vi		
trái đất	quả đất	s	vi		
trần	đông a	s	vi		
triều tiên	bắc triều tiên	s	vi		
triều tiên	hàn quốc	s	vi		
thành phố hồ chí minh	sài gòn	s	vi		
tết nguyên đán	tết	s	vi		
tết nguyên đán	tết âm lịch	s	vi		
tết nguyên đán	tết cổ truyền	s	vi		
tàu	trung quốc	s	vi		
tây cống	sài gòn	s	vi		
tây cống	thành phố hồ chí minh	s	vi		
ai dè	ai ngờ	s	vi		
a móc	a còng	s	vi		
an toàn khu	atk	s	vi		
an toạ	an vị	s	vi		
ai ngờ	nào ngờ	s	vi		
am tường	am hiểu	s	vi		
am tường	thông hiểu	s	vi		
ba	cha	s	vi		
ba	tía	s	vi		
ba	bố	s	vi		
ao ước	ước ao	s	vi		
ba trợn	cà chớn	s	vi		
anh hào	anh kiệt	s	vi		
anh dũng	can đảm	s	vi		
anh dũng	dũng mãnh	s	vi		
anh dũng	gan dạ	s	vi		
anh dũng	hèn	a	vi		
anh dũng	hèn nhát	a	vi		
ba chỉ	ba rọi	s	vi		
anh hùng ca	sử thi	s	vi		
anh quân	minh quân	s	vi		
anh quân	hôn quân	s	vi		
bang	tiểu bang	s	vi		
ban đầu	mới đầu	s	vi		
bao quanh	bao bọc	s	vi		
bao quanh	bao phủ	s	vi		
bay màu	xóa sổ	s	vi		
ban tặng	tặng thưởng	s	vi		
bi kịch	hài kịch	a	vi		
binh lính	quân lính	s	vi		
biên cảnh	biên giới	s	vi		
biên cảnh	biên cương	s	vi		
biên soạn	soạn	s	vi		
bi thảm	thảm	s	vi		
biên dịch	phiên dịch	s	vi		
bi a	bi da	s	vi		
biển	bể	s	vi		
biển	hải	s	vi		
biến đổi	biến chuyển	s	vi		
biến đổi	chuyển biến	s	vi		
biển cả	đại dương	s	vi		
biểu dương	tuyên dương	s	vi		
biến mất	mất tích	s	vi		
biến chuyển	biến đổi	s	vi		
biến chuyển	chuyển biến	s	vi		
biết bao	biết bao nhiêu	s	vi		
biết bao	biết chừng nào	s	vi		
biết bao	xiết bao	s	vi		
biên thuỳ	biên cương	s	vi		
biến sắc	thất sắc	s	vi		
buồn	thiểu não	s	vi		
buồn	buồn bã	s	vi		
buồn	buồn rầu	s	vi		
bu	bâu	s	vi		
bom	bôm	s	vi		
bom	táo tây	s	vi		
buôn bán	giao thương	s	vi		
buồi	cặc	s	vi		
biểu thị	cho thấy	s	vi		
biểu thị	biểu hiện	s	vi		
biểu thị	biểu đạt	s	vi		
biểu thị	biểu lộ	s	vi		
biện lí	thẩm phán	s	vi		
biệt li	chia li	s	vi		
biệt li	chia phôi	s	vi		
biệt li	đoàn tụ	a	vi		
biệt li	sum họp	a	vi		
buổi sáng	sáng	s	vi		
bà mụ	bà đỡ	s	vi		
bác bỏ	từ chối	s	vi		
bàn luận	bàn bạc	s	vi		
bàn luận	bàn thảo	s	vi		
bàn luận	đàm luận	s	vi		
bàn luận	luận bàn	s	vi		
bàn luận	thảo luận	s	vi		
bày vẽ	bày biện	s	vi		
bày vẽ	vẽ vời	s	vi		
bào mòn	ăn mòn	s	vi		
bàn phím	keyboard	s	vi		
bàn thảo	bàn luận	s	vi		
bàn thảo	thảo luận	s	vi		
bánh mì	bánh mỳ	s	vi		
bánh mì	bánh kẹp	s	vi		
bánh mì	bánh mì kẹp	s	vi		
bánh mì	bánh mỳ kẹp	s	vi		
bách thú	sở thú	s	vi		
bánh giầy	bánh dày	s	vi		
bánh giầy	bánh dầy	s	vi		
bánh phở	phở	s	vi		
bánh quy	bích quy	s	vi		
bánh cuốn	bánh mướt	s	vi		
bánh cuốn	bánh ướt	s	vi		
bát	chén	s	vi		
báo lá cải	tin vịt	s	vi		
bánh xèo	bánh khoái	s	vi		
báo thù	phục thù	s	vi		
báo thù	trả thù	s	vi		
bánh đa	bánh tráng	s	vi		
bình minh	rạng đông	s	vi		
bình minh	sáng tinh mơ	s	vi		
bình minh	ban mai	s	vi		
bình minh	hoàng hôn	a	vi		
bên ngoài	bên trong	a	vi		
bên trong	bên ngoài	a	vi		
bê đê	bóng	s	vi		
bê bò	bê	s	vi		
bê bò	bờ	s	vi		
bê bò	pê phở	a	vi		
bãi nhiệm	miễn nhiệm	s	vi		
bãi nhiệm	bổ dụng	a	vi		
bãi nhiệm	bổ nhiệm	a	vi		
bình dị	dung dị	s	vi		
bóng	banh	s	vi		
bóng	đen	a	vi		
bói toán	bói	s	vi		
bích quy	bánh quy	s	vi		
bí hiểm	bí ẩn	s	vi		
bí hiểm	bí mật	s	vi		
bông	hoa	s	vi		
bôm	bom	s	vi		
bút danh	bút hiệu	s	vi		
búi	bối	s	vi		
bù xù	bờm xờm	s	vi		
bơi	bơi lội	s	vi		
bút hiệu	bút danh	s	vi		
băng dính	băng keo	s	vi		
băng chuyền	băng tải	s	vi		
bạch kim	platin	s	vi		
bướm	bươm bướm	s	vi		
bướng bỉnh	cứng đầu	s	vi		
bướng bỉnh	ngang bướng	s	vi		
bướng bỉnh	ngoan cố	s	vi		
bạn bè	bạn bầy	s	vi		
bạn bè	bạn hữu	s	vi		
bạn bè	bằng hữu	s	vi		
bạn bè	bầu bạn	s	vi		
bạn bè	bè bạn	s	vi		
bạn hữu	bằng hữu	s	vi		
bạo dạn	dạn dĩ	s	vi		
bạo dạn	mạnh bạo	s	vi		
bạo dạn	mạnh dạn	s	vi		
bạo dạn	nhút nhát	a	vi		
bạo dạn	rụt rè	a	vi		
bươm	mướp	s	vi		
bươm	tươm	s	vi		
bản đồ	địa đồ	s	vi		
bảo hộ	bảo vệ	s	vi		
bạt mạng	bất tử	s	vi		
bất chợt	đột xuất	s	vi		
bất chợt	báo trước	a	vi		
bảng chọn	trình đơn	s	vi		
bảng chọn	danh mục	s	vi		
bảo tồn	bảo tàng	s	vi		
bất khả chiến bại	vô địch	s	vi		
bất khả chiến bại	vô đối	s	vi		
bất đẳng thức	đẳng thức	a	vi		
bất thường	quái dị	s	vi		
bất thường	khác thường	s	vi		
bất khả thi	khả thi	a	vi		
bầu bạn	bạn bè	s	vi		
bầu bạn	bạn hữu	s	vi		
bầu bạn	bè bạn	s	vi		
bấu víu	bám víu	s	vi		
bất nhã	khiếm nhã	s	vi		
bất nhã	nhã nhặn	a	vi		
bất bằng	bất bình	s	vi		
bất tài	vô tài	s	vi		
bầy	bọn	s	vi		
bầy	đoàn	s	vi		
bẩn thỉu	dơ bẩn	s	vi		
bẩn thỉu	sạch sẽ	a	vi		
bận bịu	rảnh rang	a	vi		
bận bịu	rảnh rỗi	a	vi		
bệnh	bịnh	s	vi		
bệnh	trục trặc	s	vi		
bề ngoài	bên ngoài	s	vi		
bẹt	dẹp	s	vi		
bẹt	dẹt	s	vi		
bằng cứ	bằng cớ	s	vi		
bằng cớ	bằng cứ	s	vi		
bằng cớ	bằng chứng	s	vi		
bằng cớ	chứng cớ	s	vi		
bằng cớ	chứng cứ	s	vi		
bặm trợn	dữ tợn	s	vi		
bốn	tư	s	vi		
bọn	đoàn	s	vi		
bọn	bầy	s	vi		
bọng đái	bàng quang	s	vi		
bố	cha	s	vi		
bố	tía	s	vi		
bố	ba	s	vi		
bị động	chủ động	a	vi		
bỏ qua	tha thứ	s	vi		
bọ gậy	lăng quăng	s	vi		
bệnh tật	bệnh hoạn	s	vi		
bệnh tật	tật bệnh	s	vi		
bộ	bộ thủ	s	vi		
bỗng nhiên	bỗng	s	vi		
bỗng nhiên	chợt	s	vi		
bỗng nhiên	đột nhiên	s	vi		
bỗng nhiên	hốt nhiên	s	vi		
bỗng dưng	tự dưng	s	vi		
bốt	bóp	s	vi		
bốt	bót	s	vi		
bổ ngữ	tân ngữ	s	vi		
bợn	bẩn	s	vi		
bỡn	giỡn	s	vi		
bộ trưởng	tổng trưởng	s	vi		
bộc bạch	bày tỏ	s	vi		
bộc bạch	giãi bày	s	vi		
can	thiên can	s	vi		
ca nô	ca-nô	s	vi		
ca ri	cà ri	s	vi		
ca vát	cà vạt	s	vi		
bực	tức	s	vi		
bức thiết	cấp thiết	s	vi		
cha	bố	s	vi		
cha	ba	s	vi		
cha	bọ	s	vi		
cha	thầy	s	vi		
cha	tía	s	vi		
canh phòng	canh giữ	s	vi		
chia sẻ	sẻ chia	s	vi		
chia li	biệt li	s	vi		
chia li	chia phôi	s	vi		
chia li	phân li	s	vi		
chia li	đoàn tụ	a	vi		
chia li	sum họp	a	vi		
chiêm tinh học	chiêm tinh thuật	s	vi		
chi tiêu	chi dùng	s	vi		
chi tiêu	chi phí	s	vi		
chi tiêu	tiêu xài	s	vi		
chi tiêu	tiêu pha	s	vi		
chi viện	tăng viện	s	vi		
cho	nộp	s	vi		
cho	đưa	s	vi		
cho	gởi	s	vi		
cho	giao	s	vi		
chiếu khán	visa	s	vi		
chiếu sáng	tỏa sáng	s	vi		
chiến tranh thế giới	thế chiến	s	vi		
chuyên chính	chuyên chế	s	vi		
chuyên chính	độc tài	s	vi		
choáng	chói	s	vi		
cho rằng	cho là	s	vi		
cho rằng	giả thiết	s	vi		
cho rằng	xem như	s	vi		
chuyên nghiệp	nghiệp dư	a	vi		
chuyên chở	vận tải	s	vi		
cho thuê	cho mướn	s	vi		
chung cư	cư xá	s	vi		
chung cư	khu tập thể	s	vi		
chung cư	nhà tập thể	s	vi		
chung cư	chúng cư	s	vi		
chuyển biến	biến chuyển	s	vi		
chân	cẳng	s	vi		
chân	giò	s	vi		
chè	trà	s	vi		
chân thành	thành tâm	s	vi		
chân thành	thành ý	s	vi		
chân thật	chân thực	s	vi		
chân thật	thật thà	s	vi		
chân thật	trung thực	s	vi		
chân thật	lương thiện	s	vi		
chân thật	giả dối	a	vi		
chánh niệm	giác sát	s	vi		
chân phương	bay bướm	a	vi		
chính	phụ	a	vi		
chính	tà	a	vi		
chính sách	đường lối	s	vi		
chính phạm	thủ phạm	s	vi		
chính trị gia	chính khách	s	vi		
chính trị gia	nhà chính trị	s	vi		
chính biến	đảo chính	s	vi		
chính cống	chính hiệu	s	vi		
chính cống	chính tông	s	vi		
chùa	già lam	s	vi		
chùa	tùng lâm	s	vi		
chùa	tự viện	s	vi		
chùa	thiền tự	s	vi		
chùa	thiền viện	s	vi		
chùa	tinh xá	s	vi		
chùa chiền	già lam	s	vi		
chùa chiền	tự viện	s	vi		
chùa chiền	thiền tự	s	vi		
chùa chiền	thiền viện	s	vi		
chó má	đụ mẹ	s	vi		
chóp	đỉnh cao	s	vi		
chú thích	chú giải	s	vi		
chú thích	ghi chú	s	vi		
chôn cất	an táng	s	vi		
chôn cất	mai táng	s	vi		
chính yếu	chủ yếu	s	vi		
chính yếu	cốt	s	vi		
chính yếu	cốt yếu	s	vi		
chính tông	chính cống	s	vi		
chính tông	chính hiệu	s	vi		
chơi	nhởi	s	vi		
chăm chỉ	cần cù	s	vi		
chăm chỉ	siêng năng	s	vi		
chăm chỉ	miệt mài	s	vi		
chăm chỉ	lười biếng	a	vi		
chơ vơ	chơi vơi	s	vi		
chơi vơi	chơ vơ	s	vi		
chơi khăm	chơi xỏ	s	vi		
chơi xỏ	chơi khăm	s	vi		
chậm	nhanh	a	vi		
chấm dứt	kết thúc	s	vi		
chậm chạp	chậm chà chậm chạp	s	vi		
chất đốt	nhiên liệu	s	vi		
chết	chết đuối	s	vi		
chết	mất	s	vi		
chết	qua đời	s	vi		
chết	thiệt mạng	s	vi		
chết	từ trần	s	vi		
chặng	đoàn	s	vi		
chặng	trận	s	vi		
chặng	tập	s	vi		
chặng	khúc	s	vi		
chặng	phần	s	vi		
chế tạo	chế tác	s	vi		
chặn	cấm	s	vi		
chỉ dẫn	hướng dẫn	s	vi		
chẳng trách	hèn nào	s	vi		
chẳng trách	thảo nào	s	vi		
chật hẹp	rộng rãi	a	vi		
chếnh choáng	chuếnh choáng	s	vi		
chịu đựng	cam chịu	s	vi		
chống cự	kháng cự	s	vi		
chống cự	phản kháng	s	vi		
chịu nhiệt	chịu lửa	s	vi		
chốc lát	giây lát	s	vi		
chủ trì	chủ xị	s	vi		
chờ đợi	chờ	s	vi		
chờ đợi	đợi	s	vi		
chợ búa	thị trường	s	vi		
chỗ ngồi	chỗ nghỉ	s	vi		
chủ chốt	cốt lõi	s	vi		
chủ chốt	mấu chốt	s	vi		
chủ chốt	then chốt	s	vi		
chủ nhân	ông chủ	s	vi		
chủ nhân	người quản lý	s	vi		
chủ nghĩa cộng sản	cộng sản chủ nghĩa	s	vi		
chờ chực	chầu chực	s	vi		
chủ tâm	chủ định	s	vi		
chủ tâm	chủ ý	s	vi		
chữ hán	hán tự	s	vi		
chữ hán	hán văn	s	vi		
chữ hán	chữ nho	s	vi		
chữ hán	chữ trung quốc	s	vi		
chủ đích	chủ động	s	vi		
chủ đích	bị động	a	vi		
chủ động	bị động	a	vi		
chức năng	khả năng	s	vi		
chủ điền	lãnh chúa	s	vi		
chủ điền	bá chủ	s	vi		
chủ xị	chủ trì	s	vi		
chủ xị	chủ đạo	s	vi		
chủ ý	cố tình	s	vi		
chủ ý	cố ý	s	vi		
chứng thực	chứng nhận	s	vi		
coi thường	khinh thường	s	vi		
coi thường	khinh bỉ	s	vi		
coi thường	chú trọng	a	vi		
coi thường	coi trọng	a	vi		
coi thường	cẩn trọng	a	vi		
chữ ký	chữ kí	s	vi		
coi trọng	chú trọng	s	vi		
coi trọng	kính nể	s	vi		
coi trọng	coi thường	a	vi		
con giáp	cung hoàng đạo	s	vi		
cà ri	ca ri	s	vi		
cung kính	kính cẩn	s	vi		
càm ràm	cằn nhằn	s	vi		
cung cấm	cấm cung	s	vi		
cái	vật	s	vi		
cái	sự	s	vi		
cái	điều	s	vi		
cái	nước dùng	a	vi		
cái	nước lèo	a	vi		
cách li	cách ly	s	vi		
cách li	cô lập	s	vi		
cách li	phong tỏa	s	vi		
cân bằng	ổn định	s	vi		
cãi nhau	cãi cọ	s	vi		
cáo buộc	buộc tội	s	vi		
côn	ly hợp	s	vi		
công bằng	công bình	s	vi		
có mặt	xuất hiện	s	vi		
có mặt	đi đến	s	vi		
công trường	quảng trường	s	vi		
công cụ	dụng cụ	s	vi		
công cụ	phương tiện	s	vi		
công lao	công lênh	s	vi		
công lao	công phu	s	vi		
công lênh	công lao	s	vi		
công lênh	công phu	s	vi		
công hiệu	hiệu quả	s	vi		
công sở	công thự	s	vi		
công nghiệp hóa	công nghiệp hoá	s	vi		
cút	biến	s	vi		
cùng cực	cơ cực	s	vi		
cùng cực	khốn cùng	s	vi		
cõi âm	âm phủ	s	vi		
cũ	mới	a	vi		
cũ	hiện đại	a	vi		
cũ	cận đại	a	vi		
căn bản	cơ bản	s	vi		
cơ sở dữ liệu	csdl	s	vi		
cơ sở hạ tầng	hạ tầng cơ sở	s	vi		
cũ kĩ	cũ mèm	s	vi		
cũ kĩ	cũ rích	s	vi		
cũ kĩ	mới mẻ	a	vi		
cũ kĩ	mới tinh	a	vi		
căng-gu-ru	chuột túi	s	vi		
căng-gu-ru	kăng-gu-ru	s	vi		
cúng bái	lễ bái	s	vi		
cũ rích	cũ kĩ	s	vi		
cũ rích	cũ mèm	s	vi		
cũ rích	mới mẻ	a	vi		
cũ rích	mới tinh	a	vi		
cúc vạn thọ	vạn thọ	s	vi		
cũ mèm	cũ rích	s	vi		
cũ mèm	cũ kĩ	s	vi		
cướp	chộp	s	vi		
cướp	chớp	s	vi		
cưỡi	cỡi	s	vi		
cơ đồ	cơ nghiệp	s	vi		
cường điệu	phóng đại	s	vi		
cường điệu	thổi phồng	s	vi		
cơm cháo	cơm nước	s	vi		
cơm cháo	trò trống	s	vi		
cương vực	lãnh thổ	s	vi		
cướp biển	hải tặc	s	vi		
cương cứng	cửng	s	vi		
cảm nghĩ	cảm tưởng	s	vi		
cải lương	cải cách	s	vi		
cải lương	cải chính	s	vi		
cải lương	cải thiện	s	vi		
cải lương	cải tiến	s	vi		
cải củ	củ cải	s	vi		
cải giá	tái giá	s	vi		
cải giá	tái hôn	s	vi		
cải trang	cải dạng	s	vi		
cải trang	giả trang	s	vi		
cải trang	hóa trang	s	vi		
cạm	bẫy	s	vi		
cưỡng ép	ép buộc	s	vi		
cưỡng ép	tự nguyện	a	vi		
cảm lạnh	cảm động	a	vi		
cản trở	cản ngăn	s	vi		
cản trở	ngăn cản	s	vi		
cảo thơm	kiểu thơm	s	vi		
cảm thấy	cảm nhận	s	vi		
cảm thấy	cảm giác	s	vi		
cảm ơn	cảm tạ	s	vi		
cảm ơn	cám ơn	s	vi		
cảm tạ	cảm ơn	s	vi		
cảm tạ	cám ơn	s	vi		
cảm tạ	đa tạ	s	vi		
cấp bách	cấp thiết	s	vi		
cấp bách	khẩn cấp	s	vi		
cảnh quan	phong cảnh	s	vi		
cảnh quan	cảnh sát	s	vi		
cất cánh	hạ cánh	s	vi		
cầu cạnh	cậy cục	s	vi		
cần cù	siêng năng	s	vi		
cần cù	chăm chỉ	s	vi		
cần cù	lười biếng	a	vi		
cấu trúc	kiến trúc	s	vi		
cấu trúc	kết cấu	s	vi		
cấp tốc	hoả tốc	s	vi		
cầu khẩn	khẩn cầu	s	vi		
cầu bơ cầu bất	cù bơ cù bất	s	vi		
cấp tính	mãn tính	a	vi		
cất giữ	lưu giữ	s	vi		
cận chiến	đánh giáp lá cà	s	vi		
cận chiến	giáp lá cà	s	vi		
cẩn thận	cẩn trọng	s	vi		
cẩn thận	cẩn tắc	s	vi		
cẩn thận	ẩu	a	vi		
cẩn thận	ẩu tả	a	vi		
cẩn thận	cẩu thả	a	vi		
cẩn thận	sơ suất	a	vi		
cắt tóc	hớt tóc	s	vi		
cầu khỉ	cầu tre	s	vi		
cặp	đôi	s	vi		
cẳng	chân	s	vi		
cẳng	giò	s	vi		
cố gắng	cố	s	vi		
cố gắng	gắng	s	vi		
cố gắng	nỗ lực	s	vi		
cố gắng	ráng	s	vi		
cố ý	cố tình	s	vi		
cố ý	chủ định	s	vi		
cố ý	chủ tâm	s	vi		
cố ý	vô tình	a	vi		
cằn	cằn cỗi	s	vi		
cổ xúy	cổ vũ	s	vi		
cổ xúy	cổ võ	s	vi		
cổ xưa	xa xưa	s	vi		
cừ	cừ khôi	s	vi		
cừ	xuất sắc	s	vi		
cứng đầu	cứng cổ	s	vi		
cứng ngắc	cứng nhắc	s	vi		
cục cằn	cộc cằn	s	vi		
dai	ma	s	vi		
dai	han	s	vi		
cực chẳng đã	bất đắc dĩ	s	vi		
cực tiểu	cực đại	a	vi		
cực tiểu	giá trị lớn nhất	a	vi		
cửng	cương cứng	s	vi		
day dứt	dằn vặt	s	vi		
danh y	lương y	s	vi		
diệu kế	cao kiến	s	vi		
diệt trừ	tiêu diệt	s	vi		
doanh nhân	doanh gia	s	vi		
dài	ngắn	a	vi		
duyên dáng	dễ thương	s	vi		
duyên dáng	mặn mà	s	vi		
duyên dáng	đằm thắm	s	vi		
duyên dáng	vô duyên	a	vi		
duy tâm	duy vật	a	vi		
dáng vẻ	dáng dấp	s	vi		
duyên do	duyên cớ	s	vi		
duyên do	nguyên cớ	s	vi		
duyên do	nguyên do	s	vi		
dãy	trình tự	s	vi		
dính	nối	s	vi		
dính	gỡ	a	vi		
dây an toàn	đai an toàn	s	vi		
dã ngoại	giã ngoại	s	vi		
dã ngoại	picnic	s	vi		
dân đen	lê dân	s	vi		
dưới	trên	a	vi		
dương cầm	pi-a-nô	s	vi		
dù	ô	s	vi		
dù	lọng	s	vi		
dĩn	dãn	s	vi		
dưỡng khí	ôxy	s	vi		
dưỡng khí	oxy	s	vi		
dư dả	dư giả	s	vi		
dưa chuột	dưa leo	s	vi		
dạ con	tử cung	s	vi		
dấu gạch ngang	gạch ngang	s	vi		
dương thế	trần thế	s	vi		
dẹp	bày	a	vi		
dẹp	rải	a	vi		
dặn dò	căn dặn	s	vi		
dị thường	lạ	s	vi		
dị thường	phi thường	s	vi		
dị thường	kỳ	s	vi		
dối trá	giả trá	s	vi		
dối trá	thật thà	a	vi		
dễ tính	khó tính	a	vi		
dềnh dàng	lề mề	s	vi		
dữ	ác	s	vi		
dụng	lợi dụng	s	vi		
e-lờ	lờ	s	vi		
e sợ	e dè	s	vi		
e sợ	e ngại	s	vi		
ghét	yêu	a	vi		
gan	da	s	vi		
ghi danh	đăng ký	s	vi		
em-mờ	mờ	s	vi		
già	trẻ	a	vi		
giao cấu	giao phối	s	vi		
giao cấu	giao hợp	s	vi		
giao cấu	quan hệ	s	vi		
giao cấu	tình dục	s	vi		
giang sơn	giang san	s	vi		
giàu sang	nghèo hèn	a	vi		
giá như	giá	s	vi		
giá như	giá mà	s	vi		
giá như	phải chi	s	vi		
giác sát	chánh niệm	s	vi		
giá lạnh	lạnh giá	s	vi		
giê	gờ	s	vi		
giả dối	dối trá	s	vi		
giả dối	giả trá	s	vi		
giả dối	chân thật	a	vi		
giả dối	thật thà	a	vi		
giản đơn	đơn	s	vi		
giản đơn	đơn giản	s	vi		
giả cách	giả đò	s	vi		
giả cách	giả vờ	s	vi		
giả tạo	gian dối	s	vi		
giả tạo	giả mạo	s	vi		
giả tạo	giả	s	vi		
giả tạo	nhân tạo	s	vi		
giản thể	rút gọn	s	vi		
giảm giá	hạ giá	s	vi		
giảm giá	tăng giá	a	vi		
giải phẫu học	cơ thể học	s	vi		
giảm tốc	tăng tốc	a	vi		
giận hờn	giận dỗi	s	vi		
giận hờn	hờn giận	s	vi		
giờ	tiếng	s	vi		
giờ	canh	s	vi		
giốc	giác	s	vi		
giống đực	giống cái	a	vi		
giở	trở	s	vi		
giữ	thủ	s	vi		
giữ	trấn	s	vi		
giữ	trực	s	vi		
giới thiệu	giới thuyết	s	vi		
giữ lại	kiềm hãm	s	vi		
giờ cao su	giờ dây thun	s	vi		
gom	gồm	s	vi		
gáy	ót	s	vi		
gái mại dâm	gái bán hoa	s	vi		
gái mại dâm	đĩ	s	vi		
gái mại dâm	gái điếm	s	vi		
gái mại dâm	ca ve	s	vi		
gùn	gút	s	vi		
gần	xa	a	vi		
gật đầu	lắc đầu	a	vi		
gấu bắc cực	gấu trắng	s	vi		
gần xịt	xa tít	a	vi		
gần như	xém	s	vi		
gần như	mém	s	vi		
gồm	gom	s	vi		
gỡ	mở	s	vi		
gỡ	dính	a	vi		
gỡ	nối	a	vi		
hiểm ác	hiểm độc	s	vi		
hay	thường xuyên	s	vi		
hay	hoặc	s	vi		
hay	biết	s	vi		
hay	dở	a	vi		
hao hao	giống nhau	s	vi		
ham chuộng	ưa chuộng	s	vi		
hi hữu	hãn hữu	s	vi		
hang ổ	sào huyệt	s	vi		
hiện đại	đương đại	s	vi		
hoa quả	trái cây	s	vi		
hiện tại	lúc này	s	vi		
hoan nghênh	chào đón	s	vi		
hiệp sĩ	hiệp khách	s	vi		
hoàng hôn	bình minh	a	vi		
hoàn thành	kết thúc	s	vi		
hoang dã	quậy	s	vi		
hoang dã	thuần hóa	a	vi		
hoàng thái hậu	thái hậu	s	vi		
hoàn hảo	toàn hảo	s	vi		
huống hồ	huống chi	s	vi		
hát	ca hát	s	vi		
hành trang	hành lý	s	vi		
hách dịch	hống hách	s	vi		
hành lí	hành trang	s	vi		
hàng quán	quán xá	s	vi		
hãn hữu	hi hữu	s	vi		
hèn mạt	hèn hạ	s	vi		
háo hức	náo nức	s	vi		
hình thức	vẻ ngoài	s	vi		
hì hục	cặm cụi	s	vi		
hình thù	hình dạng	s	vi		
háo sắc	hiếu sắc	s	vi		
hình vị	từ tố	s	vi		
hóa	đâm	s	vi		
hóa	đâm ra	s	vi		
hóa	sinh	s	vi		
hóa	hoang hóa	s	vi		
hóa chất	hoá chất	s	vi		
hơi	tương đối	s	vi		
hơi	nhỏ	s	vi		
hơi	rất	a	vi		
hơi	tuyệt đối	a	vi		
hướng dương	quỳ	s	vi		
hạn sử dụng	hsd	s	vi		
hải âu	mòng biển	s	vi		
hải âu	mòng	s	vi		
hả	hỉ	s	vi		
hả	hở	s	vi		
hả	hử	s	vi		
hấp thụ	hấp thu	s	vi		
hằng ngày	thường nhật	s	vi		
hằng ngày	ngày ngày	s	vi		
hằng ngày	thường ngày	s	vi		
hết trơn	hết trơn hết trọi	s	vi		
hẹp hòi	đại lượng	s	vi		
hẹp hòi	độ lượng	s	vi		
hẹp hòi	rộng lượng	s	vi		
hết thảy	tất tần tật	s	vi		
hết mực	hết mức	s	vi		
hết mực	rất đỗi	s	vi		
hết mực	rất mực	s	vi		
hỏi	chất vấn	s	vi		
hối cải	hối lỗi	s	vi		
hối cải	sám hối	s	vi		
hỏa táng	hỏa thiêu	s	vi		
hỏa táng	thiêu	s	vi		
hổ	hùm	s	vi		
hổ	cọp	s	vi		
hống hách	hách dịch	s	vi		
hồng cầu	hồng huyết cầu	s	vi		
hồng xiêm	xa pô chê	s	vi		
hợm	hợm hĩnh	s	vi		
hợp pháp	bất hợp pháp	a	vi		
hợp pháp	phi pháp	a	vi		
hợp pháp	trái phép	a	vi		
hữu cơ	vô cơ	a	vi		
im ả	im ắng	s	vi		
hủ tiếu	hủ tíu	s	vi		
i ngắn	i	s	vi		
hữu hiệu	vô hiệu	a	vi		
in ấn	ấn loát	s	vi		
khiêu vũ	nhảy đầm	s	vi		
khoa cử	khoa bảng	s	vi		
khoá kéo	phéc-mơ-tuya	s	vi		
khung thành	gôn	s	vi		
khuyến mại	khuyến mãi	s	vi		
khuyến mãi	khuyến mại	s	vi		
khu dân cư	cụm cư dân	s	vi		
khu dân cư	cộng đồng	s	vi		
khá giả	dư dả	s	vi		
khá giả	dư giả	s	vi		
khóa	ổ khóa	s	vi		
khóa	chìa khóa	s	vi		
không	không phải	s	vi		
không	zêrô	s	vi		
không	có	a	vi		
không	vâng	a	vi		
không	dạ	a	vi		
không	với	a	vi		
không	bằng	a	vi		
không	sắc	a	vi		
khôn	dại	a	vi		
không thể	chẳng thể	s	vi		
không thể	có thể	a	vi		
khô khốc	ướt nhẹp	a	vi		
không khéo	không chừng	s	vi		
khúm núm	lúm khúm	s	vi		
khùng	hầm bà lằng	s	vi		
khùng	hâm	s	vi		
khùng	man	s	vi		
khúc mắc	uẩn khúc	s	vi		
khỏe mạnh	mạnh	s	vi		
khỏe mạnh	khoẻ	s	vi		
khỏe mạnh	mạnh khoẻ	s	vi		
khỏe mạnh	ốm	a	vi		
khắc cốt minh tâm	khắc cốt ghi tâm	s	vi		
khờ dại	dại khờ	s	vi		
kilôgam	ki-lô	s	vi		
kilôgam	kí lô	s	vi		
kilôgam	ký	s	vi		
kinh qua	trải qua	s	vi		
ki bo	keo kiệt	s	vi		
ki bo	bủn xỉn	s	vi		
kiêu ngạo	kiêu căng	s	vi		
kiêu ngạo	ngạo mạn	s	vi		
kiêu ngạo	khiêm tốn	a	vi		
kiện	thưa kiện	s	vi		
kèm theo	đính kèm	s	vi		
kính cẩn	cung kính	s	vi		
kĩ càng	kĩ lưỡng	s	vi		
kĩ càng	dối	a	vi		
kĩ càng	qua loa	a	vi		
kĩ càng	qua quýt	a	vi		
kĩ càng	sơ sài	a	vi		
kí tự	ký tự	s	vi		
kĩ lưỡng	kĩ càng	s	vi		
kĩ lưỡng	dối	a	vi		
kĩ lưỡng	qua loa	a	vi		
kĩ lưỡng	qua quýt	a	vi		
kĩ lưỡng	sơ sài	a	vi		
kĩ	kĩ càng	s	vi		
kĩ	kĩ lưỡng	s	vi		
kĩ	dối	a	vi		
kết hôn	hôn phối	s	vi		
kết hôn	lấy chồng	s	vi		
kết hôn	lấy vợ	s	vi		
kết hôn	kết duyên	s	vi		
kết hôn	thành hôn	s	vi		
kết hôn	thành thân	s	vi		
kết thúc	chấm dứt	s	vi		
kết thúc	hoàn thành	s	vi		
kế nghiệp	nối nghiệp	s	vi		
kết bạn	kết giao	s	vi		
kết bạn	kết thân	s	vi		
kị sĩ	kỵ sĩ	s	vi		
kệch	cạch	s	vi		
kỵ khí	yếm khí	s	vi		
kỷ luật	vô	a	vi		
kỵ sĩ	kị sĩ	s	vi		
lai	lai giống	s	vi		
le le	le	s	vi		
lanh lợi	linh lợi	s	vi		
liêm khiết	thanh liêm	s	vi		
liên tiếp	liên tục	s	vi		
lo lắng	lo âu	s	vi		
lo âu	lo lắng	s	vi		
long trời lở đất	kinh thiên động địa	s	vi		
loại từ	danh từ loại thể	s	vi		
luận chiến	bút chiến	s	vi		
là	bằng	s	vi		
là	rằng	s	vi		
ly hôn	ly dị	s	vi		
làm ra vẻ	giả bộ	s	vi		
lành tính	ác tính	a	vi		
làu bàu	càu nhàu	s	vi		
làu bàu	cằn nhằn	s	vi		
làu bàu	lèm bèm	s	vi		
lì xì	phong bao mừng tuổi	s	vi		
lên	xuống	a	vi		
lót dạ	điểm tâm	s	vi		
lò cò	cò cò	s	vi		
lò mổ	lò sát sinh	s	vi		
lính thủy đánh bộ	thuỷ quân lục chiến	s	vi		
lô hội	nha đam	s	vi		
lí do	giải thích	s	vi		
lý thuyết	thuyết	s	vi		
lý thuyết	học thuyết	s	vi		
lông bông	lông ba lông bông	s	vi		
lúi húi	lụi hụi	s	vi		
lăng trì	tùng xẻo	s	vi		
lạnh	mát	s	vi		
lạnh	nóng	a	vi		
lạ	kỳ	s	vi		
lạ	dị thường	s	vi		
lạ	phi thường	s	vi		
lượt	lúc	s	vi		
lượt	lần	s	vi		
lượt	thời	s	vi		
lượt	hồi	s	vi		
lượt	kỳ	s	vi		
lượt	dịp	s	vi		
lượt	buổi	s	vi		
lương y	danh y	s	vi		
lạnh tanh	lạnh ngắt	s	vi		
lắc đầu	gật đầu	a	vi		
lẹo	chắp	s	vi		
lặp lại	nhắc lại	s	vi		
lồn	bướm	s	vi		
lệch	nhệch	s	vi		
lồng đèn	đèn lồng	s	vi		
lối vào	cổng	s	vi		
lớn	to	s	vi		
lớn	bự	s	vi		
lớn	nhỏ	a	vi		
lợi ích	ích lợi	s	vi		
lụy	lệ	s	vi		
lựa chọn	chọn lọc	s	vi		
lựa chọn	chọn lựa	s	vi		
miệng	mồm	s	vi		
mu	vòm	s	vi		
muôi	vá	s	vi		
mà	mờ	s	vi		
mong ước	mơ ước	s	vi		
mong ước	ước mong	s	vi		
mong ước	ước mơ	s	vi		
mà cả	mặc cả	s	vi		
muôn thuở	muôn đời	s	vi		
mát	khùng	s	vi		
mát	hâm	s	vi		
mát	man	s	vi		
má	mẹ	s	vi		
máy lạnh	máy điều hòa	s	vi		
máy lạnh	máy điều hòa không khí	s	vi		
máy bay trực thăng	máy bay lên thẳng	s	vi		
máy bay trực thăng	trực thăng	s	vi		
máy chiếu hình	máy chiếu	s	vi		
máy khâu	máy may	s	vi		
máy quay đĩa	máy hát	s	vi		
máy vi tính	điện toán	s	vi		
máy vi tính	máy điện toán	s	vi		
máy vi tính	máy tính	s	vi		
máy vi tính	máy tính điện tử	s	vi		
máy vi tính	vi tính	s	vi		
máy ảnh	máy chụp hình	s	vi		
máy ảnh	máy hình	s	vi		
mèn đét ơi	chèn đét ơi	s	vi		
mèn đét ơi	mèn ơi	s	vi		
mèn đét ơi	chèn ơi	s	vi		
máy điều hòa nhiệt độ	máy điều hòa không khí	s	vi		
máy điều hòa nhiệt độ	máy lạnh	s	vi		
mò mẫm	mò	s	vi		
mì chính	bột ngọt	s	vi		
mì chính	vị tinh	s	vi		
mô phật	a di đà phật	s	vi		
mê đắm	say mê	s	vi		
mê đắm	đắm đuối	s	vi		
mô tê	ất giáp	s	vi		
măng tô	bành tô	s	vi		
mơ ước	mong ước	s	vi		
mơ ước	ước mong	s	vi		
mơ ước	ước mơ	s	vi		
mướp tây	đậu bắp	s	vi		
mấy	vài	s	vi		
mất dạy	vô giáo dục	s	vi		
mất dạy	vô học	s	vi		
mả	mộ	s	vi		
mả	mồ	s	vi		
mải mê	mê mải	s	vi		
mải mê	miệt mài	s	vi		
mạn họa	truyện tranh	s	vi		
mật	bí mật	s	vi		
mắm	bặm	s	vi		
mắm	bậm	s	vi		
mắm	mím	s	vi		
mắc	rẻ	a	vi		
mẫu đơn	biểu mẫu	s	vi		
mẫu đơn	đơn đỏ	s	vi		
mẫu đơn	bông trang đỏ	s	vi		
mệnh	mạng	s	vi		
mặc dù	mặc dầu	s	vi		
mặc kệ	kệ	s	vi		
mặc kệ	mặc xác	s	vi		
mếch lòng	mất lòng	s	vi		
mếch lòng	phật lòng	s	vi		
mồm	miệng	s	vi		
mỏng	ốm	s	vi		
mỏng	gầy	s	vi		
mỏng	dày	a	vi		
mỏng	mập	a	vi		
mồng	mùng	s	vi		
mọi người	công chúng	s	vi		
mụt	nhọt	s	vi		
một số	một vài	s	vi		
một chiều	đơn phương	s	vi		
nem rán	chả giò	s	vi		
nam tôn nữ ti	trọng nam khinh nữ	s	vi		
mục sở thị	chứng kiến	s	vi		
ngao	nghêu	s	vi		
ngang	bướng	s	vi		
ngang	gàn	s	vi		
ngang	dọc	a	vi		
ngay lập tức	ngay tức khắc	s	vi		
nghìn	ngàn	s	vi		
nghiệp dư	chuyên nghiệp	a	vi		
nghĩa lý	ý nghĩa	s	vi		
nghèo	giàu	a	vi		
ngoe nguẩy	ve vẩy	s	vi		
ngoi	ngoi ngóp	s	vi		
nghỉ ngơi	nghỉ	s	vi		
nghị viện	nghị trường	s	vi		
nghỉ	nghỉ tay	s	vi		
nghỉ	nghỉ việc	s	vi		
nghỉ	nghỉ hưu	s	vi		
nghỉ	về hưu	s	vi		
ngu	đần	s	vi		
ngu	dốt	s	vi		
ngu	thiểu năng	s	vi		
ngu	óc chó	s	vi		
ngoắt	ngoặt	s	vi		
ngoặc kép	dấu ngoặc kép	s	vi		
ngu ngốc	ngu si	s	vi		
ngu đần	ngu độn	s	vi		
ngoại tuyến	trực tuyến	a	vi		
ngoại động từ	tha động từ	s	vi		
ngày	bữa	s	vi		
ngày mai	mai	s	vi		
ngàn	nghìn	s	vi		
ngàn xưa	nghìn xưa	s	vi		
nguyên thủ quốc gia	quốc trưởng	s	vi		
ngã ba	ngã ba đường	s	vi		
ngân hàng	nhà băng	s	vi		
ngày nay	thời nay	s	vi		
ngâm vịnh	ngâm ngợi	s	vi		
ngôn ngữ	tiếng	s	vi		
ngô nghê	ngây ngô	s	vi		
ngăn kéo	ngăn rút	s	vi		
người lạ	người lạ mặt	s	vi		
người lạ	người quen	a	vi		
ngược lại	trái ngược	s	vi		
người hoa	ba tàu	s	vi		
ngược chiều	ngược đời	s	vi		
ngẫu	ngẫu nhiên	s	vi		
ngắn gọn	tóm tắt	s	vi		
ngớ ngẩn	củ chuối	s	vi		
ngụ	hàm	s	vi		
ngụ cư	cư ngụ	s	vi		
ngủ gục	ngủ gật	s	vi		
nhanh	nhanh chóng	s	vi		
nhanh	lẹ	s	vi		
nhanh	chóng	s	vi		
nhanh	mau	s	vi		
nhanh	chậm	a	vi		
nhanh	lâu	a	vi		
nhà tù	khám	s	vi		
nhà xí	nhà cầu	s	vi		
nhà xí	nhà vệ sinh	s	vi		
nhà nước	quốc gia	s	vi		
nhà thơ	thi nhân	s	vi		
nhà thơ	thi sĩ	s	vi		
nhóc	nhóc con	s	vi		
nhóc	oắt con	s	vi		
nhóc	oắt	s	vi		
nhóc	nhiều	s	vi		
nhóc	vô số	s	vi		
nhóc	đầy	s	vi		
nhãn hiệu	thương hiệu	s	vi		
nhược điểm	ưu điểm	a	vi		
nhảm	nhảm nhí	s	vi		
nhường	đường	s	vi		
nhạc cụ	khí nhạc	s	vi		
nhạc cụ	nhạc khí	s	vi		
nhưng	nhưng mà	s	vi		
nhơ bẩn	dơ bẩn	s	vi		
nhất cử lưỡng tiện	nhất tiễn song điêu	s	vi		
nhất cử lưỡng tiện	một công đôi việc	s	vi		
nhậu	náo	s	vi		
nhậu	láo	s	vi		
nhậu	nhào	s	vi		
nhậu	nhão	s	vi		
nhắn	nhắn tin	s	vi		
nhật báo	nhật trình	s	vi		
nhỉ	nhể	s	vi		
nhỉ	nhề	s	vi		
nhỉ	nhở	s	vi		
nhập gia tùy tục, nhập giang tùy khúc	nhập gia tùy tục	s	vi		
nhồi	nhồi nhét	s	vi		
nhử	dử	s	vi		
những	các	s	vi		
no	no nê	s	vi		
no ấm	no đủ	s	vi		
nuông	cưng chiều	s	vi		
nuông	nuông chiều	s	vi		
nàng tiên	tiên nữ	s	vi		
nào ngờ	ai ngờ	s	vi		
nói dối	nói láo	s	vi		
nóng	nóng nảy	s	vi		
nóng	lạnh	a	vi		
nóng	dễ dãi	a	vi		
nô	nô đùa	s	vi		
nôn	mửa	s	vi		
nói khoác	nói phét	s	vi		
nĩa	dĩa	s	vi		
nước	nác	s	vi		
nước	đất nước	s	vi		
nước	quốc gia	s	vi		
nước miếng	nước bọt	s	vi		
nước miếng	nước dãi	s	vi		
nước dãi	nước bọt	s	vi		
nước dãi	nước miếng	s	vi		
nước hoa	dầu thơm	s	vi		
nước mắt	lệ	s	vi		
nước giải	nước đái	s	vi		
nước giải	nước tiểu	s	vi		
nước dùng	nước lèo	s	vi		
nước dùng	cái	a	vi		
nước bọt	nước dãi	s	vi		
nước bọt	nước miếng	s	vi		
nước uống	thức uống	s	vi		
nước uống	đồ uống	s	vi		
nặng	nhẹ	a	vi		
nắp	vung	s	vi		
nải	tay nải	s	vi		
nảy	nẩy	s	vi		
nạp	nhập	s	vi		
nệm	đệm	s	vi		
nốt ruồi	mụt ruồi	s	vi		
nứt	nứt nẻ	s	vi		
nổi bật	nổi trội	s	vi		
om sòm	um sùm	s	vi		
nữ	nam	a	vi		
ong bắp cày	ong bầu	s	vi		
oai phong	uy phong	s	vi		
nữ hoàng	hoàng đế	s	vi		
nữ vương	quốc vương	s	vi		
nữ vương	vua	s	vi		
nữ thần	thiên nữ	s	vi		
phang	giáng	s	vi		
oán	giận	s	vi		
oán	ghét	s	vi		
oán	căm giận	s	vi		
oán	oán hờn	s	vi		
oán	căm hờn	s	vi		
oắt con	nhóc	s	vi		
oắt con	nhóc con	s	vi		
oắt con	oắt	s	vi		
oán hờn	căm hờn	s	vi		
oán hờn	oán hận	s	vi		
oạch	ạch	s	vi		
oằn oại	quằn quại	s	vi		
phong cảnh	cảnh quan	s	vi		
phong cách	văn phong	s	vi		
phiên bản	bản dạng	s	vi		
phim khiêu dâm	phim sex	s	vi		
phiếm đàm	phiếm luận	s	vi		
phun	tuôn	s	vi		
phun	xịt	s	vi		
phát minh	phát kiến	s	vi		
pháo hoa	pháo bông	s	vi		
phép thuật	ảo thuật	s	vi		
phép thuật	ma thuật	s	vi		
phép thuật	yêu thuật	s	vi		
phí hoài	hoài phí	s	vi		
phí hoài	uổng phí	s	vi		
phô	phô bày	s	vi		
phó mát	pho mát	s	vi		
phó mát	phô mai	s	vi		
phó tế	thầy sáu	s	vi		
phó hiệu trưởng	hiệu phó	s	vi		
phòng vệ	phòng thủ	s	vi		
phương trình	bất phương trình	a	vi		
phướn	phan	s	vi		
phương ngôn	phương ngữ	s	vi		
phạm tội	phạm pháp	s	vi		
phăng-tê-di	phăng	s	vi		
phẩy	phết	s	vi		
phản bác	tranh cãi	s	vi		
phết	rất	s	vi		
phết	hơi bị	s	vi		
phỉnh	phỉnh phờ	s	vi		
phẩm hàm	phẩm	s	vi		
phịa	bịa	s	vi		
phụ trợ	phù trợ	s	vi		
qua	ta	s	vi		
qua	tôi	s	vi		
quan tài	áo quan	s	vi		
quan tài	hòm	s	vi		
quan tâm	lưu tâm	s	vi		
quanh co	quanh quéo	s	vi		
quanh co	vòng quanh	s	vi		
quanh co	vòng vo	s	vi		
quay	xoay	s	vi		
pê phở	pê	s	vi		
pê phở	bê bò	a	vi		
qua quýt	qua loa	s	vi		
qua quýt	sơ sài	s	vi		
qua quýt	kĩ	a	vi		
qua quýt	kĩ càng	a	vi		
qua quýt	kĩ lưỡng	a	vi		
quyết chí	cố chí	s	vi		
quái đản	quái dị	s	vi		
quái đản	quái gở	s	vi		
quái ác	tai quái	s	vi		
quá trời	quá xá	s	vi		
quýnh	cuống	s	vi		
quýnh	quýnh quáng	s	vi		
quê nhà	quê quán	s	vi		
quả	trái	s	vi		
quần vợt	tennis	s	vi		
quả phụ	goá phụ	s	vi		
quýnh quáng	cuống	s	vi		
quýnh quáng	quýnh	s	vi		
quả thật	quả thực	s	vi		
quấn quýt	xoắn xuýt	s	vi		
quẩy	giò cháo quẩy	s	vi		
quần bò	quần jean	s	vi		
quỳ	quì	s	vi		
quốc hữu hóa	quốc hữu hoá	s	vi		
quỷ quyệt	xảo quyệt	s	vi		
quỵ luỵ	luồn cúi	s	vi		
quốc trưởng	nguyên thủ quốc gia	s	vi		
quỵt	ăn quỵt	s	vi		
rung động	rung cảm	s	vi		
robot	người máy	s	vi		
riu riu	liu điu	s	vi		
rau răm	răm	s	vi		
ráy	ráy tai	s	vi		
rành rành	ràng ràng	s	vi		
rành rành	sờ sờ	s	vi		
rên	rên rỉ	s	vi		
rõ	mờ	a	vi		
rôm	rôm rả	s	vi		
rạng đông	bình minh	s	vi		
rạng đông	sáng tinh mơ	s	vi		
rắp tâm	manh tâm	s	vi		
rắn rỏi	cứng rắn	s	vi		
rộng lượng	bao dong	s	vi		
rộng lượng	hẹp hòi	a	vi		
rủi	rủi ro	s	vi		
rộn rã	rộn ràng	s	vi		
sau	đằng sau	s	vi		
sau	trước	a	vi		
sau	đằng trước	a	vi		
say	say mê	s	vi		
sinh mạng	sinh mệnh	s	vi		
sinh mạng	tính mệnh	s	vi		
sinh mạng	tính mạng	s	vi		
sinh đẻ	sinh	s	vi		
sinh đẻ	đẻ	s	vi		
siêng	lười	a	vi		
siêng	nhác	a	vi		
siêng	biếng nhác	a	vi		
suối vàng	chín suối	s	vi		
sành sỏi	sành sõi	s	vi		
sân vận động	svđ	s	vi		
sò	hàu	s	vi		
sân ga	nhà ga	s	vi		
sâm panh	sâm banh	s	vi		
súc sắc	xúc xắc	s	vi		
súc sắc	xí ngầu	s	vi		
sơ khai	khởi đầu	s	vi		
sư cô	ni cô	s	vi		
sản vật	sản phẩm	s	vi		
sản vật	vật phẩm	s	vi		
sất	tất	s	vi		
sầm sì	phụng phịu	s	vi		
sầm sì	nặng nề	s	vi		
sầm sì	u ám	s	vi		
sống	lưng	s	vi		
sống	chết	a	vi		
số mệnh	mệnh	s	vi		
số mệnh	số	s	vi		
số mệnh	số phận	s	vi		
sỗ	sỗ sàng	s	vi		
sở thú	bách thú	s	vi		
sờ nặng	ét	s	vi		
sờ nặng	sờ	s	vi		
sờ nặng	xờ nhẹ	a	vi		
sứ đồ	tông đồ	s	vi		
tan tác	tiêu tùng	s	vi		
tha thiết	khẩn thiết	s	vi		
tha thiết	thiết tha	s	vi		
thang máy	cầu thang máy	s	vi		
thay	thay thế	s	vi		
thang cuốn	cầu thang cuốn	s	vi		
thi đấu	thi	s	vi		
thi đấu	đánh lộn	s	vi		
thi đấu	đánh nhau	s	vi		
thiên hoa	sởi	s	vi		
thiên hoa	rôm	s	vi		
thiếp	cạc	s	vi		
thiếp	thiệp	s	vi		
thiên đàng	thiên đường	s	vi		
thiên lệch	thiên vị	s	vi		
thiệt	thiệt thòi	s	vi		
thoái vị	từ chức	s	vi		
thuyền	tàu thuỷ	s	vi		
thuyền	tàu thuyền	s	vi		
thuê	thuê mướn	s	vi		
thuyên chuyển	thuyên	s	vi		
thuốc lá	thuốc	s	vi		
thuật ngữ	danh từ	s	vi		
thuật ngữ	khoa học	s	vi		
thuật ngữ	chuyên ngữ	s	vi		
thuật ngữ	chuyên danh	s	vi		
thuốc thang	thuốc men	s	vi		
thuốc men	thuốc thang	s	vi		
thuốc men	dược phẩm	s	vi		
thuật toán	giải thuật	s	vi		
thuỷ cung	thuỷ phủ	s	vi		
thành thật	trung thực	s	vi		
thành thật	chân thật	s	vi		
thành thật	lương thiện	s	vi		
thành tố	thành phần	s	vi		
thâm	ác	s	vi		
thân mình	thân thể	s	vi		
thí dụ	tỷ dụ	s	vi		
thí dụ	ví dụ	s	vi		
thí dụ	chẳng hạn	s	vi		
thâu	thu	s	vi		
thúc	thúc giục	s	vi		
thúc giục	giục giã	s	vi		
thúc giục	hối thúc	s	vi		
thúc giục	thúc bách	s	vi		
thư điện tử	email	s	vi		
thường nhật	ngày ngày	s	vi		
thường nhật	hằng ngày	s	vi		
thượng	cao	s	vi		
thượng	hạ	a	vi		
thương xót	thương	s	vi		
thương số	thương	s	vi		
thưa kiện	kiện	s	vi		
thường dân	lê dân	s	vi		
thường dân	dân thường	s	vi		
thường hay	thường xuyên	s	vi		
thương mến	yêu quý	s	vi		
thấp	hạ	s	vi		
thấp	cao	a	vi		
thất sắc	biến sắc	s	vi		
thảo nào	chẳng trách	s	vi		
thảo nào	hèn nào	s	vi		
thảo nào	thảo hèn	s	vi		
thầy thuốc	bác sĩ	s	vi		
thần đồng	thần đằng	a	vi		
thấu cảm	thấu hiểu	s	vi		
thấu cảm	cảm thông	s	vi		
thế chấp	cắm	s	vi		
thề	thề bồi	s	vi		
thời gian	thì giờ	s	vi		
thời gian	thời hạn	s	vi		
thời gian	giờ rảnh	s	vi		
thời gian	thời kỳ	s	vi		
thời cục	thời cuộc	s	vi		
thủ đô	kinh đô	s	vi		
thủ đô	kinh thành	s	vi		
thủ đô	kinh sư	s	vi		
thủ đô	kinh kỳ	s	vi		
thủng	lủng	s	vi		
thủ môn	thủ thành	s	vi		
thụy hiệu	tên hèm	s	vi		
thụy hiệu	tên cúng cơm	s	vi		
thủ pháp	biện pháp	s	vi		
thủ pháp	phương pháp	s	vi		
thứ nguyên	chiều	s	vi		
thứ hai	thứ nhì	s	vi		
thứ tư	thứ bốn	s	vi		
thực tại	thực tế	s	vi		
tin	tin tưởng	s	vi		
tin	tin cậy	s	vi		
tinh ranh	ma lanh	s	vi		
tia x	x quang	s	vi		
tiêu hóa	tiêu hoá	s	vi		
tinh mơ	tinh sương	s	vi		
tiên lượng	tiên đoán	s	vi		
tiếng anh	tiếng mỹ	s	vi		
tiếng anh	anh ngữ	s	vi		
tiếng hàn	tiếng triều tiên	s	vi		
tiếng hàn	tiếng hàn quốc	s	vi		
tiếng tây ban nha	tiếng mễ	s	vi		
tiếng	ngôn ngữ	s	vi		
tiếng	tiếng động	s	vi		
tiêu tan	toang	s	vi		
tiêu tan	tiêu tùng	s	vi		
tiêu tan	tan tác	s	vi		
tiếm quyền	tiếm	s	vi		
tiếng thái	tiếng thái lan	s	vi		
tiếng ồn	tạp âm	s	vi		
tiếng hoa	tiếng trung	s	vi		
tiếng hoa	tiếng trung quốc	s	vi		
tiêu tùng	tan tác	s	vi		
tiểu bang	bang	s	vi		
tiết lộ	bật mí	s	vi		
tiết lộ	bảo mật	a	vi		
to	lớn	s	vi		
to	khổng lồ	s	vi		
to	to lớn	s	vi		
to	vĩ đại	s	vi		
to	đáng	s	vi		
to	chú ý	s	vi		
to	đáng kể	s	vi		
to	trọng đại	s	vi		
to	bé	a	vi		
to	nhỏ	a	vi		
to	nhỏ bé	a	vi		
to	nhỏ tí	a	vi		
to gan	to gan lớn mật	s	vi		
toán học	toán	s	vi		
toàn bộ	hết thảy	s	vi		
toàn bộ	tất	s	vi		
trong	ở trong	s	vi		
trong	ngoài	a	vi		
trong xanh	trong suốt	s	vi		
trong xanh	trong vắt	s	vi		
trong xanh	xanh trong	s	vi		
trái	quả	s	vi		
tràn	tràn cung mây	s	vi		
trái nghĩa	đồng nghĩa	a	vi		
truyền đạo	truyền giáo	s	vi		
trà đen	hồng trà	s	vi		
truyện tranh	mạn họa	s	vi		
trên	ở trên	s	vi		
trên	dưới	a	vi		
trân trọng	trân quý	s	vi		
trêu	trêu ghẹo	s	vi		
trình đơn	danh mục	s	vi		
trình đơn	bảng chọn	s	vi		
trúng	trật	a	vi		
trúng	sai	a	vi		
trơ trọi	chơ vơ	s	vi		
trước mặt	phía trước	s	vi		
trưng cầu dân ý	trưng cầu ý dân	s	vi		
trạng thái	tình trạng	s	vi		
trạng thái	thể	s	vi		
trạng từ	phó từ	s	vi		
trả lại	hoàn lại	s	vi		
trả lại	trả	s	vi		
trả lại	đáp lại	s	vi		
trải nghiệm	trải qua	s	vi		
trắng	trăng trắng	s	vi		
trắng	đen	a	vi		
trẻ	ít tuổi	s	vi		
trẻ	trẻ tuổi	s	vi		
trẻ	thanh niên	s	vi		
trẻ	già	a	vi		
trẻ	lớn tuổi	a	vi		
trật	trúng	a	vi		
trật	đúng	a	vi		
trập trùng	trùng điệp	s	vi		
trần gian	dương gian	s	vi		
trần gian	dương thế	s	vi		
trần gian	trần thế	s	vi		
trẻ em	trẻ nhỏ	s	vi		
trống	sống	s	vi		
trọn gói	cả gói	s	vi		
trở nên	trở thành	s	vi		
trợ giúp	hỗ trợ	s	vi		
trừ	ngoại trừ	s	vi		
trực thăng	máy bay lên thẳng	s	vi		
trực tuyến	trên mạng	s	vi		
trực tuyến	ngoại tuyến	a	vi		
tu thành chính quả	đắc đạo	s	vi		
trứng vịt lộn	hột vịt lộn	s	vi		
tuôn	phun	s	vi		
tuôn	xịt	s	vi		
tuy vậy	tuy thế	s	vi		
tuần	tuần lễ	s	vi		
tàm tạm	tiềm tiệm	s	vi		
tách	chén	s	vi		
tách	cốc	s	vi		
tách	rã	s	vi		
tách	chia	s	vi		
tào phớ	phớ	s	vi		
tào phớ	tàu hủ	s	vi		
tào phớ	đậu hủ	s	vi		
tào phớ	đậu hũ	s	vi		
táo tây	táo	s	vi		
táo tây	bom	s	vi		
táo tây	bôm	s	vi		
tân cử	đắc cử	s	vi		
tái hiện	tưởng tượng	s	vi		
tê	tê giác	s	vi		
tê	tờ	s	vi		
tên tự	tên chữ	s	vi		
tây nam	đông bắc	a	vi		
tân văn	báo chí	s	vi		
tân văn	tạp chí	s	vi		
tép riu	nhép	s	vi		
tép riu	vô danh tiểu tốt	s	vi		
tía	ba	s	vi		
tía	bọ	s	vi		
tía	bố	s	vi		
tía	cậu	s	vi		
tía	cha	s	vi		
tía	phụ thân	s	vi		
tía	thân phụ	s	vi		
tía	thầy	s	vi		
tí tởn	hí hửng	s	vi		
tôi	tui	s	vi		
tóp	quắt	s	vi		
tóp	tọp	s	vi		
tăm	tăm hơi	s	vi		
túc tắc	thong thả	s	vi		
túc tắc	nhẩn nha	s	vi		
túc tắc	từ từ	s	vi		
tú lơ khơ	bài tây	s	vi		
tăng tốc	giảm tốc	a	vi		
tư hữu	công hữu	a	vi		
tươm	bươm	s	vi		
tươm	mướp	s	vi		
tương thân tương ái	lá lành đùm lá rách	s	vi		
tạo dựng	tạo lập	s	vi		
tần số	tần suất	s	vi		
tầm	giới hạn	s	vi		
tạp âm	tiếng ồn	s	vi		
tả pín lù	hỗn hợp	s	vi		
tả pín lù	phức tạp	s	vi		
tạp phẩm	tạp hóa	s	vi		
tập tin	tập	s	vi		
tầng	từng	s	vi		
tập	trận	s	vi		
tập	chặng	s	vi		
tập	khúc	s	vi		
tập	phần	s	vi		
tần tảo	tảo tần	s	vi		
tần suất	tần số	s	vi		
tệ nạn	tệ	s	vi		
tệ	tệ nạn	s	vi		
tệ	xấu	s	vi		
tệ	xấu xa	s	vi		
tệ	bết	s	vi		
tệ	tồi	s	vi		
tệ	tồi tệ	s	vi		
tắc xi	tắc-xi	s	vi		
tỏa sáng	rực rỡ	s	vi		
tỏa sáng	sáng trưng	s	vi		
tối kị	tối kỵ	s	vi		
tổng hợp	phân tích	a	vi		
tổ quốc	đất nước	s	vi		
tổ quốc	giang sơn	s	vi		
tổ quốc	quê hương	s	vi		
tộc người	sắc tộc	s	vi		
từ trần	tạ thế	s	vi		
từ giã	giã từ	s	vi		
từ chức	thoái vị	s	vi		
tức vị	đăng quang	s	vi		
từ khi	từ lúc	s	vi		
tự nhiên	thiên nhiên	s	vi		
u buồn	vui tươi	a	vi		
u tối	tăm tối	s	vi		
u tối	tối tăm	s	vi		
ve vẩy	ngoe nguẩy	s	vi		
vang vọng	vang dội	s	vi		
uy nghiêm	oai nghiêm	s	vi		
uất	uất ức	s	vi		
uổng	hoài	s	vi		
uổng	phí	s	vi		
uổng	uổng phí	s	vi		
uổng phí	hoài phí	s	vi		
uổng phí	phí hoài	s	vi		
uổng phí	uổng	s	vi		
vay tiền	mượn tiền	s	vi		
vay tiền	tín dụng	s	vi		
việc	công việc	s	vi		
việc	sự kiện	s	vi		
vi ta min	vi-ta-min	s	vi		
viển vông	hão huyền	s	vi		
vo	đãi	s	vi		
vi ba	vi sóng	s	vi		
viên mãn	mỹ mãn	s	vi		
viên mãn	hoàn hảo	s	vi		
viên mãn	toàn vẹn	s	vi		
và	với	s	vi		
vung	nắp	s	vi		
vài	mấy	s	vi		
vâng	dạ	s	vi		
vâng	dạ vâng	s	vi		
vào	vô	s	vi		
vui lòng	hài lòng	s	vi		
vui mừng	sung sướng	s	vi		
vui mừng	hạnh phúc	s	vi		
vui mừng	vui lòng	s	vi		
vui chơi	giải trí	s	vi		
vái	lạy	s	vi		
vái	xá	s	vi		
vào sinh ra tử	sinh tử	s	vi		
vãi	rắc	s	vi		
ví dụ	thí dụ	s	vi		
ví dụ	tỷ dụ	s	vi		
ví dụ	chẳng hạn	s	vi		
vòm	mu	s	vi		
vòng tròn	đường tròn	s	vi		
vô cùng	vô cùng tận	s	vi		
vô cùng	vô tận	s	vi		
vô cùng	vô hạn	s	vi		
vòi rồng	lốc xoáy	s	vi		
vòi rồng	gió lốc	s	vi		
vô dụng	vô bổ	s	vi		
vô dụng	vô ích	s	vi		
vô dụng	vô tích sự	s	vi		
vô dụng	có ích	a	vi		
vô dụng	hữu dụng	a	vi		
vô dụng	hữu ích	a	vi		
vô cơ	hữu cơ	a	vi		
vô hiệu	hữu hiệu	a	vi		
vô tình	vô ý	s	vi		
vô tình	cố tình	a	vi		
vô vọng	tuyệt vọng	s	vi		
vô trùng	tiệt trùng	s	vi		
vô ý	vô tình	s	vi		
vô ý	cố ý	a	vi		
vô ý	cố tình	a	vi		
vô cớ	tự nhiên	s	vi		
vô lại	đi lại	s	vi		
vô lễ	thất lễ	s	vi		
vô lễ	vô phép	s	vi		
vô tích sự	vô dụng	s	vi		
vô tích sự	hữu ích	a	vi		
vô tích sự	hữu dụng	a	vi		
vô ngã	vị tha	s	vi		
vô danh tiểu tốt	tép riu	s	vi		
vô danh tiểu tốt	nhép	s	vi		
vô kể	vô số	s	vi		
vô kể	vô thiên lủng	s	vi		
vô kể	vô vàn	s	vi		
vô thiên lủng	vô kể	s	vi		
vô thiên lủng	vô số	s	vi		
vô thiên lủng	vô vàn	s	vi		
võ thuật	ủ su	s	vi		
võ thuật	vũ thuật	s	vi		
võ thuật	võ nghệ	s	vi		
võ thuật	võ công	s	vi		
vĩ mô	vi mô	a	vi		
vô địch	vô đối	s	vi		
vô địch	bất khả chiến bại	s	vi		
vô đối	vô địch	s	vi		
vô đối	bất khả chiến bại	s	vi		
vô vàn	muôn vàn	s	vi		
vô vàn	vô số	s	vi		
võ phục	quân phục	s	vi		
văng tục	chửi thề	s	vi		
võ sĩ	đấu sĩ	s	vi		
vũ lực	sức mạnh	s	vi		
vượt bậc	vượt bực	s	vi		
vượt bậc	vượt cấp	s	vi		
vật lý học	vật lý	s	vi		
vận tốc	tốc độ	s	vi		
vận dụng	áp dụng	s	vi		
vận dụng	ứng dụng	s	vi		
vầng	vừng	s	vi		
vận mệnh	số mệnh	s	vi		
vả chăng	vả lại	s	vi		
vật chứng	tang chứng	s	vi		
vật phẩm	phẩm vật	s	vi		
vất vưởng	vật vờ	s	vi		
vận số	vận mệnh	s	vi		
vị ngữ	vị từ	s	vi		
xa	gần	a	vi		
vừa rồi	mới rồi	s	vi		
vừa rồi	vừa đủ	s	vi		
vồ	chộp	s	vi		
xe gắn máy	xe máy	s	vi		
xe gắn máy	xe hon đa	s	vi		
xe gắn máy	mô tô	s	vi		
xe buýt	xe bus	s	vi		
xentimét	xăngtimét	s	vi		
xem thường	coi thường	s	vi		
xe tăng	tăng	s	vi		
xin chào	chào	s	vi		
xa tít	gần xịt	a	vi		
xa xưa	cổ xưa	s	vi		
xe khách	ô tô ca	s	vi		
xe khách	xe ca	s	vi		
xuất	xuất khẩu	s	vi		
xuất	nhập	a	vi		
xoắn	quay	s	vi		
xoắn	quấn	s	vi		
xoắn	xoáy	s	vi		
xoành xoạch	luôn luôn	s	vi		
xuống	lên	a	vi		
xà phòng	xà bông	s	vi		
xuất khẩu	xuất cảng	s	vi		
xuất khẩu	nhập khẩu	a	vi		
xì gà	xì-gà	s	vi		
xét lại	hồi tưởng	s	vi		
xì dầu	nước tương	s	vi		
xém	sắp	s	vi		
xém	mém	s	vi		
xâm lăng	giành	s	vi		
xâm lăng	chiếm	s	vi		
xơ xác	tả tơi	s	vi		
xúi quẩy	xui xẻo	s	vi		
xúi quẩy	xui	s	vi		
xúi quẩy	đen đủi	s	vi		
xúi quẩy	may mắn	a	vi		
xúi quẩy	hên	a	vi		
xóa sổ	tiêu diệt	s	vi		
xấu	xấu xí	s	vi		
xấu	tồi	s	vi		
xấu	dở	s	vi		
xấu	đẹp	a	vi		
xấu	tốt	a	vi		
xịt	tuôn	s	vi		
xịt	phun	s	vi		
xấp	tập	s	vi		
xờ nhẹ	ích-xì	s	vi		
xờ nhẹ	ích	s	vi		
xờ nhẹ	sờ nặng	a	vi		
xầm xì	thầm thì	s	vi		
xầm xì	thì thầm	s	vi		
xị	ị	s	vi		
xị	phị	s	vi		
xị	phịu	s	vi		
xị	xịu	s	vi		
xảo thuật	kỹ xảo	s	vi		
yêu	ghét	a	vi		
y học	y khoa	s	vi		
y viện	bệnh viện	s	vi		
y viện	nhà thương	s	vi		
yên tâm	an tâm	s	vi		
yên tâm	yên lòng	s	vi		
yên tĩnh	tĩnh lặng	s	vi		
yên tĩnh	yên lặng	s	vi		
yên tĩnh	êm đềm	s	vi		
y hệt	y chang	s	vi		
yên nghỉ	an nghỉ	s	vi		
yên nghỉ	mất	s	vi		
yên nghỉ	chết	s	vi		
yêu mến	mến yêu	s	vi		
yêu mến	yêu thương	s	vi		
y như	y như rằng	s	vi		
yên lành	an lành	s	vi		
yên giấc	an giấc	s	vi		
yên lòng	an tâm	s	vi		
yên lòng	chắc dạ	s	vi		
yên lòng	yên tâm	s	vi		
yên lòng	lo lắng	a	vi		
yên vui	an vui	s	vi		
ác	dữ	s	vi		
yếu tố	nguyên tố	s	vi		
yếu tố	nhân tố	s	vi		
yên ắng	im ắng	s	vi		
ác là	bồ các	s	vi		
yên ả	êm đềm	s	vi		
yên ả	êm ả	s	vi		
yếm khí	kị khí	s	vi		
yểng	nhồng	s	vi		
át	ách	s	vi		
át	xì	s	vi		
ách	nạn	s	vi		
áng chừng	áng	s	vi		
ác tính	lành tính	a	vi		
ân nghĩa	ơn nghĩa	s	vi		
âm phủ	luyện ngục	s	vi		
âm phủ	thiên đường	a	vi		
âm phủ	thiên đàng	a	vi		
âm cực dương hồi	bĩ cực thái lai	s	vi		
âm thanh	thanh âm	s	vi		
ép phê	hiệu quả	s	vi		
ép phê	hiệu lực	s	vi		
ép phê	ảnh hưởng	s	vi		
ét	sờ	s	vi		
ét	sờ nặng	s	vi		
í	ấy	s	vi		
í	đấy	s	vi		
í	đó	s	vi		
ích lợi	lợi ích	s	vi		
ô nhục	sỉ nhục	s	vi		
ô tô	xe hơi	s	vi		
ích-xì	ích	s	vi		
ích-xì	xờ nhẹ	s	vi		
ô-lim-pích	thế vận hội	s	vi		
ó cá	ưng biển	s	vi		
úy lạo	uý lạo	s	vi		
ông cụ	ông già	s	vi		
ông nội	nội	s	vi		
ông ngoại	ngoại	s	vi		
ôxy	oxy	s	vi		
ôxy	dưỡng khí	s	vi		
ăn cháo đái bát	ăn cháo đá bát	s	vi		
ý dĩ	bo bo	s	vi		
ăn quỵt	quỵt	s	vi		
ăn mòn	bào mòn	s	vi		
đông kinh	tô-ki-ô	s	vi		
đông kinh	khai phong	s	vi		
đanh đá	hung dữ	s	vi		
đanh đá	chua ngoa	s	vi		
đa tiết	đa âm	s	vi		
đa tạ	cảm tạ	s	vi		
đi	chạy	s	vi		
đi	về	s	vi		
đi	mất	s	vi		
đi	qua đời	s	vi		
đi	ra đi	s	vi		
đi	đi xa	s	vi		
đe dọa	hù dọa	s	vi		
đe dọa	dọa dẫm	s	vi		
điên	loạn trí	s	vi		
điên	tâm thần	s	vi		
điên	điên dại	s	vi		
điên	điên rồ	s	vi		
điên	rồ	s	vi		
điên	rồ dại	s	vi		
điên	dở	s	vi		
điên	dở hơi	s	vi		
điêu	xạo	s	vi		
điếu	một	s	vi		
đen đủi	xúi quẩy	s	vi		
đen đủi	xui	s	vi		
đen đủi	xui xẻo	s	vi		
đen đủi	may mắn	a	vi		
đen đủi	tốt lành	a	vi		
đen kịt	đen sì	s	vi		
đen sì	đen kịt	s	vi		
đem con bỏ chợ	mang con bỏ chợ	s	vi		
điện thoại	dây nói	s	vi		
điện thoại	máy điện thoại	s	vi		
điện thoại	phôn	s	vi		
điều kiện	hoàn cảnh	s	vi		
điển hình	tiêu biểu	s	vi		
điểm	nơi	s	vi		
điểm	chấm	s	vi		
điểm tâm	bữa sáng	s	vi		
điêu linh	khốn nạn	s	vi		
điện áp	hiệu điện thế	s	vi		
đánh	đập	s	vi		
đánh	vỗ	s	vi		
đánh	uýnh	s	vi		
đuổi theo	theo đuổi	s	vi		
đuổi theo	truy đuổi	s	vi		
đá bóng	đá banh	s	vi		
đái	tiểu tiện	s	vi		
đáng ghét	đáng khinh	s	vi		
đáng ghét	khó ưa	s	vi		
đá banh	đá bóng	s	vi		
đàng hoàng	tử tế	s	vi		
đáng yêu	dễ thương	s	vi		
đáng yêu	dễ mến	s	vi		
đáng thương	tội nghiệp	s	vi		
đáng đời	đáng kiếp	s	vi		
đánh giáp lá cà	cận chiến	s	vi		
đánh giáp lá cà	giáp lá cà	s	vi		
đánh giáp lá cà	xáp lá cà	s	vi		
đành	đành lòng	s	vi		
đành	nỡ	s	vi		
đành hanh	bướng bỉnh	s	vi		
đình chiến	hưu chiến	s	vi		
đáo để	khôn	s	vi		
đáo để	hiền lành	a	vi		
đáo để	nhu nhược	a	vi		
đánh nhau	đánh lộn	s	vi		
đánh nhau	đánh đấm	s	vi		
đánh chữ	đánh máy	s	vi		
đâm ra	đâm	s	vi		
đâm ra	hóa	s	vi		
đâm ra	sinh	s	vi		
đôi	cặp	s	vi		
đông bắc	tây nam	a	vi		
đô la	đô	s	vi		
đính ước	ước hẹn	s	vi		
đính ước	giao ước	s	vi		
đĩa	dĩa	s	vi		
đăng quang	tức vị	s	vi		
đông đặc	đông đúc	s	vi		
đơn chiếc	cô đơn	s	vi		
đơn chiếc	lẻ loi	s	vi		
đơn chiếc	đơn	s	vi		
đơn chiếc	neo đơn	s	vi		
đăng xuất	đăng nhập	a	vi		
đại số	đại số học	s	vi		
đường tròn	vòng tròn	s	vi		
đại biểu	đại diện	s	vi		
đưa ra	đem ra	s	vi		
đại loại	đại khái	s	vi		
đại loại	đại thể	s	vi		
đương nhiệm	đương chức	s	vi		
đại họa	thảm họa	s	vi		
đại họa	tai họa	s	vi		
đại bác	đại pháo	s	vi		
đảo	hòn đảo	s	vi		
đất nước	tổ quốc	s	vi		
đất nước	giang sơn	s	vi		
đất nước	quê hương	s	vi		
đạo hàm	tích phân	a	vi		
đại tiện	ỉa	s	vi		
đạo phật	phật giáo	s	vi		
đảo lộn	xáo trộn	s	vi		
đạo nho	nho giáo	s	vi		
đạo nho	đạo khổng	s	vi		
đạo khổng	nho giáo	s	vi		
đạo khổng	đạo nho	s	vi		
đầy tớ	tôi tớ	s	vi		
đầu mối	manh mối	s	vi		
đầu thú	tự thú	s	vi		
đắt	mắc	s	vi		
đắt	rẻ	a	vi		
đẹp	xấu	a	vi		
đẳng thức	bất đẳng thức	a	vi		
đậu đũa	đậu dải áo	s	vi		
đặc trưng	đặc điểm	s	vi		
đặc trưng	đặc thù	s	vi		
đặc trưng	đặc biệt	s	vi		
đếch	chẳng	s	vi		
đếch	cóc	s	vi		
đếch	đéo	s	vi		
đếch	không	s	vi		
đắc đạo	tu thành chính quả	s	vi		
để	đặt	s	vi		
để	đặng	s	vi		
đỉnh	lư	s	vi		
đỉnh	lư hương	s	vi		
địa lý	địa lý học	s	vi		
đến mức	giới hạn	s	vi		
đến mức	tột điểm	s	vi		
đề cập	nhắc tới	s	vi		
đề cập	nói tới	s	vi		
đề cập	nói đến	s	vi		
địa giới	biên giới	s	vi		
đề án	dự án	s	vi		
đền đáp	báo đáp	s	vi		
đền đáp	báo đền	s	vi		
đền đáp	bù đắp	s	vi		
đền đáp	đền bồi	s	vi		
đền bù	bồi hoàn	s	vi		
đền bù	bồi thường	s	vi		
đối thủ	đối phương	s	vi		
đối thủ	kẻ thù	s	vi		
đối thoại	hội thoại	s	vi		
đỏng đảnh	đủng đỉnh	s	vi		
đồng nghĩa	trái nghĩa	a	vi		
đồng lõa	đồng bọn	s	vi		
đồng niên	đồng canh	s	vi		
đồng niên	đồng khoa	s	vi		
đồ vật	đồ dùng	s	vi		
đồ vật	vật	s	vi		
đồ vật	vật dụng	s	vi		
đồng bằng sông cửu long	tây nam bộ	s	vi		
đồng bằng sông cửu long	miền tây	s	vi		
đối xử	ăn ở	s	vi		
đối xử	cư xử	s	vi		
đối xử	đối đãi	s	vi		
độc nhất	độc nhất vô nhị	s	vi		
đồng thời	cùng lúc	s	vi		
độc nhất vô nhị	có một không hai	s	vi		
độc nhất vô nhị	độc nhất	s	vi		
đổ vỡ	tan vỡ	s	vi		
đổ vỡ	đổ bể	s	vi		
đổ vỡ	vỡ lở	s	vi		
đột xuất	bất chợt	s	vi		
đột xuất	báo trước	a	vi		
đục	trong	a	vi		
đội quân	binh đoàn	s	vi		
đội ngũ	hàng ngũ	s	vi		
đột nhiên	bất chợt	s	vi		
đột nhiên	bất thần	s	vi		
đột nhiên	bỗng nhiên	s	vi		
đột nhiên	chợt	s	vi		
đột nhiên	hốt nhiên	s	vi		
ướt	khô	a	vi		
ướt	ráo	a	vi		
ưu điểm	nhược điểm	a	vi		
ưu	âu	s	vi		
ưa chuộng	ham chuộng	s	vi		
ưa chuộng	ưa thích	s	vi		
ưa thích	ưa chuộng	s	vi		
ưu tư	tư lự	s	vi		
ơ	ô	s	vi		
ưu đãi	biệt đãi	s	vi		
ướt át	khô khan	a	vi		
ướt át	khô ráo	a	vi		
ấm	mát	a	vi		
ối	úi	s	vi		
ốm	gầy	s	vi		
ốm	mỏng	s	vi		
ốm	mập	a	vi		
ềnh	kềnh	s	vi		
ủng hộ	phản đối	a	vi		
ứng	tương ứng	s	vi		
ứng	ứng nghiệm	s	vi		
ứng dụng	áp dụng	s	vi		
ứng dụng	vận dụng	s	vi		
ựa	nôn	s	vi		
ựa	trớ	s	vi		
ứng nghiệm	ứng	s	vi		
