n	세트	day	vi	ko	소묶음
1	인사 (1/2)	152	chào	안녕	만날 때 인사
1	인사 (1/2)	152	xin chào	안녕하세요 (정중)	만날 때 인사
1	인사 (1/2)	152	chào các bạn	여러분 안녕 (친구들에게)	만날 때 인사
1	인사 (1/2)	152	bắt tay	악수하다	만날 때 인사
1	인사 (1/2)	152	cúi chào	고개 숙여 인사하다	만날 때 인사
1	인사 (1/2)	152	tạm biệt	안녕히 가세요·계세요	헤어질 때 인사
1	인사 (1/2)	152	tôi đi đây	나 갈게	헤어질 때 인사
1	인사 (1/2)	152	chúc ngủ ngon	안녕히 주무세요	헤어질 때 인사
1	인사 (1/2)	152	đi cẩn thận	조심해서 가세요	헤어질 때 인사
1	인사 (1/2)	152	tôi đi nhé	저 갈게요	헤어질 때 인사
1	인사 (1/2)	152	đi từ từ	천천히 가세요	헤어질 때 인사
1	인사 (1/2)	152	về an toàn nhé	안전하게 돌아가세요	헤어질 때 인사
2	인사 (2/2)	1	ơn	은혜, 신세(cám ơn의 어근)	고마움·사과
2	인사 (2/2)	1	xin lỗi	미안합니다·실례합니다	고마움·사과
2	인사 (2/2)	1	cảm ơn	고맙습니다	고마움·사과
2	인사 (2/2)	1	tha thứ	용서하다 · 면제하다	고마움·사과
2	인사 (2/2)	1	có gì đâu	천만에요	고마움·사과
2	인사 (2/2)	1	khỏe	건강하다, 잘 지내다	안부 묻기
2	인사 (2/2)	1	lâu quá	너무 오래 걸린다, 오랜만이다	안부 묻기
2	인사 (2/2)	1	bạn ổn không	괜찮으세요?	안부 묻기
2	인사 (2/2)	1	Lâu rồi không gặp	오랜만이에요	안부 묻기
2	인사 (2/2)	1	lâu rồi mới lại	오랜만에	안부 묻기
3	부르는 말 (1/2)	2	anh	형·오빠뻘 남자	상대를 부르는 호칭
3	부르는 말 (1/2)	2	chị	누나·언니뻘 여자	상대를 부르는 호칭
3	부르는 말 (1/2)	2	bạn	친구·너(동갑)	상대를 부르는 호칭
3	부르는 말 (1/2)	2	em	동생뻘	상대를 부르는 호칭
3	부르는 말 (1/2)	2	cô	이모·고모뻘 여자	상대를 부르는 호칭
3	부르는 말 (1/2)	2	ông	할아버지뻘 남자	상대를 부르는 호칭
3	부르는 말 (1/2)	2	bà	할머니뻘 여자	상대를 부르는 호칭
3	부르는 말 (1/2)	2	thầy	선생님(남)	상대를 부르는 호칭
3	부르는 말 (1/2)	2	chú	삼촌뻘 남자	상대를 부르는 호칭
3	부르는 말 (1/2)	2	cậu	소년; 너(친구 사이); 외삼촌	상대를 부르는 호칭
3	부르는 말 (1/2)	2	tôi	저·나	나·우리
3	부르는 말 (1/2)	2	chúng tôi	우리(청자 제외)	나·우리
3	부르는 말 (1/2)	2	chúng ta	우리	나·우리
3	부르는 말 (1/2)	2	tớ	(친숙한 관계) 나	나·우리
3	부르는 말 (1/2)	2	chúng mình	우리(친한 사이)	나·우리
4	부르는 말 (2/2)	109	ấy	그(3인칭 지시형용사: anh ấy=그, cô ấy=그녀 등)	그·그들
4	부르는 말 (2/2)	109	họ	그들	그·그들
4	부르는 말 (2/2)	109	chúng	그들, 그것들	그·그들
4	부르는 말 (2/2)	109	người ta	사람들	그·그들
4	부르는 말 (2/2)	109	khách	손님	여러분·손님
4	부르는 말 (2/2)	109	quý vị	여러분 (존칭)	여러분·손님
5	자기소개	3	tên	이름	이름·나이
5	자기소개	3	Trung	쭝 (사람 이름)	이름·나이
5	자기소개	3	tuổi	나이	이름·나이
5	자기소개	3	đặt tên	이름을 짓다	이름·나이
5	자기소개	3	quên tên	이름을 잊다	이름·나이
5	자기소개	3	nhiều tuổi hơn	나이가 더 많은	이름·나이
5	자기소개	3	ít tuổi hơn	나이가 더 적은	이름·나이
5	자기소개	3	sống	살다	사는 곳·출신
5	자기소개	3	gốc	출신	사는 곳·출신
5	자기소개	3	sinh	태어나다	성별·생년
5	자기소개	3	sinh năm	~년에 태어나다	성별·생년
5	자기소개	3	ngày sinh	출생일 (공식서류사용)	성별·생년
5	자기소개	3	giới tính	성별	성별·생년
5	자기소개	3	giới thiệu	소개하다	소개 표현
5	자기소개	3	làm quen	친해지다, 알게 되다	소개 표현
5	자기소개	3	hân hạnh	영광이다	소개 표현
6	나라 (1/5)	4	Nhật	일본	나라 이름
6	나라 (1/5)	4	Hàn Quốc	한국	나라 이름
6	나라 (1/5)	4	Pháp	프랑스	나라 이름
6	나라 (1/5)	4	Mỹ	미국	나라 이름
6	나라 (1/5)	4	Úc	호주	나라 이름
6	나라 (1/5)	4	Thái Lan	태국	나라 이름
6	나라 (1/5)	4	Trung Quốc	중국	나라 이름
6	나라 (1/5)	4	Singapore	싱가포르	나라 이름
6	나라 (1/5)	4	Canada	캐나다	나라 이름
6	나라 (1/5)	4	Việt Nam	베트남	나라 이름
6	나라 (1/5)	4	Đức	독일	나라 이름
6	나라 (1/5)	4	Tây Ban Nha	스페인	나라 이름
6	나라 (1/5)	4	Nga	러시아	나라 이름
6	나라 (1/5)	4	Ấn Độ	인도	나라 이름
7	나라 (2/5)	223	Ai-len	아일랜드	나라 이름
7	나라 (2/5)	223	Mê-hi-cô	멕시코	나라 이름
7	나라 (2/5)	223	Bra-xin	브라질	나라 이름
7	나라 (2/5)	223	Xin-ga-po	싱가포르	나라 이름
7	나라 (2/5)	223	Hoa Kỳ	미국	나라 이름
7	나라 (2/5)	223	Nhật Bản	일본	나라 이름
7	나라 (2/5)	223	Hà Lan	네덜란드	나라 이름
7	나라 (2/5)	223	Ba Lan	폴란드	나라 이름
7	나라 (2/5)	223	Hồng Kông	홍콩	나라 이름
7	나라 (2/5)	223	Thụy Sĩ	스위스	나라 이름
7	나라 (2/5)	223	Đài Loan	대만	나라 이름
7	나라 (2/5)	223	quốc kỳ	국기	나라 이름
7	나라 (2/5)	223	Căm Pu Chia	캄보디아	나라 이름
8	나라 (3/5)	5	người Mỹ	미국 사람	국적·사람
8	나라 (3/5)	5	người Hàn Quốc	한국 사람	국적·사람
8	나라 (3/5)	5	người Úc	호주 사람	국적·사람
8	나라 (3/5)	5	người Anh	영국 사람	국적·사람
8	나라 (3/5)	5	người Trung Quốc	중국 사람	국적·사람
8	나라 (3/5)	5	người Pháp	프랑스 사람	국적·사람
8	나라 (3/5)	5	người Singapore	싱가포르 사람	국적·사람
8	나라 (3/5)	5	người Canada	캐나다 사람	국적·사람
8	나라 (3/5)	5	người Thái Lan	태국 사람	국적·사람
8	나라 (3/5)	5	quốc tịch	국적	국적·사람
9	나라 (4/5)	132	người Đức	독일 사람	국적·사람
9	나라 (4/5)	132	người Việt Nam	베트남 사람	국적·사람
9	나라 (4/5)	132	người Nga	러시아 사람	국적·사람
9	나라 (4/5)	132	người Ý	이탈리아 사람	국적·사람
9	나라 (4/5)	132	người Ấn Độ	인도 사람	국적·사람
9	나라 (4/5)	132	người Nhật Bản	일본 사람	국적·사람
9	나라 (4/5)	132	người Thụy Sĩ	스위스 사람	국적·사람
9	나라 (4/5)	132	người Đài Loan	대만 사람	국적·사람
9	나라 (4/5)	132	người Tây Ban Nha	스페인 사람	국적·사람
10	나라 (5/5)	148	nước	나라	외국·국민·민족·국기
10	나라 (5/5)	148	nước ngoài	외국	외국·국민·민족·국기
10	나라 (5/5)	148	người nước ngoài	외국인	외국·국민·민족·국기
10	나라 (5/5)	148	thế giới	세계, 세상	외국·국민·민족·국기
10	나라 (5/5)	148	cờ	깃발 · 체스	외국·국민·민족·국기
10	나라 (5/5)	148	quốc gia	국가	외국·국민·민족·국기
10	나라 (5/5)	148	công dân	시민, 국민	외국·국민·민족·국기
10	나라 (5/5)	148	dân tộc	민족	외국·국민·민족·국기
10	나라 (5/5)	148	toàn cầu	글로벌	외국·국민·민족·국기
11	언어 (1/2)	149	tiếng Việt	베트남어	언어 이름
11	언어 (1/2)	149	tiếng Anh	영어	언어 이름
11	언어 (1/2)	149	tiếng Nhật	일본어	언어 이름
11	언어 (1/2)	149	tiếng Pháp	프랑스어	언어 이름
11	언어 (1/2)	149	tiếng Hàn	한국어	언어 이름
11	언어 (1/2)	149	tiếng Thái	태국어	언어 이름
11	언어 (1/2)	149	tiếng Trung	중국어	언어 이름
11	언어 (1/2)	149	tiếng Đức	독일어	언어 이름
11	언어 (1/2)	149	tiếng Tây Ban Nha	스페인어	언어 이름
11	언어 (1/2)	149	tiếng Ý	이탈리아어	언어 이름
11	언어 (1/2)	149	tiếng Nga	러시아어	언어 이름
11	언어 (1/2)	149	tiếng Hindi	힌디어	언어 이름
11	언어 (1/2)	149	tiếng Khmer	캄보디아어 (크메르어)	언어 이름
11	언어 (1/2)	149	tiếng Lào	라오어	언어 이름
12	언어 (2/2)	224	tiếng	언어, 소리	언어 일반
12	언어 (2/2)	224	ngoại ngữ	외국어	언어 일반
12	언어 (2/2)	224	giọng	억양	언어 일반
12	언어 (2/2)	224	ngôn ngữ	언어	언어 일반
12	언어 (2/2)	224	cách nói	말투	언어 일반
12	언어 (2/2)	224	phổ thông	보통의, 일반적인	언어 일반
12	언어 (2/2)	224	sắc thái	색채, 양상	언어 일반
12	언어 (2/2)	224	tiếng lóng	은어	언어 일반
12	언어 (2/2)	224	ngữ điệu	억양	언어 일반
12	언어 (2/2)	224	tiếng mẹ đẻ	모국어	언어 일반
12	언어 (2/2)	224	kiểu nói chuyện	화법	언어 일반
13	가리키는 말	6	này	이 (이것, 이 ~)	이것·그것·저것
13	가리키는 말	6	cái này	이것	이것·그것·저것
13	가리키는 말	6	cái đó	그것	이것·그것·저것
13	가리키는 말	6	cái kia	저것	이것·그것·저것
13	가리키는 말	6	đây	여기; 이 사람, 이것(지시대명사)	여기·거기·저기
13	가리키는 말	6	đó	그것, 그곳(지시대명사)	여기·거기·저기
13	가리키는 말	6	đấy	거기, 그것(지시대명사)	여기·거기·저기
13	가리키는 말	6	kia	저것, 저기(지시대명사)	여기·거기·저기
13	가리키는 말	6	ở đó	거기에서	여기·거기·저기
13	가리키는 말	6	chỗ đó	그곳	여기·거기·저기
13	가리키는 말	6	chỗ này	이곳	여기·거기·저기
13	가리키는 말	6	kia kìa	저쪽에	여기·거기·저기
13	가리키는 말	6	như thế	그렇게, 그와 같이	이렇게·그렇게
13	가리키는 말	6	thế này	이렇게	이렇게·그렇게
13	가리키는 말	6	người đó	그 사람	이 사람·그 일
13	가리키는 말	6	người này	이 사람	이 사람·그 일
13	가리키는 말	6	việc này	이 일	이 사람·그 일
13	가리키는 말	6	việc đó	그 일	이 사람·그 일
14	묻는 말 (1/3)	150	gì	무엇, 뭐	무엇·누구
14	묻는 말 (1/3)	150	ai	누구	무엇·누구
14	묻는 말 (1/3)	150	của ai	누구의	무엇·누구
14	묻는 말 (1/3)	150	việc gì	무슨 일	무엇·누구
14	묻는 말 (1/3)	150	cái gì	무엇	무엇·누구
14	묻는 말 (1/3)	150	gì nữa	또 뭐, 그 밖에 무엇	무엇·누구
14	묻는 말 (1/3)	150	người nào	누구	무엇·누구
14	묻는 말 (1/3)	150	đâu	어디	어디
14	묻는 말 (1/3)	150	ở đâu	어디에서	어디
14	묻는 말 (1/3)	150	đi đâu	어디 가다	어디
14	묻는 말 (1/3)	150	đâu ra	어디서 (발생 · 출처)	어디
15	묻는 말 (2/3)	225	sao	왜	왜·어떻게
15	묻는 말 (2/3)	225	thế nào	어떻게, 어떤지	왜·어떻게
15	묻는 말 (2/3)	225	tại sao	왜	왜·어떻게
15	묻는 말 (2/3)	225	vì sao	왜, 어째서	왜·어떻게
15	묻는 말 (2/3)	225	làm sao	어떻게, 어쩌지	왜·어떻게
15	묻는 말 (2/3)	225	như thế nào	어떻게	왜·어떻게
15	묻는 말 (2/3)	225	nào	어느, 어떤	몇·얼마·어느·언제
15	묻는 말 (2/3)	225	hôm nào	어떤 날	몇·얼마·어느·언제
15	묻는 말 (2/3)	225	mấy	몇	몇·얼마·어느·언제
15	묻는 말 (2/3)	225	bao nhiêu	얼마·몇(큰 수)	몇·얼마·어느·언제
15	묻는 말 (2/3)	225	bao giờ	언제	몇·얼마·어느·언제
15	묻는 말 (2/3)	225	khi nào	언제	몇·얼마·어느·언제
15	묻는 말 (2/3)	225	mấy lần	몇 번	몇·얼마·어느·언제
15	묻는 말 (2/3)	225	loại nào	어떤 종류	몇·얼마·어느·언제
15	묻는 말 (2/3)	225	món nào	어느 것	몇·얼마·어느·언제
15	묻는 말 (2/3)	225	bao nhiêu cái	몇 개	몇·얼마·어느·언제
16	묻는 말 (3/3)	193	không ai	아무도 ~않다	누군가·아무도
16	묻는 말 (3/3)	193	gì cũng	뭐든지	누군가·아무도
16	묻는 말 (3/3)	193	bất cứ	어떠한 ~라도 · ~에 상관없이	누군가·아무도
16	묻는 말 (3/3)	193	ai đó	누군가	누군가·아무도
16	묻는 말 (3/3)	193	đâu đó	어딘가	누군가·아무도
16	묻는 말 (3/3)	193	đâu cả	어디에도	누군가·아무도
16	묻는 말 (3/3)	193	bất cứ ai	누구든지	누군가·아무도
16	묻는 말 (3/3)	193	bất cứ lúc nào	언제든지	누군가·아무도
16	묻는 말 (3/3)	193	bất cứ ở đâu	어디든지	누군가·아무도
17	대답과 맞장구 (1/3)	102	không	아니요	네·아니요
17	대답과 맞장구 (1/3)	102	không được	안 돼요, 할 수 없다	네·아니요
17	대답과 맞장구 (1/3)	102	không phải	아니다(부정)	네·아니요
17	대답과 맞장구 (1/3)	102	vâng	네	네·아니요
17	대답과 맞장구 (1/3)	102	cũng được	괜찮아요, 그런대로 돼요	괜찮아요·됐어요·문제없어요
17	대답과 맞장구 (1/3)	102	không sao	괜찮습니다	괜찮아요·됐어요·문제없어요
17	대답과 맞장구 (1/3)	102	không có gì	아무것도 아니에요, 괜찮아요	괜찮아요·됐어요·문제없어요
17	대답과 맞장구 (1/3)	102	ổn	괜찮다	괜찮아요·됐어요·문제없어요
17	대답과 맞장구 (1/3)	102	được rồi	됐어요, 알았어요, 괜찮아요	괜찮아요·됐어요·문제없어요
17	대답과 맞장구 (1/3)	102	được đấy	괜찮네	괜찮아요·됐어요·문제없어요
17	대답과 맞장구 (1/3)	102	có rồi	이미 있어	괜찮아요·됐어요·문제없어요
17	대답과 맞장구 (1/3)	102	tùy bạn	마음대로 해	괜찮아요·됐어요·문제없어요
17	대답과 맞장구 (1/3)	102	không vấn đề	문제없어요	괜찮아요·됐어요·문제없어요
18	대답과 맞장구 (2/3)	182	phải	옳다, 맞다	맞아요·정말요·그렇군요
18	대답과 맞장구 (2/3)	182	đúng rồi	맞아요, 맞다	맞아요·정말요·그렇군요
18	대답과 맞장구 (2/3)	182	tôi hiểu	알겠습니다	맞아요·정말요·그렇군요
18	대답과 맞장구 (2/3)	182	cũng có thể	그럴 수도 있지	맞아요·정말요·그렇군요
18	대답과 맞장구 (2/3)	182	đúng là	~임이 틀림없다, 정말로	맞아요·정말요·그렇군요
18	대답과 맞장구 (2/3)	182	thật à	정말?	맞아요·정말요·그렇군요
18	대답과 맞장구 (2/3)	182	đúng đấy	맞아	맞아요·정말요·그렇군요
18	대답과 맞장구 (2/3)	182	thật hả	진짜야?	맞아요·정말요·그렇군요
18	대답과 맞장구 (2/3)	182	thảo nào	어쩐지	맞아요·정말요·그렇군요
18	대답과 맞장구 (2/3)	182	đúng nhỉ	맞네	맞아요·정말요·그렇군요
18	대답과 맞장구 (2/3)	182	biết ngay mà	그럼 그렇지	맞아요·정말요·그렇군요
19	대답과 맞장구 (3/3)	250	tất nhiên	당연하지·물론	당연하죠·동의
19	대답과 맞장구 (3/3)	250	tất nhiên rồi	당연하지(물론이지)	당연하죠·동의
19	대답과 맞장구 (3/3)	250	Dĩ nhiên	당연히	당연하죠·동의
19	대답과 맞장구 (3/3)	250	cũng thế	~도 그렇다, 마찬가지다	당연하죠·동의
19	대답과 맞장구 (3/3)	250	đương nhiên	당연히	당연하죠·동의
19	대답과 맞장구 (3/3)	250	Em cũng thế	저도요, 저도 그래요	당연하죠·동의
19	대답과 맞장구 (3/3)	250	trêu	놀리다	농담·거짓말
19	대답과 맞장구 (3/3)	250	nói dối	거짓말하다	농담·거짓말
19	대답과 맞장구 (3/3)	250	nói thật	사실대로 말하다, 솔직히 말하다	농담·거짓말
19	대답과 맞장구 (3/3)	250	giả vờ	~인 척하다	농담·거짓말
19	대답과 맞장구 (3/3)	250	đùa thôi	농담이야	농담·거짓말
19	대답과 맞장구 (3/3)	250	nói đùa	농담하다	농담·거짓말
20	부탁과 약속 (1/5)	89	xin	부탁하다·청하다	부탁 표현
20	부탁과 약속 (1/5)	89	mời	권하다·초대하다	부탁 표현
20	부탁과 약속 (1/5)	89	xin phép	허락받다	부탁 표현
20	부탁과 약속 (1/5)	89	làm ơn	부디·제발	부탁 표현
20	부탁과 약속 (1/5)	89	đòi	요구하다	부탁 표현
20	부탁과 약속 (1/5)	89	giúp tôi	도와주세요	부탁 표현
20	부탁과 약속 (1/5)	89	vui lòng	~해 주세요(정중한 부탁)	부탁 표현
20	부탁과 약속 (1/5)	89	xin mời	어서 ~하세요(권유)	부탁 표현
20	부탁과 약속 (1/5)	89	đừng ngại	부끄러워하지 마세요	부탁 표현
20	부탁과 약속 (1/5)	89	làm hộ	대신해주다	부탁 표현
21	부탁과 약속 (2/5)	90	chờ	기다리다	기다리기
21	부탁과 약속 (2/5)	90	chờ một chút	잠시만 기다려요	기다리기
21	부탁과 약속 (2/5)	90	một lát	잠시, 잠깐	기다리기
21	부탁과 약속 (2/5)	90	khoan đã	잠깐만	기다리기
21	부탁과 약속 (2/5)	90	đợi chút	잠깐만	기다리기
21	부탁과 약속 (2/5)	90	xếp hàng	줄서다	기다리기
21	부탁과 약속 (2/5)	90	đợi một chút	잠시만요	기다리기
21	부탁과 약속 (2/5)	90	xin chờ một chút	잠시 기다려 주세요	기다리기
21	부탁과 약속 (2/5)	90	Hãy chờ tôi một lát	조금만 기다려 주세요	기다리기
22	부탁과 약속 (3/5)	91	hẹn	약속하다(만남)	약속
22	부탁과 약속 (3/5)	91	hứa	약속하다(다짐)	약속
22	부탁과 약속 (3/5)	91	Hẹn gặp	약속	약속
22	부탁과 약속 (3/5)	91	rủ	같이 가자고 권하다	약속
22	부탁과 약속 (3/5)	91	cuộc hẹn	약속·미팅	약속
22	부탁과 약속 (3/5)	91	lời hứa	약속(한 말)	약속
22	부탁과 약속 (3/5)	91	cam đoan	보증하다	약속
22	부탁과 약속 (3/5)	91	đặt lịch	(일정) 예약하다	약속
22	부탁과 약속 (3/5)	91	bạn có rảnh không	시간 있어요?	약속
23	부탁과 약속 (4/5)	92	chuẩn bị	준비하다	준비·동의·거절
23	부탁과 약속 (4/5)	92	chấp nhận	수락하다, 받아들이다	준비·동의·거절
23	부탁과 약속 (4/5)	92	từ chối	거절하다	준비·동의·거절
23	부탁과 약속 (4/5)	92	đồng ý	동의하다	준비·동의·거절
23	부탁과 약속 (4/5)	92	sẵn sàng	준비되다	준비·동의·거절
23	부탁과 약속 (4/5)	92	trang bị	장비를 갖추다	준비·동의·거절
23	부탁과 약속 (4/5)	92	sẵn sàng rồi	준비됐어요	준비·동의·거절
23	부탁과 약속 (4/5)	92	chưa sẵn sàng	아직 준비가 안 됐어요	준비·동의·거절
23	부탁과 약속 (4/5)	92	lời từ chối	거절의 말	준비·동의·거절
24	부탁과 약속 (5/5)	145	giải thích	설명하다	연락·설명·다시 말하기
24	부탁과 약속 (5/5)	145	liên lạc	연락하다	연락·설명·다시 말하기
24	부탁과 약속 (5/5)	145	hướng dẫn	안내하다	연락·설명·다시 말하기
24	부탁과 약속 (5/5)	145	trao đổi	교류하다	연락·설명·다시 말하기
24	부탁과 약속 (5/5)	145	liên hệ	연락하다	연락·설명·다시 말하기
24	부탁과 약속 (5/5)	145	nói rõ	분명히 말하다	연락·설명·다시 말하기
24	부탁과 약속 (5/5)	145	kể lại	다시 이야기하다	연락·설명·다시 말하기
24	부탁과 약속 (5/5)	145	báo tin	소식을 알리다	연락·설명·다시 말하기
24	부탁과 약속 (5/5)	145	xin nói lại	다시 말씀해 주세요	연락·설명·다시 말하기
24	부탁과 약속 (5/5)	145	nói chậm một chút	천천히 말해 주세요	연락·설명·다시 말하기
24	부탁과 약속 (5/5)	145	nhanh lên	서둘러요	재촉·연기·변경
24	부탁과 약속 (5/5)	145	hoãn	연기하다	재촉·연기·변경
24	부탁과 약속 (5/5)	145	đổi lịch	일정을 변경하다	재촉·연기·변경
24	부탁과 약속 (5/5)	145	thúc giục	재촉하다	재촉·연기·변경
24	부탁과 약속 (5/5)	145	cứ từ từ	천천히 해	재촉·연기·변경
24	부탁과 약속 (5/5)	145	đề nghị	제안하다	충고·조언
24	부탁과 약속 (5/5)	145	lời khuyên	조언	충고·조언
24	부탁과 약속 (5/5)	145	động viên	격려하다, 응원하다	충고·조언
24	부탁과 약속 (5/5)	145	khuyên bảo	타이르다, 충고하다	충고·조언
24	부탁과 약속 (5/5)	145	lời khuyên của cô	선생님의 조언	충고·조언
25	기본 동사 (1/14)	194	có	있다, 가지다; (긍정 대답) 네, 그렇다	하다·되다·있다
25	기본 동사 (1/14)	194	tồn tại	존재하다	하다·되다·있다
25	기본 동사 (1/14)	194	làm	하다, 일하다	하다·되다·있다
25	기본 동사 (1/14)	194	xuất hiện	나타나다	하다·되다·있다
25	기본 동사 (1/14)	194	xảy ra	발생하다	하다·되다·있다
25	기본 동사 (1/14)	194	thực hiện	실시하다 · 수행하다	하다·되다·있다
25	기본 동사 (1/14)	194	trở thành	되다	하다·되다·있다
25	기본 동사 (1/14)	194	trở nên	~하게 되다	하다·되다·있다
25	기본 동사 (1/14)	194	biến mất	사라지다 · 없어지다	하다·되다·있다
25	기본 동사 (1/14)	194	làm theo	따라하다	하다·되다·있다
26	기본 동사 (2/14)	195	đến	도착하다, ~까지	가다·오다·도착
26	기본 동사 (2/14)	195	về	돌아가다·돌아오다	가다·오다·도착
26	기본 동사 (2/14)	195	vào	~안으로, ~에	가다·오다·도착
26	기본 동사 (2/14)	195	đi	가다	가다·오다·도착
26	기본 동사 (2/14)	195	ra	나가다, 나오다	가다·오다·도착
26	기본 동사 (2/14)	195	lên	오르다, 타다; (동사 뒤에서) 서둘러	가다·오다·도착
26	기본 동사 (2/14)	195	xuống	내려가다	가다·오다·도착
27	기본 동사 (3/14)	196	nói	말하다	말하다·듣다·보다·읽다·쓰다
27	기본 동사 (3/14)	196	nghe	듣다	말하다·듣다·보다·읽다·쓰다
27	기본 동사 (3/14)	196	hỏi	묻다, 질문하다	말하다·듣다·보다·읽다·쓰다
27	기본 동사 (3/14)	196	xem	보다	말하다·듣다·보다·읽다·쓰다
27	기본 동사 (3/14)	196	trả lời	대답하다	말하다·듣다·보다·읽다·쓰다
27	기본 동사 (3/14)	196	gọi	부르다	말하다·듣다·보다·읽다·쓰다
27	기본 동사 (3/14)	196	thể hiện	표현하다	말하다·듣다·보다·읽다·쓰다
27	기본 동사 (3/14)	196	thấy	보다, 느끼다	말하다·듣다·보다·읽다·쓰다
27	기본 동사 (3/14)	196	bảo	(~하라고) 말하다, 시키다	말하다·듣다·보다·읽다·쓰다
27	기본 동사 (3/14)	196	nhìn	보다, 바라보다	말하다·듣다·보다·읽다·쓰다
27	기본 동사 (3/14)	196	miêu tả	묘사하다	말하다·듣다·보다·읽다·쓰다
28	기본 동사 (4/14)	197	nghe nói	듣자하니	말하다·듣다·보다·읽다·쓰다
28	기본 동사 (4/14)	197	kể	말하다	말하다·듣다·보다·읽다·쓰다
28	기본 동사 (4/14)	197	coi	확인하다, 살펴보다	말하다·듣다·보다·읽다·쓰다
28	기본 동사 (4/14)	197	ngửi	냄새 맡다	말하다·듣다·보다·읽다·쓰다
28	기본 동사 (4/14)	197	quan sát	관찰하다 · 살피다	말하다·듣다·보다·읽다·쓰다
28	기본 동사 (4/14)	197	lắng nghe	귀 기울여 듣다	말하다·듣다·보다·읽다·쓰다
28	기본 동사 (4/14)	197	kể chuyện	이야기하다, 이야기 들려주다	말하다·듣다·보다·읽다·쓰다
28	기본 동사 (4/14)	197	giao tiếp	교류하다 소통하다	말하다·듣다·보다·읽다·쓰다
28	기본 동사 (4/14)	197	nhìn lên	위로 보다	말하다·듣다·보다·읽다·쓰다
28	기본 동사 (4/14)	197	bắt chuyện	말을 걸다, 대화를 시작하다	말하다·듣다·보다·읽다·쓰다
29	기본 동사 (5/14)	198	tin	A tin B : A가 B를 믿다	알다·생각하다·이해하다·기억하다
29	기본 동사 (5/14)	198	biết	알다	알다·생각하다·이해하다·기억하다
29	기본 동사 (5/14)	198	không biết	모르다	알다·생각하다·이해하다·기억하다
29	기본 동사 (5/14)	198	tôi không biết	모르겠어요	알다·생각하다·이해하다·기억하다
29	기본 동사 (5/14)	198	hiểu	이해하다	알다·생각하다·이해하다·기억하다
29	기본 동사 (5/14)	198	quen	익숙하다, (사람을) 알다	알다·생각하다·이해하다·기억하다
29	기본 동사 (5/14)	198	quên	잊다	알다·생각하다·이해하다·기억하다
29	기본 동사 (5/14)	198	nhớ	기억하다	알다·생각하다·이해하다·기억하다
29	기본 동사 (5/14)	198	nghĩ	생각하다	알다·생각하다·이해하다·기억하다
29	기본 동사 (5/14)	198	còn nhớ	아직 기억하다	알다·생각하다·이해하다·기억하다
29	기본 동사 (5/14)	198	nhắc	상기시키다, 떠올리게 하다	알다·생각하다·이해하다·기억하다
30	기본 동사 (6/14)	199	nhận ra	알아차리다	알다·생각하다·이해하다·기억하다
30	기본 동사 (6/14)	199	chú ý	주의하다, 신경 쓰다	알다·생각하다·이해하다·기억하다
30	기본 동사 (6/14)	199	để ý	신경쓰다, 돌보다	알다·생각하다·이해하다·기억하다
30	기본 동사 (6/14)	199	tìm hiểu	알아보다, 조사하다	알다·생각하다·이해하다·기억하다
30	기본 동사 (6/14)	199	phân tích	분석하다	알다·생각하다·이해하다·기억하다
30	기본 동사 (6/14)	199	cân nhắc	고려 · 숙고하다	알다·생각하다·이해하다·기억하다
30	기본 동사 (6/14)	199	trí nhớ	기억력	알다·생각하다·이해하다·기억하다
30	기본 동사 (6/14)	199	ghi nhớ	기억해 두다	알다·생각하다·이해하다·기억하다
30	기본 동사 (6/14)	199	hiểu biết	이해하고 알다, 알다	알다·생각하다·이해하다·기억하다
30	기본 동사 (6/14)	199	hiểu nhầm	오해하다	알다·생각하다·이해하다·기억하다
30	기본 동사 (6/14)	199	hình ảnh đọng lại	남아 있는 이미지, 잔상	알다·생각하다·이해하다·기억하다
30	기본 동사 (6/14)	199	thích	좋아하다	원하다·필요하다·좋아하다
30	기본 동사 (6/14)	199	định	~할 예정이다, 의도하다	원하다·필요하다·좋아하다
30	기본 동사 (6/14)	199	muốn	원하다	원하다·필요하다·좋아하다
30	기본 동사 (6/14)	199	cần	필요하다	원하다·필요하다·좋아하다
30	기본 동사 (6/14)	199	cần thiết	필수적인	원하다·필요하다·좋아하다
31	기본 동사 (7/14)	200	có thể	할 수 있다	조동사
31	기본 동사 (7/14)	200	không thể	할 수 없다	조동사
31	기본 동사 (7/14)	200	đáng	~할 만한 가치가 있는	조동사
32	기본 동사 (8/14)	201	gặp	만나다	주다·받다·가지다·찾다·만나다
32	기본 동사 (8/14)	201	mang	가지고 가다, 나르다	주다·받다·가지다·찾다·만나다
32	기본 동사 (8/14)	201	giao	인도하다, 넘겨주다	주다·받다·가지다·찾다·만나다
32	기본 동사 (8/14)	201	đưa	건네주다, 주다	주다·받다·가지다·찾다·만나다
32	기본 동사 (8/14)	201	mượn	빌리다	주다·받다·가지다·찾다·만나다
32	기본 동사 (8/14)	201	tìm	찾다	주다·받다·가지다·찾다·만나다
32	기본 동사 (8/14)	201	kiếm	찾다, 벌다, 구하다	주다·받다·가지다·찾다·만나다
32	기본 동사 (8/14)	201	giữ	유지하다	주다·받다·가지다·찾다·만나다
32	기본 동사 (8/14)	201	lấy	가져가다 · 집다	주다·받다·가지다·찾다·만나다
32	기본 동사 (8/14)	201	biếu	(윗사람에게) 드리다, 바치다	주다·받다·가지다·찾다·만나다
32	기본 동사 (8/14)	201	tìm thấy	찾아내다	주다·받다·가지다·찾다·만나다
32	기본 동사 (8/14)	201	tìm kiếm	찾다, 수색하다	주다·받다·가지다·찾다·만나다
32	기본 동사 (8/14)	201	đem theo	가져가다, 지참하다	주다·받다·가지다·찾다·만나다
32	기본 동사 (8/14)	201	gặp gỡ	만나다	주다·받다·가지다·찾다·만나다
33	기본 동사 (9/14)	202	chọn	고르다, 선택하다	고르다·시도하다·바꾸다
33	기본 동사 (9/14)	202	chuyển	바꾸다, 전환하다	고르다·시도하다·바꾸다
33	기본 동사 (9/14)	202	lựa chọn	선택하다	고르다·시도하다·바꾸다
33	기본 동사 (9/14)	202	thay	바꾸다, 대신하다	고르다·시도하다·바꾸다
33	기본 동사 (9/14)	202	đổi	바꾸다	고르다·시도하다·바꾸다
33	기본 동사 (9/14)	202	thay thế	교체하다	고르다·시도하다·바꾸다
33	기본 동사 (9/14)	202	thử	시도해 보다	고르다·시도하다·바꾸다
33	기본 동사 (9/14)	202	thay đổi	바꾸다, 변하다	고르다·시도하다·바꾸다
33	기본 동사 (9/14)	202	kết thúc	끝나다, 마치다	시작·계속·끝
33	기본 동사 (9/14)	202	tiếp	계속하다	시작·계속·끝
33	기본 동사 (9/14)	202	tiến hành	진행하다	시작·계속·끝
33	기본 동사 (9/14)	202	xong rồi	다 했다, 끝났다	시작·계속·끝
33	기본 동사 (9/14)	202	tiếp tục	계속하다	시작·계속·끝
34	기본 동사 (10/14)	203	giúp	돕다	돕다·구하다
34	기본 동사 (10/14)	203	giúp đỡ	도움	돕다·구하다
34	기본 동사 (10/14)	203	cứu	구조하다	돕다·구하다
34	기본 동사 (10/14)	203	bao bọc	보호하다	돕다·구하다
35	기본 동사 (11/14)	204	gắn	붙이다	손 움직임
35	기본 동사 (11/14)	204	đặt	놓다, 두다; 주문하다, 예약하다	손 움직임
35	기본 동사 (11/14)	204	bắt	잡다, 체포하다	손 움직임
35	기본 동사 (11/14)	204	cầm	잡다, 들다	손 움직임
35	기본 동사 (11/14)	204	ôm	안다·껴안다	손 움직임
35	기본 동사 (11/14)	204	kéo	끌다, 당기다	손 움직임
35	기본 동사 (11/14)	204	xách	(손에) 들다	손 움직임
35	기본 동사 (11/14)	204	bỏ	버리다	손 움직임
35	기본 동사 (11/14)	204	quay	돌리다	손 움직임
36	기본 동사 (12/14)	205	nâng	올리다, 높이다	손 움직임
36	기본 동사 (12/14)	205	ném	던지다	손 움직임
36	기본 동사 (12/14)	205	đẩy	밀다	손 움직임
36	기본 동사 (12/14)	205	treo	걸다	손 움직임
36	기본 동사 (12/14)	205	vứt	버리다, 던지다	손 움직임
36	기본 동사 (12/14)	205	làm rơi	떨어뜨리다	손 움직임
36	기본 동사 (12/14)	205	uốn cong	구부리다, 휘게 하다	손 움직임
36	기본 동사 (12/14)	205	giơ tay lên	손을 들다	손 움직임
36	기본 동사 (12/14)	205	hạ tay xuống	손을 내리다	손 움직임
37	기본 동사 (13/14)	206	bay	날다	몸 움직임
37	기본 동사 (13/14)	206	đứng	서다; (đứng sau: ~뒤에 오다)	몸 움직임
37	기본 동사 (13/14)	206	chạy	뛰다, 달리다	몸 움직임
37	기본 동사 (13/14)	206	dừng	멈추다	몸 움직임
37	기본 동사 (13/14)	206	nhảy	춤추다, 뛰다	몸 움직임
37	기본 동사 (13/14)	206	ngã	넘어지다	몸 움직임
37	기본 동사 (13/14)	206	rơi	떨어지다	몸 움직임
37	기본 동사 (13/14)	206	nhắm	(눈을) 감다	몸 움직임
37	기본 동사 (13/14)	206	bước	걸음을 걷다, 내딛다	몸 움직임
37	기본 동사 (13/14)	206	ẩn	숨다, 숨기다	몸 움직임
38	기본 동사 (14/14)	207	cắn	물다, 깨물다	몸 움직임
38	기본 동사 (14/14)	207	trèo	기어오르다	몸 움직임
38	기본 동사 (14/14)	207	gật	끄덕이다	몸 움직임
38	기본 동사 (14/14)	207	động tác	동작	몸 움직임
38	기본 동사 (14/14)	207	ngoảnh nhìn	돌아보다	몸 움직임
38	기본 동사 (14/14)	207	mở mắt ra	눈을 뜨다	몸 움직임
38	기본 동사 (14/14)	207	cúi đầu xuống	고개를 숙이다	몸 움직임
38	기본 동사 (14/14)	207	ngẩng đầu lên	고개를 들다	몸 움직임
38	기본 동사 (14/14)	207	nhắm mắt vào	눈을 감다	몸 움직임
39	숫자 세기 (1/6)	9	không	0	0~10
39	숫자 세기 (1/6)	9	một	1	0~10
39	숫자 세기 (1/6)	9	hai	2	0~10
39	숫자 세기 (1/6)	9	ba	3	0~10
39	숫자 세기 (1/6)	9	bốn	4	0~10
39	숫자 세기 (1/6)	9	năm	5	0~10
39	숫자 세기 (1/6)	9	sáu	6	0~10
39	숫자 세기 (1/6)	9	bảy	7	0~10
39	숫자 세기 (1/6)	9	tám	8	0~10
39	숫자 세기 (1/6)	9	chín	9	0~10
39	숫자 세기 (1/6)	9	mười	10	0~10
40	숫자 세기 (2/6)	10	mươi	-십(10단위, hai mươi=20)	11~100·백·천·만·억
40	숫자 세기 (2/6)	10	trăm	백	11~100·백·천·만·억
40	숫자 세기 (2/6)	10	nghìn	천	11~100·백·천·만·억
40	숫자 세기 (2/6)	10	triệu	백만	11~100·백·천·만·억
40	숫자 세기 (2/6)	10	mười nghìn	10,000	11~100·백·천·만·억
40	숫자 세기 (2/6)	10	ngàn	1000	11~100·백·천·만·억
40	숫자 세기 (2/6)	10	tỷ	십억	11~100·백·천·만·억
40	숫자 세기 (2/6)	10	lẻ	(101처럼 자릿수가 빌 때 쓰는 말) 영, 홀수의 (linh와 같음)	11~100·백·천·만·억
40	숫자 세기 (2/6)	10	lăm	5의 변형(15·25 등)	11~100·백·천·만·억
40	숫자 세기 (2/6)	10	mốt	1의 변형(21·31 등)	11~100·백·천·만·억
40	숫자 세기 (2/6)	10	hai mươi mốt	21	11~100·백·천·만·억
40	숫자 세기 (2/6)	10	một nghìn	천	11~100·백·천·만·억
40	숫자 세기 (2/6)	10	một triệu	백만	11~100·백·천·만·억
40	숫자 세기 (2/6)	10	một trăm	백	11~100·백·천·만·억
40	숫자 세기 (2/6)	10	một tỷ	십억	11~100·백·천·만·억
41	숫자 세기 (3/6)	11	khoảng	대략, 약	서수·횟수·대략·합계
41	숫자 세기 (3/6)	11	phần	부분	서수·횟수·대략·합계
41	숫자 세기 (3/6)	11	một lần	한 번	서수·횟수·대략·합계
41	숫자 세기 (3/6)	11	hàng trăm	수백	서수·횟수·대략·합계
41	숫자 세기 (3/6)	11	hàng nghìn	수천	서수·횟수·대략·합계
41	숫자 세기 (3/6)	11	tổng cộng	합계, 모두 합해서	서수·횟수·대략·합계
41	숫자 세기 (3/6)	11	hàng chục	수십	서수·횟수·대략·합계
41	숫자 세기 (3/6)	11	tổng số	총수, 총합 / tổng: 전체, số: 수	서수·횟수·대략·합계
41	숫자 세기 (3/6)	11	trên dưới	위아래, 약 ~쯤	서수·횟수·대략·합계
41	숫자 세기 (3/6)	11	hàng chục nghìn	수만	서수·횟수·대략·합계
41	숫자 세기 (3/6)	11	tính	성질, ~성; 계산하다	셈
41	숫자 세기 (3/6)	11	bốn nhân sáu	4 곱하기 6	셈
41	숫자 세기 (3/6)	11	số	숫자	숫자·번호 일반
41	숫자 세기 (3/6)	11	tỉ lệ	비율	숫자·번호 일반
41	숫자 세기 (3/6)	11	mã số	번호, 코드	숫자·번호 일반
42	숫자 세기 (4/6)	136	ký	킬로그램(kg)	단위
42	숫자 세기 (4/6)	136	độ	정도, 도	단위
42	숫자 세기 (4/6)	136	hai ký cam	오렌지 2킬로그램	단위
42	숫자 세기 (4/6)	136	phần trăm	퍼센트	단위
42	숫자 세기 (4/6)	136	mét	미터	단위
42	숫자 세기 (4/6)	136	lít	리터	단위
42	숫자 세기 (4/6)	136	cân	킬로그램	단위
42	숫자 세기 (4/6)	136	gam	그램	단위
42	숫자 세기 (4/6)	136	xăng-ti-mét	센티미터	단위
42	숫자 세기 (4/6)	136	xen-ti-mét	센티미터	단위
42	숫자 세기 (4/6)	136	ki-lô-gam	킬로그램	단위
42	숫자 세기 (4/6)	136	kilômét	킬로미터	단위
42	숫자 세기 (4/6)	136	mililít	밀리리터	단위
42	숫자 세기 (4/6)	136	kilôgam	킬로그램	단위
42	숫자 세기 (4/6)	136	một ký	1킬로그램	단위
42	숫자 세기 (4/6)	136	mét vuông	제곱미터	단위
43	숫자 세기 (5/6)	226	người	명(사람)	세는 말
43	숫자 세기 (5/6)	226	viên	알 (알약·사탕 등을 세는 종별사)	세는 말
43	숫자 세기 (5/6)	226	cái	개(범용)	세는 말
43	숫자 세기 (5/6)	226	thứ	종류, 가지	세는 말
43	숫자 세기 (5/6)	226	bộ	벌·세트	세는 말
43	숫자 세기 (5/6)	226	lần	번(횟수)	세는 말
43	숫자 세기 (5/6)	226	cuộc	회, 판 (대화·모임·경기 등을 세는 말)	세는 말
43	숫자 세기 (5/6)	226	bao	봉지, 가방, 케이스	세는 말
43	숫자 세기 (5/6)	226	con	마리(동물)	세는 말
43	숫자 세기 (5/6)	226	quả	개(과일·둥근것)	세는 말
43	숫자 세기 (5/6)	226	một con	한 마리	세는 말
43	숫자 세기 (5/6)	226	trái	개 (과일을 세는 종별사, 남부 방언 = quả)	세는 말
43	숫자 세기 (5/6)	226	đôi	켤레·쌍	세는 말
44	숫자 세기 (6/6)	208	cuốn	(책 등을 세는 단위) 권	세는 말
44	숫자 세기 (6/6)	208	một cái	한 개	세는 말
44	숫자 세기 (6/6)	208	quyển	권(책)	세는 말
44	숫자 세기 (6/6)	208	chiếc	대(차량·기계·개)	세는 말
44	숫자 세기 (6/6)	208	một ly	한 잔	세는 말
44	숫자 세기 (6/6)	208	tờ	장(종이류)	세는 말
44	숫자 세기 (6/6)	208	trận	(사건 · 재난의) 한 차례, 한 번의	세는 말
44	숫자 세기 (6/6)	208	lá	장 (잎 모양을 세는 종별사)	세는 말
44	숫자 세기 (6/6)	208	điếu	(담배) 대, 개비	세는 말
44	숫자 세기 (6/6)	208	đợt	기간, 한 차례	세는 말
44	숫자 세기 (6/6)	208	que	꼬치, 막대	세는 말
44	숫자 세기 (6/6)	208	nửa quả	(수박) 반개	세는 말
45	학교 (1/3)	56	trường	학교	학교 종류
45	학교 (1/3)	56	đại học	대학교	학교 종류
45	학교 (1/3)	56	trường đại học	대학교	학교 종류
45	학교 (1/3)	56	trung tâm ngoại ngữ	어학원	학교 종류
45	학교 (1/3)	56	trường học	학교	학교 종류
45	학교 (1/3)	56	học viện	학원, 학습원(교육 기관)	학교 종류
45	학교 (1/3)	56	tiểu học	초등학교	학교 종류
45	학교 (1/3)	56	bách khoa	이공계, 공과대	학교 종류
45	학교 (1/3)	56	cao học	대학원	학교 종류
45	학교 (1/3)	56	trường mẫu giáo	유치원	학교 종류
45	학교 (1/3)	56	trung học phổ thông	고등학교	학교 종류
45	학교 (1/3)	56	trung học cơ sở	중학교	학교 종류
45	학교 (1/3)	56	trường học phổ thông	일반 중고등학교	학교 종류
46	학교 (2/3)	57	bảng	칠판	교실·수업·반
46	학교 (2/3)	57	lớp	교실, 반	교실·수업·반
46	학교 (2/3)	57	lớp học	교실, 수업(반)	교실·수업·반
46	학교 (2/3)	57	phòng học	교실	교실·수업·반
46	학교 (2/3)	57	lớp chúng ta	우리 반	교실·수업·반
46	학교 (2/3)	57	khóa	과정, 기간	교실·수업·반
46	학교 (2/3)	57	giảng	설명하다	교실·수업·반
46	학교 (2/3)	57	khóa học	과정	교실·수업·반
46	학교 (2/3)	57	học thêm	추가로 배우다, 과외	교실·수업·반
46	학교 (2/3)	57	chủ nhiệm	책임자	교실·수업·반
46	학교 (2/3)	57	buổi học	수업시간	교실·수업·반
46	학교 (2/3)	57	trốn học	수업을 빼먹다 · 도망가다	교실·수업·반
46	학교 (2/3)	57	tiết học	수업(교시)	교실·수업·반
46	학교 (2/3)	57	xếp lớp	반을 편성하다	교실·수업·반
46	학교 (2/3)	57	đi dạy thêm	과외하러 가다	교실·수업·반
46	학교 (2/3)	57	phòng thực hành	실습실	교실·수업·반
47	학교 (3/3)	140	năm học	학년	학기·학년·시간표·개강
47	학교 (3/3)	140	tốt nghiệp	졸업하다	학기·학년·시간표·개강
47	학교 (3/3)	140	học kỳ	학기	학기·학년·시간표·개강
47	학교 (3/3)	140	khai giảng	개강 · 개학	학기·학년·시간표·개강
47	학교 (3/3)	140	thời gian biểu	일정표, 시간표	학기·학년·시간표·개강
47	학교 (3/3)	140	thời khóa biểu	시간표	학기·학년·시간표·개강
47	학교 (3/3)	140	miễn	면제하다	학비·장학금·기숙사
47	학교 (3/3)	140	học bổng	장학금	학비·장학금·기숙사
47	학교 (3/3)	140	học phí	학비	학비·장학금·기숙사
47	학교 (3/3)	140	ký túc xá	기숙사	학비·장학금·기숙사
47	학교 (3/3)	140	nghỉ học	휴학하다	교육 일반·학교 행정
47	학교 (3/3)	140	giáo dục	교육	교육 일반·학교 행정
47	학교 (3/3)	140	thất học	배우지 못한, 미취학의	교육 일반·학교 행정
47	학교 (3/3)	140	phòng đào tạo	교육실 · 교무처	교육 일반·학교 행정
47	학교 (3/3)	140	cổng trường	학교 정문	학교 시설
48	공부 (1/7)	168	học	배우다, 공부하다	배우다·외우다·복습·연습
48	공부 (1/7)	168	bài	과, 단원	배우다·외우다·복습·연습
48	공부 (1/7)	168	thuộc	외우다,속하다	배우다·외우다·복습·연습
48	공부 (1/7)	168	dạy	가르치다	배우다·외우다·복습·연습
48	공부 (1/7)	168	học chăm chỉ	열심히 공부하다	배우다·외우다·복습·연습
48	공부 (1/7)	168	học bài	공부하다, 과를 익히다	배우다·외우다·복습·연습
48	공부 (1/7)	168	thực hành	실제로 하다 · 연습하다	배우다·외우다·복습·연습
48	공부 (1/7)	168	tập	연습하다, 익히다	배우다·외우다·복습·연습
48	공부 (1/7)	168	luyện	연습하다	배우다·외우다·복습·연습
49	공부 (2/7)	169	tập trung	집중하다	배우다·외우다·복습·연습
49	공부 (2/7)	169	nghiên cứu	연구하다	배우다·외우다·복습·연습
49	공부 (2/7)	169	bài nào	어떤 과	배우다·외우다·복습·연습
49	공부 (2/7)	169	bài học	(교과) 과·레슨	배우다·외우다·복습·연습
49	공부 (2/7)	169	học tập	학습하다	배우다·외우다·복습·연습
49	공부 (2/7)	169	tra cứu	찾아보다, 조회하다	배우다·외우다·복습·연습
49	공부 (2/7)	169	ôn tập	복습하다	배우다·외우다·복습·연습
49	공부 (2/7)	169	lười học	공부를 게을리하다	배우다·외우다·복습·연습
49	공부 (2/7)	169	giờ tự học	자습 시간	배우다·외우다·복습·연습
50	공부 (3/7)	170	điểm	점수	시험·숙제·합격·불합격·점수
50	공부 (3/7)	170	điền vào	채워넣다	시험·숙제·합격·불합격·점수
50	공부 (3/7)	170	bài tập	연습문제	시험·숙제·합격·불합격·점수
50	공부 (3/7)	170	thi	시험(을 보다)	시험·숙제·합격·불합격·점수
50	공부 (3/7)	170	bài kiểm tra	시험	시험·숙제·합격·불합격·점수
50	공부 (3/7)	170	trượt	시험에 떨어지다 · 미끄러지다	시험·숙제·합격·불합격·점수
50	공부 (3/7)	170	đỗ	시험에 붙다 · 합격하다	시험·숙제·합격·불합격·점수
50	공부 (3/7)	170	kỳ thi	시험	시험·숙제·합격·불합격·점수
50	공부 (3/7)	170	luận án	박사 논문	시험·숙제·합격·불합격·점수
50	공부 (3/7)	170	hoãn thi	시험을 연기하다	시험·숙제·합격·불합격·점수
50	공부 (3/7)	170	thi đỗ	시험에 합격하다	시험·숙제·합격·불합격·점수
50	공부 (3/7)	170	thi vấn đáp	구술 시험	시험·숙제·합격·불합격·점수
50	공부 (3/7)	170	đủ bài tập	숙제를 다 하다	시험·숙제·합격·불합격·점수
50	공부 (3/7)	170	bảo vệ luận án	논문 심사를 받다	시험·숙제·합격·불합격·점수
50	공부 (3/7)	170	kết quả học tập	학습 결과	시험·숙제·합격·불합격·점수
51	공부 (4/7)	171	câu hỏi	질문	질문·대답
51	공부 (4/7)	171	trả lời câu hỏi	질문에 대답하다	질문·대답
51	공부 (4/7)	171	nhân văn	인문(대학) (trường Nhân văn = 인문대)	과목·전공
51	공부 (4/7)	171	khoa	학과, 단과대학	과목·전공
51	공부 (4/7)	171	khoa học	과학	과목·전공
51	공부 (4/7)	171	sư phạm	사범, 교육학	과목·전공
51	공부 (4/7)	171	toán	수학	과목·전공
51	공부 (4/7)	171	môn	과목, 분야	과목·전공
51	공부 (4/7)	171	chuyên	전공하다, 전문으로 하다	과목·전공
51	공부 (4/7)	171	y học	의학	과목·전공
51	공부 (4/7)	171	địa lý	지리	과목·전공
51	공부 (4/7)	171	chuyên ngành	전공	과목·전공
51	공부 (4/7)	171	triết học	철학	과목·전공
51	공부 (4/7)	171	chuyên đề	주제 · 테마	과목·전공
51	공부 (4/7)	171	nhóm ngành	전공계열	과목·전공
52	공부 (5/7)	242	thanh	성조, 소리; 막대 모양의 것	문법 용어
52	공부 (5/7)	242	kết cấu	구성하다	문법 용어
52	공부 (5/7)	242	phát âm	발음	문법 용어
52	공부 (5/7)	242	danh từ	명사	문법 용어
52	공부 (5/7)	242	biểu thị	표시	문법 용어
52	공부 (5/7)	242	tính từ	형용사	문법 용어
52	공부 (5/7)	242	động từ	동사	문법 용어
52	공부 (5/7)	242	phó từ	부사	문법 용어
52	공부 (5/7)	242	cụm từ	구, 어구	문법 용어
52	공부 (5/7)	242	láy	첩어(từ láy), 반복어	문법 용어
53	공부 (6/7)	209	mệnh lệnh	명령문	문법 용어
53	공부 (6/7)	209	ngữ pháp	문법	문법 용어
53	공부 (6/7)	209	mẫu câu	예문 · 문형	문법 용어
53	공부 (6/7)	209	thán từ	감탄사	문법 용어
53	공부 (6/7)	209	trạng từ	부사	문법 용어
53	공부 (6/7)	209	các cấu trúc	문법 틀	문법 용어
53	공부 (6/7)	209	câu trực tiếp	직접화법	문법 용어
53	공부 (6/7)	209	câu trần thuật	평서문	문법 용어
53	공부 (6/7)	209	so sánh bằng	동급	문법 용어
53	공부 (6/7)	209	nhấn mạnh cảm xúc	감정을 강조하다	문법 용어
54	공부 (7/7)	210	sách	책	학용품
54	공부 (7/7)	210	vở	공책	학용품
54	공부 (7/7)	210	bút	펜	학용품
54	공부 (7/7)	210	từ điển	사전	학용품
54	공부 (7/7)	210	sổ	수첩, 공책	학용품
54	공부 (7/7)	210	sổ tay	수첩	학용품
54	공부 (7/7)	210	cặp sách	책가방	학용품
54	공부 (7/7)	210	giáo trình	교과서	학용품
54	공부 (7/7)	210	quyển vở	공책	학용품
54	공부 (7/7)	210	hộp bút	필통	학용품
54	공부 (7/7)	210	văn phòng phẩm	문구류	학용품
55	읽고 쓰기 (1/3)	59	từ	단어, 단어	글자·단어·문장·쉼표
55	읽고 쓰기 (1/3)	59	câu	문장	글자·단어·문장·쉼표
55	읽고 쓰기 (1/3)	59	lời	말. 용어	글자·단어·문장·쉼표
55	읽고 쓰기 (1/3)	59	đoạn	부분, 조각	글자·단어·문장·쉼표
55	읽고 쓰기 (1/3)	59	chữ	글자	글자·단어·문장·쉼표
55	읽고 쓰기 (1/3)	59	bảng chữ cái	알파벳, 자모표	글자·단어·문장·쉼표
55	읽고 쓰기 (1/3)	59	thêm từ	단어 추가	글자·단어·문장·쉼표
55	읽고 쓰기 (1/3)	59	ngoặc	괄호	글자·단어·문장·쉼표
55	읽고 쓰기 (1/3)	59	nghĩa	뜻, 의미	글자·단어·문장·쉼표
55	읽고 쓰기 (1/3)	59	chủ đề	주제	글자·단어·문장·쉼표
55	읽고 쓰기 (1/3)	59	từ mới	새 단어	글자·단어·문장·쉼표
55	읽고 쓰기 (1/3)	59	từ vựng	어휘	글자·단어·문장·쉼표
55	읽고 쓰기 (1/3)	59	dấu phẩy	쉼표	글자·단어·문장·쉼표
55	읽고 쓰기 (1/3)	59	chữ Hán	한자	글자·단어·문장·쉼표
55	읽고 쓰기 (1/3)	59	câu ví dụ	예문	글자·단어·문장·쉼표
55	읽고 쓰기 (1/3)	59	ví dụ câu	예문	글자·단어·문장·쉼표
56	읽고 쓰기 (2/3)	211	đọc	읽다	읽다·쓰다·번역·통역
56	읽고 쓰기 (2/3)	211	viết	쓰다	읽다·쓰다·번역·통역
56	읽고 쓰기 (2/3)	211	dịch	통역하다, 번역하다	읽다·쓰다·번역·통역
56	읽고 쓰기 (2/3)	211	phiên dịch	통역	읽다·쓰다·번역·통역
56	읽고 쓰기 (2/3)	211	viết thư	편지를 쓰다	읽다·쓰다·번역·통역
56	읽고 쓰기 (2/3)	211	sửa lỗi	수정하다	읽다·쓰다·번역·통역
56	읽고 쓰기 (2/3)	211	chính tả	받아쓰기, 맞춤법	읽다·쓰다·번역·통역
57	읽고 쓰기 (3/3)	212	báo	신문	종이·편지·엽서·신문·자료
57	읽고 쓰기 (3/3)	212	thư	편지	종이·편지·엽서·신문·자료
57	읽고 쓰기 (3/3)	212	trang	쪽, 페이지	종이·편지·엽서·신문·자료
57	읽고 쓰기 (3/3)	212	thông báo	공지, 안내문	종이·편지·엽서·신문·자료
57	읽고 쓰기 (3/3)	212	tài liệu	자료, 문서	종이·편지·엽서·신문·자료
57	읽고 쓰기 (3/3)	212	bản	버전, 판	종이·편지·엽서·신문·자료
57	읽고 쓰기 (3/3)	212	giấy	종이	종이·편지·엽서·신문·자료
57	읽고 쓰기 (3/3)	212	báo chí	언론	종이·편지·엽서·신문·자료
57	읽고 쓰기 (3/3)	212	tham khảo	참고하다 · 참조하다	종이·편지·엽서·신문·자료
57	읽고 쓰기 (3/3)	212	gửi thư	편지를 보내다	종이·편지·엽서·신문·자료
57	읽고 쓰기 (3/3)	212	bưu thiếp	엽서	종이·편지·엽서·신문·자료
58	직업 (1/4)	147	nghề	직업	직업 일반
58	직업 (1/4)	147	làm nghề	(직업으로) ~일을 하다	직업 일반
58	직업 (1/4)	147	làm nội trợ	가사 일을 하다, 주부로 지내다	직업 일반
58	직업 (1/4)	147	nghề nghiệp	직업	직업 일반
58	직업 (1/4)	147	chuyên gia	전문가	직업 일반
58	직업 (1/4)	147	học viên	학습자, 학생	교사·학생
58	직업 (1/4)	147	sinh viên	대학생	교사·학생
58	직업 (1/4)	147	giáo viên	선생님	교사·학생
58	직업 (1/4)	147	cô giáo	여선생님	교사·학생
58	직업 (1/4)	147	học sinh	학생(초중고)	교사·학생
58	직업 (1/4)	147	giáo sư	교수	교사·학생
58	직업 (1/4)	147	giảng viên	강사, 강의자	교사·학생
58	직업 (1/4)	147	nhà giáo	교육자, 교사	교사·학생
58	직업 (1/4)	147	trợ lý giáo vụ	교무 보조 · 조교	교사·학생
59	직업 (2/4)	187	thư ký	비서	회사원·사장·직원·비서
59	직업 (2/4)	187	kế toán	회계사, 회계	회사원·사장·직원·비서
59	직업 (2/4)	187	nhân viên công ty	회사원	회사원·사장·직원·비서
59	직업 (2/4)	187	giám đốc	사장	회사원·사장·직원·비서
59	직업 (2/4)	187	chủ	주인·사장	회사원·사장·직원·비서
59	직업 (2/4)	187	chủ quán	가게 주인	회사원·사장·직원·비서
59	직업 (2/4)	187	quản lý	관리하다; 매니저	회사원·사장·직원·비서
59	직업 (2/4)	187	ông chủ	사장님, 주인	회사원·사장·직원·비서
59	직업 (2/4)	187	viện trưởng	원장	회사원·사장·직원·비서
59	직업 (2/4)	187	viện phó	부원장	회사원·사장·직원·비서
59	직업 (2/4)	187	phó viện trưởng	부원장	회사원·사장·직원·비서
59	직업 (2/4)	187	chủ quán cà phê	카페 사장	회사원·사장·직원·비서
60	직업 (3/4)	253	bác sĩ	의사	의사·경찰·군인·공무원
60	직업 (3/4)	253	bảo vệ	경비원	의사·경찰·군인·공무원
60	직업 (3/4)	253	quân đội	군대	의사·경찰·군인·공무원
60	직업 (3/4)	253	vũ trang	무장하다	의사·경찰·군인·공무원
60	직업 (3/4)	253	nhập ngũ	입대하다	의사·경찰·군인·공무원
60	직업 (3/4)	253	công an	경찰(공안)	의사·경찰·군인·공무원
60	직업 (3/4)	253	lính cứu hỏa	소방관	의사·경찰·군인·공무원
60	직업 (3/4)	253	công an giao thông	교통경찰	의사·경찰·군인·공무원
60	직업 (3/4)	253	kỹ sư	엔지니어, 기술자	기술자·장인·농부·노동자
60	직업 (3/4)	253	nông dân	농부	기술자·장인·농부·노동자
60	직업 (3/4)	253	thợ	장인·기술자	기술자·장인·농부·노동자
60	직업 (3/4)	253	công nhân	노동자	기술자·장인·농부·노동자
60	직업 (3/4)	253	thợ mộc	목수	기술자·장인·농부·노동자
60	직업 (3/4)	253	thợ xây	건설 노동자	기술자·장인·농부·노동자
60	직업 (3/4)	253	thợ điện	전기 기사	기술자·장인·농부·노동자
60	직업 (3/4)	253	làm ruộng	농사짓다	기술자·장인·농부·노동자
61	직업 (4/4)	52	tài xế	운전기사	예술·서비스
61	직업 (4/4)	52	đạo diễn	연출하다	예술·서비스
61	직업 (4/4)	52	đầu bếp	요리사	예술·서비스
61	직업 (4/4)	52	nhà văn	작가	예술·서비스
61	직업 (4/4)	52	ca sĩ	가수	예술·서비스
61	직업 (4/4)	52	họa sĩ	화가	예술·서비스
61	직업 (4/4)	52	giúp việc	가사도우미	예술·서비스
61	직업 (4/4)	52	người giúp việc	가사도우미	예술·서비스
61	직업 (4/4)	52	thợ cắt tóc	미용사	예술·서비스
61	직업 (4/4)	52	nhân viên giao hàng	배달원	예술·서비스
61	직업 (4/4)	52	về hưu	은퇴하다	은퇴·실업·구직
61	직업 (4/4)	52	nghỉ hưu	은퇴하다	은퇴·실업·구직
61	직업 (4/4)	52	lý lịch	이력, 신상 정보	은퇴·실업·구직
61	직업 (4/4)	52	thất nghiệp	실업, 실직하다	은퇴·실업·구직
61	직업 (4/4)	52	xin việc	구직하다, 일자리를 구하다	은퇴·실업·구직
62	일 (1/4)	53	việc	일 (동명사화 표지)	일·회사·사무실·직장
62	일 (1/4)	53	làm việc	일하다	일·회사·사무실·직장
62	일 (1/4)	53	công ty	회사	일·회사·사무실·직장
62	일 (1/4)	53	công việc	일·업무	일·회사·사무실·직장
62	일 (1/4)	53	văn phòng	사무실	일·회사·사무실·직장
62	일 (1/4)	53	cơ quan	기관, 직장	일·회사·사무실·직장
62	일 (1/4)	53	kiếm tiền	돈을 벌다	일·회사·사무실·직장
62	일 (1/4)	53	phòng làm việc	작업실, 사무실(업무를 보는 방)	일·회사·사무실·직장
62	일 (1/4)	53	phòng họp	회의실	일·회사·사무실·직장
62	일 (1/4)	53	trực thuộc	~에 속한	일·회사·사무실·직장
62	일 (1/4)	53	đồng nghiệp	동료	직장 사람
62	일 (1/4)	53	sếp	상사	직장 사람
62	일 (1/4)	53	đối tác	협력 상대, 파트너	직장 사람
62	일 (1/4)	53	bạn đồng nghiệp	직장 동료	직장 사람
63	일 (2/4)	54	đi làm	출근하다	출근·퇴근·야근·휴가
63	일 (2/4)	54	Kỳ nghỉ	휴가	출근·퇴근·야근·휴가
63	일 (2/4)	54	ngoài giờ	시간 외 업무	출근·퇴근·야근·휴가
63	일 (2/4)	54	tan làm	퇴근하다	출근·퇴근·야근·휴가
63	일 (2/4)	54	làm thêm giờ	야근하다	출근·퇴근·야근·휴가
63	일 (2/4)	54	bận	바쁘다	바쁘다·수고
63	일 (2/4)	54	vất vả	~하느라고 고생했다	바쁘다·수고
63	일 (2/4)	54	bận rộn	바쁜	바쁘다·수고
63	일 (2/4)	54	vất vả rồi	수고했어	바쁘다·수고
63	일 (2/4)	54	chúc làm việc vui vẻ	수고하세요(일 잘하세요)	바쁘다·수고
64	일 (3/4)	213	công tác	출장 · 업무	회사 업무
64	일 (3/4)	213	nhiệm vụ	임무	회사 업무
64	일 (3/4)	213	xử lý	처리하다	회사 업무
64	일 (3/4)	213	hợp tác	협력하다	회사 업무
64	일 (3/4)	213	điều hành	운영하다 · 관리하다	회사 업무
64	일 (3/4)	213	thương lượng	협상하다	회사 업무
64	일 (3/4)	213	Đàm phán	협상	회사 업무
64	일 (3/4)	213	Vắng mặt	결석 / 불참	회사 업무
64	일 (3/4)	213	thuyết trình	발표하다, 설명하다	회사 업무
64	일 (3/4)	213	khảo sát	조사하다, 설문하다	회사 업무
64	일 (3/4)	213	tiếp khách	손님 응대	회사 업무
64	일 (3/4)	213	hạn chót	마감일	회사 업무
64	일 (3/4)	213	chịu trách nhiệm	책임을 지다	회사 업무
65	일 (4/4)	214	phát triển	발전(하다)	산업·경제
65	일 (4/4)	214	kinh tế	경제	산업·경제
65	일 (4/4)	214	thiết kế	설계하다	산업·경제
65	일 (4/4)	214	kinh doanh	사업하다, 경영하다	산업·경제
65	일 (4/4)	214	sản xuất	생산하다	산업·경제
65	일 (4/4)	214	nhà máy	공장	산업·경제
65	일 (4/4)	214	dịch vụ	서비스	산업·경제
65	일 (4/4)	214	mạng lưới	네트워크	산업·경제
65	일 (4/4)	214	nhu cầu	수요	산업·경제
65	일 (4/4)	214	cạnh tranh	경쟁하다	산업·경제
65	일 (4/4)	214	tiêu thụ	소비하다	산업·경제
65	일 (4/4)	214	đáp ứng nhu cầu	요구에 부응하다	산업·경제
66	시간 (1/3)	12	đúng	정각	시·분·초·몇 시·정각·반
66	시간 (1/3)	12	giờ	시	시·분·초·몇 시·정각·반
66	시간 (1/3)	12	lúc	~시에, ~할 때	시·분·초·몇 시·정각·반
66	시간 (1/3)	12	phút	분	시·분·초·몇 시·정각·반
66	시간 (1/3)	12	mấy giờ	몇 시	시·분·초·몇 시·정각·반
66	시간 (1/3)	12	rưỡi	반(30분)	시·분·초·몇 시·정각·반
66	시간 (1/3)	12	giây	초	시·분·초·몇 시·정각·반
66	시간 (1/3)	12	giờ đúng	~시 정각	시·분·초·몇 시·정각·반
67	시간 (2/3)	13	buổi	때, 시간대	아침·점심·저녁·밤·새벽
67	시간 (2/3)	13	tối	저녁	아침·점심·저녁·밤·새벽
67	시간 (2/3)	13	buổi tối	저녁	아침·점심·저녁·밤·새벽
67	시간 (2/3)	13	sáng	아침·오전	아침·점심·저녁·밤·새벽
67	시간 (2/3)	13	chiều	오후	아침·점심·저녁·밤·새벽
67	시간 (2/3)	13	buổi chiều	오후	아침·점심·저녁·밤·새벽
67	시간 (2/3)	13	trưa	정오	아침·점심·저녁·밤·새벽
67	시간 (2/3)	13	buổi sáng	아침때	아침·점심·저녁·밤·새벽
67	시간 (2/3)	13	đêm	밤	아침·점심·저녁·밤·새벽
67	시간 (2/3)	13	khuya	(밤이) 깊다, 늦은	아침·점심·저녁·밤·새벽
67	시간 (2/3)	13	buổi trưa	점심때, 낮	아침·점심·저녁·밤·새벽
67	시간 (2/3)	13	Ban đêm	밤	아침·점심·저녁·밤·새벽
67	시간 (2/3)	13	ban ngày	낮에 · 주간에	아침·점심·저녁·밤·새벽
67	시간 (2/3)	13	bình minh	새벽	아침·점심·저녁·밤·새벽
67	시간 (2/3)	13	hoàng hôn	황혼	아침·점심·저녁·밤·새벽
67	시간 (2/3)	13	rạng sáng	새벽	아침·점심·저녁·밤·새벽
68	시간 (3/3)	14	bây giờ	지금	지금·그때
68	시간 (3/3)	14	lúc đó	그때	지금·그때
68	시간 (3/3)	14	lúc này	이때·지금	지금·그때
68	시간 (3/3)	14	thời gian	시간	시간이 걸리다·얼마나 오래
68	시간 (3/3)	14	mấy tiếng	몇 시간	시간이 걸리다·얼마나 오래
68	시간 (3/3)	14	bao lâu	얼마나 오래	시간이 걸리다·얼마나 오래
68	시간 (3/3)	14	kéo dài	길어지다, 연장되다	시간이 걸리다·얼마나 오래
68	시간 (3/3)	14	tạm	잠시, 임시의	시간이 걸리다·얼마나 오래
68	시간 (3/3)	14	cả ngày	하루종일	시간이 걸리다·얼마나 오래
68	시간 (3/3)	14	suốt ngày	하루종일	시간이 걸리다·얼마나 오래
68	시간 (3/3)	14	một thời gian	한동안	시간이 걸리다·얼마나 오래
68	시간 (3/3)	14	trôi	흐르다	시간이 걸리다·얼마나 오래
68	시간 (3/3)	14	một lúc	일시적으로, 잠깐	시간이 걸리다·얼마나 오래
68	시간 (3/3)	14	còn lâu	더 오랫동안	시간이 걸리다·얼마나 오래
68	시간 (3/3)	14	suốt tối	저녁 내내	시간이 걸리다·얼마나 오래
68	시간 (3/3)	14	giờ giấc	시간 관념	시간 지키기·시간 관념
69	하루 (1/2)	55	ngủ	자다	일어나다·자다·졸리다
69	하루 (1/2)	55	đi ngủ	자러 가다	일어나다·자다·졸리다
69	하루 (1/2)	55	dậy	일어나다	일어나다·자다·졸리다
69	하루 (1/2)	55	thức dậy	일어나다	일어나다·자다·졸리다
69	하루 (1/2)	55	buồn ngủ	졸리다	일어나다·자다·졸리다
69	하루 (1/2)	55	thức khuya	밤늦도록 깨어있다	일어나다·자다·졸리다
69	하루 (1/2)	55	buồn ngủ quá	너무 졸리다	일어나다·자다·졸리다
69	하루 (1/2)	55	ngủ ngon	잘 자다	일어나다·자다·졸리다
69	하루 (1/2)	55	tỉnh táo	잠이 깬	일어나다·자다·졸리다
69	하루 (1/2)	55	ngủ gật	꾸벅꾸벅 졸다	일어나다·자다·졸리다
69	하루 (1/2)	55	ngủ dậy	잠에서 깨다	일어나다·자다·졸리다
69	하루 (1/2)	55	ngủ thiếp đi	잠들다	일어나다·자다·졸리다
69	하루 (1/2)	55	đặt báo thức	알람을 설정하다	일어나다·자다·졸리다
69	하루 (1/2)	55	đánh răng	양치하다	씻다·양치·샤워
69	하루 (1/2)	55	tắm	샤워하다	씻다·양치·샤워
69	하루 (1/2)	55	tắm rửa	씻다	씻다·양치·샤워
70	하루 (2/2)	240	ăn tối	저녁먹다	아침·점심·저녁 먹다
70	하루 (2/2)	240	ăn sáng	아침먹다	아침·점심·저녁 먹다
70	하루 (2/2)	240	ăn trưa	점심먹다	아침·점심·저녁 먹다
70	하루 (2/2)	240	mệt	피곤하다	쉬다·피곤하다·한가하다
70	하루 (2/2)	240	nghỉ	쉬다	쉬다·피곤하다·한가하다
70	하루 (2/2)	240	nghỉ ngơi	휴식하다	쉬다·피곤하다·한가하다
70	하루 (2/2)	240	rảnh	한가하다	쉬다·피곤하다·한가하다
70	하루 (2/2)	240	nghỉ một chút	잠깐 쉬다	쉬다·피곤하다·한가하다
70	하루 (2/2)	240	mệt mỏi	피곤하다, 지치다	쉬다·피곤하다·한가하다
70	하루 (2/2)	240	rỗi	한가하다	쉬다·피곤하다·한가하다
70	하루 (2/2)	240	đỡ mệt	덜 힘들다 · 덜 피곤하다	쉬다·피곤하다·한가하다
70	하루 (2/2)	240	lịch	일정, 스케줄	일정·습관
70	하루 (2/2)	240	dự định	계획하다	일정·습관
70	하루 (2/2)	240	lịch trình	일정	일정·습관
70	하루 (2/2)	240	đời sống	생활	일정·습관
71	식사 (1/2)	177	ăn	먹다	먹다·마시다·씹다·물다
71	식사 (1/2)	177	uống	마시다	먹다·마시다·씹다·물다
71	식사 (1/2)	177	ăn thịt	고기를 먹다	먹다·마시다·씹다·물다
71	식사 (1/2)	177	nhai	씹다	먹다·마시다·씹다·물다
71	식사 (1/2)	177	đói	배고프다	배고프다·배부르다·목마르다
71	식사 (1/2)	177	no	배부르다	배고프다·배부르다·목마르다
71	식사 (1/2)	177	khát	목마르다	배고프다·배부르다·목마르다
71	식사 (1/2)	177	đói quá	너무 배고프다	배고프다·배부르다·목마르다
71	식사 (1/2)	177	giải khát	갈증을 해소하다	배고프다·배부르다·목마르다
71	식사 (1/2)	177	thèm chân gà	닭발이 먹고 싶다	배고프다·배부르다·목마르다
71	식사 (1/2)	177	thèm đồ ăn cay	매운 음식이 먹고 싶다	배고프다·배부르다·목마르다
72	식사 (2/2)	248	bữa	끼니, 식사(한 끼)	끼니·식사·야식
72	식사 (2/2)	248	bữa ăn	식사, 끼니	끼니·식사·야식
72	식사 (2/2)	248	bữa sáng	아침 식사	끼니·식사·야식
72	식사 (2/2)	248	bữa tối	저녁 식사	끼니·식사·야식
72	식사 (2/2)	248	bữa trưa	점심 식사	끼니·식사·야식
72	식사 (2/2)	248	bữa khuya	야식	끼니·식사·야식
72	식사 (2/2)	248	căng tin	구내식당	자리·예약·구내식당
72	식사 (2/2)	248	đặt bàn	자리(테이블)를 예약하다	자리·예약·구내식당
72	식사 (2/2)	248	chỗ ngồi	좌석	자리·예약·구내식당
72	식사 (2/2)	248	bàn trống	빈자리	자리·예약·구내식당
72	식사 (2/2)	248	ăn thêm đi	더 드세요	식사 인사
72	식사 (2/2)	248	ăn ngon nhé	맛있게 먹어	식사 인사
72	식사 (2/2)	248	cảm ơn, ngon lắm	잘 먹었습니다	식사 인사
72	식사 (2/2)	248	mời cả nhà ăn cơm	다 같이 식사하세요(식사 전 인사)	식사 인사
73	동네 (1/2)	49	phố	거리, 번화가	거리·골목·구역·동
73	동네 (1/2)	49	quận	군, 구(행정 단위)	거리·골목·구역·동
73	동네 (1/2)	49	khu	구역	거리·골목·구역·동
73	동네 (1/2)	49	khu vực	구역	거리·골목·구역·동
73	동네 (1/2)	49	hẻm	골목	거리·골목·구역·동
73	동네 (1/2)	49	ngõ	골목길	거리·골목·구역·동
73	동네 (1/2)	49	khu phố	동네, 거리 구역	거리·골목·구역·동
73	동네 (1/2)	49	dân cư	주민 · 거주자	거리·골목·구역·동
73	동네 (1/2)	49	phố chuyên	전문 거리	거리·골목·구역·동
73	동네 (1/2)	49	khu dân cư	주거 지역	거리·골목·구역·동
73	동네 (1/2)	49	khu công nghiệp	산업단지	거리·골목·구역·동
74	동네 (2/2)	138	công viên	공원	동네 시설
74	동네 (2/2)	138	cửa hàng tiện lợi	편의점	동네 시설
74	동네 (2/2)	138	sân chơi	놀이터	동네 시설
74	동네 (2/2)	138	khu vui chơi	놀이 공간, 놀이터	동네 시설
74	동네 (2/2)	138	phòng bảo vệ	경비실	동네 시설
74	동네 (2/2)	138	tiệm cắt tóc	미용실	동네 시설
74	동네 (2/2)	138	hiệu cầm đồ	전당포	동네 시설
74	동네 (2/2)	138	hiệu cắt tóc	미용실	동네 시설
74	동네 (2/2)	138	phòng thường trực	당직실 · 경비실	동네 시설
74	동네 (2/2)	138	xã	마을, 읍, 사회	시내·교외·도심·읍
74	동네 (2/2)	138	trung tâm	중심, 센터	시내·교외·도심·읍
74	동네 (2/2)	138	ngoại thành	교외 · 외곽	시내·교외·도심·읍
74	동네 (2/2)	138	phố cổ	구 시가지	시내·교외·도심·읍
74	동네 (2/2)	138	nội thành	시내 · 도심	시내·교외·도심·읍
74	동네 (2/2)	138	thị xã	읍, 소도시	시내·교외·도심·읍
74	동네 (2/2)	138	nội ô	도심 · 시내 중심부	시내·교외·도심·읍
75	장소 (1/2)	165	chỗ	곳, 장소	장소 일반
75	장소 (1/2)	165	địa điểm	장소	장소 일반
75	장소 (1/2)	165	nơi	장소, 곳	장소 일반
75	장소 (1/2)	165	nhiều nơi	여러 곳, 많은 장소	장소 일반
75	장소 (1/2)	165	nơi hiếm hoi	희귀한 곳, 드문 장소	장소 일반
75	장소 (1/2)	165	đài truyền hình	방송국, 텔레비전 방송국	공공시설
75	장소 (1/2)	165	bảo tàng	박물관	공공시설
75	장소 (1/2)	165	thư viện	도서관	공공시설
75	장소 (1/2)	165	nhà hát	극장, 공연장	공공시설
75	장소 (1/2)	165	rạp phim	영화관	공공시설
75	장소 (1/2)	165	viện bảo tàng	박물관	공공시설
75	장소 (1/2)	165	rạp chiếu phim	영화관	공공시설
75	장소 (1/2)	165	cung văn hóa	문화센터	공공시설
75	장소 (1/2)	165	nhà hát múa rối	인형극 극장	공공시설
76	장소 (2/2)	166	nhà thờ	성당, 교회	종교·문화
76	장소 (2/2)	166	chùa	절	종교·문화
76	장소 (2/2)	166	đền	사당, 신전	종교·문화
76	장소 (2/2)	166	chùa chiền	절, 사원	종교·문화
76	장소 (2/2)	166	đền chùa	사원, 절	종교·문화
76	장소 (2/2)	166	hồ bơi	수영장	운동·여가 시설
76	장소 (2/2)	166	bể bơi	수영장	운동·여가 시설
76	장소 (2/2)	166	trường đua	경주장 · 트랙	운동·여가 시설
76	장소 (2/2)	166	sân gôn	골프장	운동·여가 시설
76	장소 (2/2)	166	sân vận động	경기장	운동·여가 시설
76	장소 (2/2)	166	nhà thi đấu	체육관	운동·여가 시설
76	장소 (2/2)	166	nhà thể thao	체육관	운동·여가 시설
77	고향·지역 (1/2)	113	thành phố	도시	도시·시골·마을
77	고향·지역 (1/2)	113	làng	마을	도시·시골·마을
77	고향·지역 (1/2)	113	thành thị	도시의	도시·시골·마을
77	고향·지역 (1/2)	113	nông thôn	시골·농촌	도시·시골·마을
77	고향·지역 (1/2)	113	làng nghề	수공예 전통 마을	도시·시골·마을
77	고향·지역 (1/2)	113	quê	고향	고향·지방·수도
77	고향·지역 (1/2)	113	về quê	귀향하다	고향·지방·수도
77	고향·지역 (1/2)	113	vùng	지역, 구역	고향·지방·수도
77	고향·지역 (1/2)	113	tỉnh	성(행정구역)	고향·지방·수도
77	고향·지역 (1/2)	113	địa phương	지역, 지방	고향·지방·수도
77	고향·지역 (1/2)	113	quê hương	고향	고향·지방·수도
77	고향·지역 (1/2)	113	thủ đô	수도	고향·지방·수도
77	고향·지역 (1/2)	113	kinh đô	수도	고향·지방·수도
77	고향·지역 (1/2)	113	từng vùng	각 지역, 지역마다	고향·지방·수도
78	고향·지역 (2/2)	114	Thành phố Hồ Chí Minh	호찌민시	베트남 지역 이름
78	고향·지역 (2/2)	114	Hà Nội	하노이	베트남 지역 이름
78	고향·지역 (2/2)	114	Đà Nẵng	다낭	베트남 지역 이름
78	고향·지역 (2/2)	114	miền Nam	베트남 남부 지역	베트남 지역 이름
78	고향·지역 (2/2)	114	miền Bắc	베트남 북부 지역	베트남 지역 이름
78	고향·지역 (2/2)	114	Tây Nguyên	서원(베트남 고원지대)	베트남 지역 이름
78	고향·지역 (2/2)	114	phía Nam Trung Bộ	베트남 남중부 지역	베트남 지역 이름
78	고향·지역 (2/2)	114	phía Tây Bắc Bộ	베트남 서북부 지역	베트남 지역 이름
79	자리를 나타내는 말 (1/3)	61	trong	~안에, ~중에	안·밖·위·아래
79	자리를 나타내는 말 (1/3)	61	dưới	아래, ~의 형태로	안·밖·위·아래
79	자리를 나타내는 말 (1/3)	61	ngoài	밖, ~밖에	안·밖·위·아래
79	자리를 나타내는 말 (1/3)	61	trên	위, ~위에	안·밖·위·아래
79	자리를 나타내는 말 (1/3)	61	bên trong	내부	안·밖·위·아래
79	자리를 나타내는 말 (1/3)	61	bên ngoài	바깥	안·밖·위·아래
79	자리를 나타내는 말 (1/3)	61	bên dưới	아래쪽	안·밖·위·아래
79	자리를 나타내는 말 (1/3)	61	ngoài trời	야외	안·밖·위·아래
79	자리를 나타내는 말 (1/3)	61	bên trên	위쪽	안·밖·위·아래
80	자리를 나타내는 말 (2/3)	26	sau	뒤, ~뒤에, ~후에; (sau đây: 다음의, 아래의)	앞·뒤·옆·가운데·맞은편·주변
80	자리를 나타내는 말 (2/3)	26	bên	옆, 쪽	앞·뒤·옆·가운데·맞은편·주변
80	자리를 나타내는 말 (2/3)	26	cạnh	옆	앞·뒤·옆·가운데·맞은편·주변
80	자리를 나타내는 말 (2/3)	26	bên cạnh	옆(의), 곁(의)	앞·뒤·옆·가운데·맞은편·주변
80	자리를 나타내는 말 (2/3)	26	trước	앞, ~앞에, ~전에	앞·뒤·옆·가운데·맞은편·주변
80	자리를 나타내는 말 (2/3)	26	giữa	가운데, ~사이에	앞·뒤·옆·가운데·맞은편·주변
80	자리를 나타내는 말 (2/3)	26	đối diện	맞은편, ~건너편	앞·뒤·옆·가운데·맞은편·주변
80	자리를 나타내는 말 (2/3)	26	quanh	주위에, 둘레에	앞·뒤·옆·가운데·맞은편·주변
80	자리를 나타내는 말 (2/3)	26	phía	쪽, 방향	앞·뒤·옆·가운데·맞은편·주변
80	자리를 나타내는 말 (2/3)	26	phía trước	앞쪽	앞·뒤·옆·가운데·맞은편·주변
80	자리를 나타내는 말 (2/3)	26	phía sau	뒤쪽	앞·뒤·옆·가운데·맞은편·주변
80	자리를 나타내는 말 (2/3)	26	xung quanh	주변에	앞·뒤·옆·가운데·맞은편·주변
80	자리를 나타내는 말 (2/3)	26	ở giữa	가운데에	앞·뒤·옆·가운데·맞은편·주변
80	자리를 나타내는 말 (2/3)	26	lân cận	인근 · 근처	앞·뒤·옆·가운데·맞은편·주변
81	자리를 나타내는 말 (3/3)	27	tại	~에서	~에·~에서·위치·거리
81	자리를 나타내는 말 (3/3)	27	gần	가깝다	~에·~에서·위치·거리
81	자리를 나타내는 말 (3/3)	27	xa	멀다	~에·~에서·위치·거리
81	자리를 나타내는 말 (3/3)	27	vị trí	위치	~에·~에서·위치·거리
81	자리를 나타내는 말 (3/3)	27	khoảng cách	거리	~에·~에서·위치·거리
81	자리를 나타내는 말 (3/3)	27	nằm	위치하다	~에·~에서·위치·거리
81	자리를 나타내는 말 (3/3)	27	nằm ở	위치하다	~에·~에서·위치·거리
81	자리를 나타내는 말 (3/3)	27	không gian	공간	~에·~에서·위치·거리
81	자리를 나타내는 말 (3/3)	27	xa xôi	멀리 떨어진	~에·~에서·위치·거리
82	오고 가기 (1/3)	48	đi bộ	걸어가다	가다·오다·도착하다·돌아오다
82	오고 가기 (1/3)	48	đi với	~와 함께 가다	가다·오다·도착하다·돌아오다
82	오고 가기 (1/3)	48	trở	돌아가다	가다·오다·도착하다·돌아오다
82	오고 가기 (1/3)	48	trở lại	돌아오다, 되돌아가다	가다·오다·도착하다·돌아오다
82	오고 가기 (1/3)	48	đến nơi	목적지에 도착하다	가다·오다·도착하다·돌아오다
82	오고 가기 (1/3)	48	về sớm	일찍 돌아가다	가다·오다·도착하다·돌아오다
82	오고 가기 (1/3)	48	quay lại	돌아오다, 되돌아가다	가다·오다·도착하다·돌아오다
82	오고 가기 (1/3)	48	trở về	돌아오다	가다·오다·도착하다·돌아오다
82	오고 가기 (1/3)	48	sắp tới rồi	다 왔어	가다·오다·도착하다·돌아오다
83	오고 가기 (2/3)	164	qua	건너다, 지나다	들어가다·나가다·오르다·내리다·건너다
83	오고 가기 (2/3)	164	vào nhầm phòng	방을 잘못 들어가다	들어가다·나가다·오르다·내리다·건너다
83	오고 가기 (2/3)	164	đi vào	들어가다(사람)	들어가다·나가다·오르다·내리다·건너다
83	오고 가기 (2/3)	164	ra ngoài	바깥쪽으로 나가다	들어가다·나가다·오르다·내리다·건너다
83	오고 가기 (2/3)	164	đi qua	지나가다	들어가다·나가다·오르다·내리다·건너다
83	오고 가기 (2/3)	164	vượt	넘다	들어가다·나가다·오르다·내리다·건너다
83	오고 가기 (2/3)	164	vào trong	안쪽으로 들어가다	들어가다·나가다·오르다·내리다·건너다
83	오고 가기 (2/3)	164	băng qua	(길을) 건너다	들어가다·나가다·오르다·내리다·건너다
83	오고 가기 (2/3)	164	chạy lên gác	위층으로 뛰어 올라가다	들어가다·나가다·오르다·내리다·건너다
83	오고 가기 (2/3)	164	lối ra	출구	출입구
83	오고 가기 (2/3)	164	lối vào	입구	출입구
83	오고 가기 (2/3)	164	cửa chính	정문	출입구
84	오고 가기 (3/3)	42	thăm	방문하다	방문·마중·배웅·들르다
84	오고 가기 (3/3)	42	đến thăm	방문하다	방문·마중·배웅·들르다
84	오고 가기 (3/3)	42	đón	마중 나가다, 픽업하다	방문·마중·배웅·들르다
84	오고 가기 (3/3)	42	đi thăm	방문하다	방문·마중·배웅·들르다
84	오고 가기 (3/3)	42	ghé	잠시 들르다	방문·마중·배웅·들르다
84	오고 가기 (3/3)	42	đến chơi	놀러 오다 · 방문하다	방문·마중·배웅·들르다
84	오고 가기 (3/3)	42	dẫn	인도하다, 이끌다, 안내하다	방문·마중·배웅·들르다
84	오고 가기 (3/3)	42	tiễn	배웅하다	방문·마중·배웅·들르다
84	오고 가기 (3/3)	42	đón bạn	친구를 마중하다	방문·마중·배웅·들르다
84	오고 가기 (3/3)	42	sắp đi	막 출발하려하다	출발·떠나다
84	오고 가기 (3/3)	42	rời	떠나다, 분리되다	출발·떠나다
84	오고 가기 (3/3)	42	khởi hành	출발하다	출발·떠나다
85	길 (1/6)	43	đường	길·도로	길·도로·사거리·삼거리·터널
85	길 (1/6)	43	đường phố	거리, 도로	길·도로·사거리·삼거리·터널
85	길 (1/6)	43	góc	모퉁이, 각	길·도로·사거리·삼거리·터널
85	길 (1/6)	43	ngã tư	사거리	길·도로·사거리·삼거리·터널
85	길 (1/6)	43	đường hầm	터널, 지하도	길·도로·사거리·삼거리·터널
85	길 (1/6)	43	cao tốc	고속(도로)	길·도로·사거리·삼거리·터널
85	길 (1/6)	43	đường sắt	철도	길·도로·사거리·삼거리·터널
85	길 (1/6)	43	tuyến đường	노선, 도로	길·도로·사거리·삼거리·터널
85	길 (1/6)	43	đường bộ	육로	길·도로·사거리·삼거리·터널
85	길 (1/6)	43	đường nhanh	빠른 길	길·도로·사거리·삼거리·터널
85	길 (1/6)	43	ngã ba	삼거리	길·도로·사거리·삼거리·터널
85	길 (1/6)	43	hầm chui	지하 통로	길·도로·사거리·삼거리·터널
85	길 (1/6)	43	đường cao tốc	고속도로	길·도로·사거리·삼거리·터널
85	길 (1/6)	43	đường một chiều	일방통행	길·도로·사거리·삼거리·터널
86	길 (2/6)	44	Nam	남쪽	방향
86	길 (2/6)	44	hướng	방향	방향
86	길 (2/6)	44	thẳng	직진	방향
86	길 (2/6)	44	đi thẳng	직진하다	방향
86	길 (2/6)	44	rẽ	꺾다·돌다	방향
86	길 (2/6)	44	rẽ trái	좌회전하다	방향
86	길 (2/6)	44	bên trái	왼쪽	방향
86	길 (2/6)	44	bên phải	오른쪽	방향
86	길 (2/6)	44	rẽ phải	우회전하다	방향
87	길 (3/6)	45	đi vòng	우회하다, 돌아가다	방향
87	길 (3/6)	45	hướng tây	서쪽	방향
87	길 (3/6)	45	hướng bắc	북쪽	방향
87	길 (3/6)	45	hướng đông	동쪽	방향
87	길 (3/6)	45	phương hướng	방향	방향
87	길 (3/6)	45	cùng chiều	같은 방향	방향
87	길 (3/6)	45	rẽ tay phải	우회전	방향
87	길 (3/6)	45	rẽ tay trái	좌회전	방향
88	길 (4/6)	46	đèn giao thông	신호등	신호등·횡단보도·표지판
88	길 (4/6)	46	đèn tín hiệu	신호등	신호등·횡단보도·표지판
88	길 (4/6)	46	vạch qua đường	횡단보도	신호등·횡단보도·표지판
88	길 (4/6)	46	lối sang đường	횡단보도	신호등·횡단보도·표지판
88	길 (4/6)	46	biển báo dừng lại	정지	신호등·횡단보도·표지판
88	길 (4/6)	46	biển báo giao thông	교통 표지판	신호등·횡단보도·표지판
88	길 (4/6)	46	biển báo hình vuông	안내 표지판	신호등·횡단보도·표지판
88	길 (4/6)	46	biển báo tam giác	경고 표지판	신호등·횡단보도·표지판
88	길 (4/6)	46	cự ly tối thiểu	최소 거리	신호등·횡단보도·표지판
88	길 (4/6)	46	giới hạn trọng tải	중량 제한	신호등·횡단보도·표지판
88	길 (4/6)	46	dành cho người khuyết tật	장애인 전용	신호등·횡단보도·표지판
88	길 (4/6)	46	dành cho người đi bộ	보행자 전용	신호등·횡단보도·표지판
89	길 (5/6)	237	cấm	금지하다	금지 표지
89	길 (5/6)	237	cấm hút thuốc	금연	금지 표지
89	길 (5/6)	237	cấm xe đạp	자전거 금지	금지 표지
89	길 (5/6)	237	biển báo tròn	금지 표지판	금지 표지
89	길 (5/6)	237	cấm bấm còi	경적 금지	금지 표지
89	길 (5/6)	237	cấm quay đầu	유턴 금지	금지 표지
89	길 (5/6)	237	cấm rẽ phải	우회전 금지	금지 표지
89	길 (5/6)	237	cấm rẽ trái	좌회전 금지	금지 표지
89	길 (5/6)	237	cấm xe kéo	견인차 금지	금지 표지
90	길 (6/6)	154	cấm xe tải	화물차 금지	금지 표지
90	길 (6/6)	154	cấm xích lô	씨클로 금지	금지 표지
90	길 (6/6)	154	cấm người đi bộ	보행자 금지	금지 표지
90	길 (6/6)	154	cấm xe công nông	농업용 차량 금지	금지 표지
90	길 (6/6)	154	cấm xe mô tô	오토바이 금지	금지 표지
90	길 (6/6)	154	cấm xe người kéo	인력 수레 금지	금지 표지
90	길 (6/6)	154	cấm xe ô tô	자동차 금지	금지 표지
90	길 (6/6)	154	cấm đi ngược chiều	역주행을 금지하다	금지 표지
90	길 (6/6)	154	cấm xe súc vật kéo	동물 수레 금지	금지 표지
90	길 (6/6)	154	ngược chiều	반대 방향, 역방향	공사·사고·역주행
90	길 (6/6)	154	đang thi công	공사 중	공사·사고·역주행
90	길 (6/6)	154	thường xảy ra tai nạn	사고 다발 구간	공사·사고·역주행
91	길 묻기	17	từ đây	여기서부터	길 묻기 표현
91	길 묻기	17	đích	목적지, 목표	길 묻기 표현
91	길 묻기	17	hỏi đường	길을 묻다	길 묻기 표현
91	길 묻기	17	đi tiếp	계속 가다	길 묻기 표현
91	길 묻기	17	điểm đến	목적지	길 묻기 표현
91	길 묻기	17	một đoạn	한 구간	거리·시간 걸리다
91	길 묻기	17	mất	(시간이) 걸리다	거리·시간 걸리다
91	길 묻기	17	bao xa	얼마나 멀리 (거리를 묻는 표현)	거리·시간 걸리다
91	길 묻기	17	cách đây	~전에, ~만큼 떨어져	거리·시간 걸리다
91	길 묻기	17	lạc đường	길을 잃다	길을 잃다·안내
91	길 묻기	17	người đi đường	행인	길을 잃다·안내
91	길 묻기	17	bản đồ	지도	길을 잃다·안내
91	길 묻기	17	chỉ dẫn	안내하다	길을 잃다·안내
91	길 묻기	17	ứng dụng bản đồ	지도 앱	길을 잃다·안내
91	길 묻기	17	một chiều	편도	편도·왕복
91	길 묻기	17	khứ hồi	왕복	편도·왕복
92	교통 (1/7)	47	xe	차, 탈것	탈것
92	교통 (1/7)	47	xe buýt	버스	탈것
92	교통 (1/7)	47	tắc xi	택시	탈것
92	교통 (1/7)	47	máy bay	비행기	탈것
92	교통 (1/7)	47	xe lửa	기차	탈것
92	교통 (1/7)	47	xe máy	오토바이	탈것
92	교통 (1/7)	47	phương tiện	교통수단, 수단	탈것
92	교통 (1/7)	47	giao thông	교통	탈것
92	교통 (1/7)	47	xe khách	시외버스, 고속버스	탈것
92	교통 (1/7)	47	tàu	배, 기차	탈것
92	교통 (1/7)	47	xe hơi	자동차	탈것
93	교통 (2/7)	161	xe đạp	자전거	탈것
93	교통 (2/7)	161	xe ôm	오토바이택시	탈것
93	교통 (2/7)	161	xe đạp điện	전기 자전거	탈것
93	교통 (2/7)	161	xe điện	전차, 전기차	탈것
93	교통 (2/7)	161	taxi	택시	탈것
93	교통 (2/7)	161	cộ	여럿이 타는 수레 · 차	탈것
93	교통 (2/7)	161	thuyền	보트	탈것
93	교통 (2/7)	161	ô tô	자동차	탈것
93	교통 (2/7)	161	tàu điện	전철, 전동차	탈것
93	교통 (2/7)	161	tàu hỏa	기차	탈것
93	교통 (2/7)	161	xe taxi	택시	탈것
94	교통 (3/7)	162	xe con	소형차	탈것
94	교통 (3/7)	162	thuyền máy	모터보트	탈것
94	교통 (3/7)	162	tàu thủy	배	탈것
94	교통 (3/7)	162	xích lô	인력거	탈것
94	교통 (3/7)	162	tàu điện ngầm	지하철	탈것
94	교통 (3/7)	162	xe ô tô	자동차	탈것
94	교통 (3/7)	162	4 chỗ ngồi	4인승, 좌석	탈것
94	교통 (3/7)	162	nhiều chỗ nhất	(차의 좌석이) 제일 많다	탈것
94	교통 (3/7)	162	xe giường nằm	침대버스	탈것
94	교통 (3/7)	162	ít chỗ nhất	(차의 좌석이) 제일 적다	탈것
94	교통 (3/7)	162	tàu điện trên cao	지상철	탈것
95	교통 (4/7)	163	lái	운전하다, 몰다	타다·내리다·운전·주차
95	교통 (4/7)	163	lái xe	운전하다, 차를 몰다	타다·내리다·운전·주차
95	교통 (4/7)	163	đi bằng	(~을) 타고 가다	타다·내리다·운전·주차
95	교통 (4/7)	163	đạp	밟다·페달을 밟다	타다·내리다·운전·주차
95	교통 (4/7)	163	chậm lại	느려지다, 속도를 늦추다	타다·내리다·운전·주차
95	교통 (4/7)	163	dừng lại	멈추다, 서다	타다·내리다·운전·주차
95	교통 (4/7)	163	lên tàu	(배·기차에) 타다	타다·내리다·운전·주차
95	교통 (4/7)	163	xuống xe	(차에서) 내리다	타다·내리다·운전·주차
95	교통 (4/7)	163	đỗ xe	주차하다	타다·내리다·운전·주차
95	교통 (4/7)	163	gửi xe	(오토바이·차를) 맡기다, 주차하다	타다·내리다·운전·주차
95	교통 (4/7)	163	đi đò	배를 타다	타다·내리다·운전·주차
95	교통 (4/7)	163	đi nhờ xe	차를 얻어 타다	타다·내리다·운전·주차
95	교통 (4/7)	163	hầm gửi xe	지하 주차장	타다·내리다·운전·주차
96	교통 (5/7)	236	ga	정거장·역	역·정류장·공항·터미널·주유소·대기실
96	교통 (5/7)	236	sân bay	공항	역·정류장·공항·터미널·주유소·대기실
96	교통 (5/7)	236	trạm	정류장, 역, 소	역·정류장·공항·터미널·주유소·대기실
96	교통 (5/7)	236	trạm xe buýt	버스 정류장	역·정류장·공항·터미널·주유소·대기실
96	교통 (5/7)	236	bến xe	버스터미널	역·정류장·공항·터미널·주유소·대기실
96	교통 (5/7)	236	xăng	휘발유, 기름	역·정류장·공항·터미널·주유소·대기실
96	교통 (5/7)	236	nhà ga	기차역	역·정류장·공항·터미널·주유소·대기실
96	교통 (5/7)	236	trạm xăng	주유소	역·정류장·공항·터미널·주유소·대기실
96	교통 (5/7)	236	phòng chờ	대기실, / 대합실	역·정류장·공항·터미널·주유소·대기실
96	교통 (5/7)	236	bến xe buýt	버스 정류장	역·정류장·공항·터미널·주유소·대기실
96	교통 (5/7)	236	nơi để xe	주차장 · 주차 공간	역·정류장·공항·터미널·주유소·대기실
96	교통 (5/7)	236	trạm dừng nghỉ	휴게소	역·정류장·공항·터미널·주유소·대기실
97	교통 (6/7)	215	vé	표·티켓	표·요금·번호판·환승
97	교통 (6/7)	215	vé xe	버스표·차표	표·요금·번호판·환승
97	교통 (6/7)	215	một vé	표 한 장	표·요금·번호판·환승
97	교통 (6/7)	215	vé tàu	기차표	표·요금·번호판·환승
97	교통 (6/7)	215	chuyển tuyến	환승하다	표·요금·번호판·환승
97	교통 (6/7)	215	biển số xe	번호판	표·요금·번호판·환승
97	교통 (6/7)	215	phanh	브레이크	차 부품·고장
97	교통 (6/7)	215	sên	민달팽이 · (오토바이) 체인	차 부품·고장
97	교통 (6/7)	215	săm	(타이어 내부의) 튜브	차 부품·고장
97	교통 (6/7)	215	bánh xe	바퀴	차 부품·고장
97	교통 (6/7)	215	thủng săm	튜브에 구멍이 나다	차 부품·고장
98	교통 (7/7)	216	kẹt xe	차가 막히다, 교통체증	막히다·놓치다·혼잡
98	교통 (7/7)	216	lỡ	놓치다	막히다·놓치다·혼잡
98	교통 (7/7)	216	tắc đường	길이 막히다	막히다·놓치다·혼잡
98	교통 (7/7)	216	lỡ xe	차를 놓치다	막히다·놓치다·혼잡
98	교통 (7/7)	216	ùn tắc	교통 정체 · 막히다	막히다·놓치다·혼잡
98	교통 (7/7)	216	giờ cao điểm	혼잡 시간대, 출퇴근 시간	막히다·놓치다·혼잡
99	얼마나 자주, 언제 (1/4)	20	thường	보통, 자주	항상·보통·가끔·전혀·드물게
99	얼마나 자주, 언제 (1/4)	20	thỉnh thoảng	가끔	항상·보통·가끔·전혀·드물게
99	얼마나 자주, 언제 (1/4)	20	luôn	늘, 언제나	항상·보통·가끔·전혀·드물게
99	얼마나 자주, 언제 (1/4)	20	luôn luôn	항상, 언제나	항상·보통·가끔·전혀·드물게
99	얼마나 자주, 언제 (1/4)	20	không bao giờ	결코 ~않다	항상·보통·가끔·전혀·드물게
99	얼마나 자주, 언제 (1/4)	20	đôi khi	가끔	항상·보통·가끔·전혀·드물게
99	얼마나 자주, 언제 (1/4)	20	ít khi	좀처럼 ~하지 않다, 드물게	항상·보통·가끔·전혀·드물게
99	얼마나 자주, 언제 (1/4)	20	hiếm	드문	항상·보통·가끔·전혀·드물게
99	얼마나 자주, 언제 (1/4)	20	hiếm khi	좀처럼 ~하지 않다	항상·보통·가끔·전혀·드물게
100	얼마나 자주, 언제 (2/4)	133	thường thì	보통은	항상·보통·가끔·전혀·드물게
100	얼마나 자주, 언제 (2/4)	133	thường là	보통은	항상·보통·가끔·전혀·드물게
100	얼마나 자주, 언제 (2/4)	133	thông thường	보통의, 일반적인	항상·보통·가끔·전혀·드물게
100	얼마나 자주, 언제 (2/4)	133	không hề	전혀 ~않다	항상·보통·가끔·전혀·드물게
100	얼마나 자주, 언제 (2/4)	133	liên tục	지속적으로	항상·보통·가끔·전혀·드물게
100	얼마나 자주, 언제 (2/4)	133	mọi lúc	언제나, 아무 때나	항상·보통·가끔·전혀·드물게
100	얼마나 자주, 언제 (2/4)	133	liên tiếp	연달아	항상·보통·가끔·전혀·드물게
100	얼마나 자주, 언제 (2/4)	133	khi nào cũng	언제나	항상·보통·가끔·전혀·드물게
101	얼마나 자주, 언제 (3/4)	18	mỗi ngày	매일	매일·매주·매년·빈도
101	얼마나 자주, 언제 (3/4)	18	hàng ngày	매일, 날마다	매일·매주·매년·빈도
101	얼마나 자주, 언제 (3/4)	18	hằng ngày	매일, 일상의	매일·매주·매년·빈도
101	얼마나 자주, 언제 (3/4)	18	tần suất	빈도	매일·매주·매년·빈도
101	얼마나 자주, 언제 (3/4)	18	đều đặn	규칙적인 · 꾸준한 · 일정한	매일·매주·매년·빈도
101	얼마나 자주, 언제 (3/4)	18	mỗi tuần	매주	매일·매주·매년·빈도
101	얼마나 자주, 언제 (3/4)	18	hàng tuần	매주	매일·매주·매년·빈도
101	얼마나 자주, 언제 (3/4)	18	hằng năm	매년	매일·매주·매년·빈도
101	얼마나 자주, 언제 (3/4)	18	hằng tuần	매주	매일·매주·매년·빈도
101	얼마나 자주, 언제 (3/4)	18	hằng tháng	매월	매일·매주·매년·빈도
102	얼마나 자주, 언제 (4/4)	19	sau đó	그 다음에	~할 때·전에·후에·동안
102	얼마나 자주, 언제 (4/4)	19	khi	~할 때	~할 때·전에·후에·동안
102	얼마나 자주, 언제 (4/4)	19	trước khi	~하기 전에	~할 때·전에·후에·동안
102	얼마나 자주, 언제 (4/4)	19	sau khi	~한 후에	~할 때·전에·후에·동안
102	얼마나 자주, 언제 (4/4)	19	trong khi	~하는 동안, ~인 반면	~할 때·전에·후에·동안
102	얼마나 자주, 언제 (4/4)	19	cho đến	~ 까지	~할 때·전에·후에·동안
102	얼마나 자주, 언제 (4/4)	19	cho tới	~에 이르기까지	~할 때·전에·후에·동안
102	얼마나 자주, 언제 (4/4)	19	kể từ khi	~한 이후로	~할 때·전에·후에·동안
102	얼마나 자주, 언제 (4/4)	19	3 ngày trước	3일 전	~할 때·전에·후에·동안
102	얼마나 자주, 언제 (4/4)	19	trước đây	예전에, 전에	요즘·최근·예전에·우연히
102	얼마나 자주, 언제 (4/4)	19	dạo này	요즘	요즘·최근·예전에·우연히
102	얼마나 자주, 언제 (4/4)	19	gần đây	최근에	요즘·최근·예전에·우연히
102	얼마나 자주, 언제 (4/4)	19	tình cờ	우연히	요즘·최근·예전에·우연히
102	얼마나 자주, 언제 (4/4)	19	ngày nay	요즘, 오늘날	요즘·최근·예전에·우연히
102	얼마나 자주, 언제 (4/4)	19	vô tình	무심코·우연히	요즘·최근·예전에·우연히
103	때 표현 (1/5)	15	đã	이미(과거 시제 표지)	시제 말
103	때 표현 (1/5)	15	sẽ	~할 것이다(미래 표지)	시제 말
103	때 표현 (1/5)	15	đang	~하고 있다(진행)	시제 말
103	때 표현 (1/5)	15	vẫn	여전히	시제 말
103	때 표현 (1/5)	15	rồi	이미, 벌써 (완료); 그러고 나서; (đúng rồi: 맞아요)	시제 말
103	때 표현 (1/5)	15	chưa	아직	시제 말
103	때 표현 (1/5)	15	vừa	방금 ~하다; 알맞은	시제 말
103	때 표현 (1/5)	15	mới	새로운; 막, 방금 (~한 지 얼마 안 된)	시제 말
103	때 표현 (1/5)	15	sắp	곧 ~하려 하다	시제 말
103	때 표현 (1/5)	15	từng	~해 본 적이 있다 (경험)	시제 말
103	때 표현 (1/5)	15	đã từng	~한 적이 있다	시제 말
104	때 표현 (2/5)	151	hôm	그날, 요전날 (hôm nay 오늘, hôm qua 어제)	오늘·어제·내일·모레
104	때 표현 (2/5)	151	nay	지금, 오늘 (hôm nay의 nay)	오늘·어제·내일·모레
104	때 표현 (2/5)	151	hôm nay	오늘	오늘·어제·내일·모레
104	때 표현 (2/5)	151	mai	내일	오늘·어제·내일·모레
104	때 표현 (2/5)	151	hôm qua	어제	오늘·어제·내일·모레
104	때 표현 (2/5)	151	ngày mai	내일	오늘·어제·내일·모레
104	때 표현 (2/5)	151	tối nay	오늘 밤	오늘·어제·내일·모레
104	때 표현 (2/5)	151	chiều nay	오늘 오후	오늘·어제·내일·모레
104	때 표현 (2/5)	151	tối qua	어젯밤	오늘·어제·내일·모레
104	때 표현 (2/5)	151	ngày kia	모레	오늘·어제·내일·모레
104	때 표현 (2/5)	151	trưa nay	오늘 점심(때)	오늘·어제·내일·모레
104	때 표현 (2/5)	151	hôm kia	2일 / 전	오늘·어제·내일·모레
104	때 표현 (2/5)	151	ngày mốt	모레	오늘·어제·내일·모레
104	때 표현 (2/5)	151	ngày hôm nay	오늘 하루	오늘·어제·내일·모레
104	때 표현 (2/5)	151	đến ngày mai	내일까지	오늘·어제·내일·모레
105	때 표현 (3/5)	227	lại	다시; 되돌아 (viết lại: 다시 쓰다)	처음·다시·한 번 더·마지막
105	때 표현 (3/5)	227	cuối	끝, 마지막; 끝에	처음·다시·한 번 더·마지막
105	때 표현 (3/5)	227	đầu tiên	처음	처음·다시·한 번 더·마지막
105	때 표현 (3/5)	227	lần đầu	처음	처음·다시·한 번 더·마지막
105	때 표현 (3/5)	227	lần đầu tiên	처음(으로)	처음·다시·한 번 더·마지막
105	때 표현 (3/5)	227	cuối cùng	마지막으로, 결국	처음·다시·한 번 더·마지막
105	때 표현 (3/5)	227	lần nữa	한 번 더	처음·다시·한 번 더·마지막
105	때 표현 (3/5)	227	một lần nữa	한 번 더	처음·다시·한 번 더·마지막
105	때 표현 (3/5)	227	trước tiên	우선, 먼저	처음·다시·한 번 더·마지막
105	때 표현 (3/5)	227	tiếp theo	이어서	처음·다시·한 번 더·마지막
105	때 표현 (3/5)	227	lần sau	다음번에	처음·다시·한 번 더·마지막
106	때 표현 (4/5)	217	thời	때, 시대	옛날·현재·미래·순간
106	때 표현 (4/5)	217	hiện	현재, 지금; 나타나다	옛날·현재·미래·순간
106	때 표현 (4/5)	217	hiện nay	현재, 지금	옛날·현재·미래·순간
106	때 표현 (4/5)	217	quá khứ	과거	옛날·현재·미래·순간
106	때 표현 (4/5)	217	hiện tại	현재	옛날·현재·미래·순간
106	때 표현 (4/5)	217	ngày xưa	옛날	옛날·현재·미래·순간
106	때 표현 (4/5)	217	hiện đại	현대적인	옛날·현재·미래·순간
106	때 표현 (4/5)	217	giờ phút	순간, 때	옛날·현재·미래·순간
106	때 표현 (4/5)	217	ngay	바로, 즉시	곧·즉시·방금
106	때 표현 (4/5)	217	sắp tới	다가오는	곧·즉시·방금
106	때 표현 (4/5)	217	lúc nãy	방금 전	곧·즉시·방금
106	때 표현 (4/5)	217	lát nữa	(잠시) 후에, 곧	곧·즉시·방금
106	때 표현 (4/5)	217	vừa xong	방금 끝났다	곧·즉시·방금
106	때 표현 (4/5)	217	ngay lập tức	즉시	곧·즉시·방금
107	때 표현 (5/5)	218	muộn	늦은	이르다·늦다·제때·기회
107	때 표현 (5/5)	218	đến muộn	늦게 도착하다	이르다·늦다·제때·기회
107	때 표현 (5/5)	218	sớm	일찍	이르다·늦다·제때·기회
107	때 표현 (5/5)	218	trễ	늦은(남부 방언)	이르다·늦다·제때·기회
107	때 표현 (5/5)	218	dịp	시기, 때, 기회	이르다·늦다·제때·기회
107	때 표현 (5/5)	218	kịp	제시간에	이르다·늦다·제때·기회
107	때 표현 (5/5)	218	đúng lúc	마침·제때	이르다·늦다·제때·기회
108	요일·날짜 (1/3)	35	thứ hai	월요일	요일
108	요일·날짜 (1/3)	35	thứ ba	화요일	요일
108	요일·날짜 (1/3)	35	thứ tư	수요일	요일
108	요일·날짜 (1/3)	35	thứ năm	목요일	요일
108	요일·날짜 (1/3)	35	thứ sáu	금요일	요일
108	요일·날짜 (1/3)	35	thứ bảy	토요일	요일
108	요일·날짜 (1/3)	35	chủ nhật	일요일	요일
109	요일·날짜 (2/3)	36	năm	년	주·달·해
109	요일·날짜 (2/3)	36	tháng	월·달	주·달·해
109	요일·날짜 (2/3)	36	ngày	일·날	주·달·해
109	요일·날짜 (2/3)	36	tuần	주	주·달·해
109	요일·날짜 (2/3)	36	một tuần	일주일	주·달·해
109	요일·날짜 (2/3)	36	tuần sau	다음 주	주·달·해
109	요일·날짜 (2/3)	36	tuần trước	지난주	주·달·해
109	요일·날짜 (2/3)	36	năm sau	내년	주·달·해
109	요일·날짜 (2/3)	36	năm nay	올해	주·달·해
109	요일·날짜 (2/3)	36	tuần này	이번 주	주·달·해
109	요일·날짜 (2/3)	36	tháng này	이번 달	주·달·해
109	요일·날짜 (2/3)	36	đầu tuần	주초, 주 시작	주·달·해
109	요일·날짜 (2/3)	36	năm ngoái	작년	주·달·해
109	요일·날짜 (2/3)	36	tháng sau	다음 달	주·달·해
109	요일·날짜 (2/3)	36	sang năm	내년	주·달·해
110	요일·날짜 (3/3)	37	cuối tuần	주말	주말·평일·휴일
110	요일·날짜 (3/3)	37	ngày nghỉ	휴일	주말·평일·휴일
110	요일·날짜 (3/3)	37	cuối tuần sau	다음 주말	주말·평일·휴일
110	요일·날짜 (3/3)	37	nghỉ lễ	공휴일·명절휴가	주말·평일·휴일
110	요일·날짜 (3/3)	37	ngày thường	평일, 평소	주말·평일·휴일
110	요일·날짜 (3/3)	37	cuối tuần trước	지난 주말	주말·평일·휴일
110	요일·날짜 (3/3)	37	ngày mùng bốn	4일	날짜 말하기
110	요일·날짜 (3/3)	37	ngày mười bốn	14일	날짜 말하기
110	요일·날짜 (3/3)	37	ngày hai mươi tư	24일	날짜 말하기
110	요일·날짜 (3/3)	37	âm lịch	음력	음력·양력·달력
110	요일·날짜 (3/3)	37	tờ lịch	달력 한 장	음력·양력·달력
110	요일·날짜 (3/3)	37	quyển lịch	달력	음력·양력·달력
110	요일·날짜 (3/3)	37	dương lịch	양력	음력·양력·달력
110	요일·날짜 (3/3)	37	thế kỷ	100년	세기·10년·천년
110	요일·날짜 (3/3)	37	thập kỷ	10년	세기·10년·천년
110	요일·날짜 (3/3)	37	thiên niên kỷ	1000년	세기·10년·천년
110	요일·날짜 (3/3)	37	đầu thập niên 90	90년대 초	세기·10년·천년
111	달 이름	16	Tháng Giêng	음력 / 1월	1월~12월
111	달 이름	16	Tháng Chạp	음력 / 12월	1월~12월
111	달 이름	16	tháng một	1월	1월~12월
111	달 이름	16	tháng hai	2월	1월~12월
111	달 이름	16	tháng ba	3월	1월~12월
111	달 이름	16	tháng tư	4월 (tháng bốn 이라 하지 않는다)	1월~12월
111	달 이름	16	tháng năm	5월	1월~12월
111	달 이름	16	tháng sáu	6월	1월~12월
111	달 이름	16	tháng bảy	7월	1월~12월
111	달 이름	16	tháng tám	8월	1월~12월
111	달 이름	16	tháng chín	9월	1월~12월
111	달 이름	16	tháng mười	10월	1월~12월
111	달 이름	16	tháng mười một	11월	1월~12월
111	달 이름	16	tháng mười hai	12월	1월~12월
111	달 이름	16	mấy tháng	몇 달, 몇 개월	몇 달·중순·몇 월
111	달 이름	16	bốn tháng	4달, 4개월	몇 달·중순·몇 월
111	달 이름	16	giữa tháng	월 중순	몇 달·중순·몇 월
111	달 이름	16	tháng mấy	몇 월	몇 달·중순·몇 월
112	가족 (1/7)	105	mẹ	엄마	부모·자식
112	가족 (1/7)	105	con	자식·아이	부모·자식
112	가족 (1/7)	105	bố	아빠	부모·자식
112	가족 (1/7)	105	bố mẹ	부모	부모·자식
112	가족 (1/7)	105	con gái	딸	부모·자식
112	가족 (1/7)	105	con trai	아들	부모·자식
112	가족 (1/7)	105	ba má	아빠 엄마 (남부에서 부모님)	부모·자식
112	가족 (1/7)	105	mẹ con	엄마와 아이	부모·자식
112	가족 (1/7)	105	mẹ đẻ	친어머니	부모·자식
113	가족 (2/7)	106	em gái	여동생	형제자매
113	가족 (2/7)	106	em trai	남동생	형제자매
113	가족 (2/7)	106	anh trai	친형	형제자매
113	가족 (2/7)	106	anh em	형제자매	형제자매
113	가족 (2/7)	106	út	막내	형제자매
113	가족 (2/7)	106	chị em	자매	형제자매
113	가족 (2/7)	106	chị gái	친누나·언니	형제자매
113	가족 (2/7)	106	anh chị em	형제 · 자매	형제자매
113	가족 (2/7)	106	chị cả	맏언니, 큰누나	형제자매
113	가족 (2/7)	106	con út	막내	형제자매
114	가족 (3/7)	107	anh cả	맏형(큰오빠)	형제자매
114	가족 (3/7)	107	con cả	맏이	형제자매
114	가족 (3/7)	107	anh hai	둘째 형(북부)·맏형(남부)	형제자매
114	가족 (3/7)	107	em út	막내	형제자매
114	가족 (3/7)	107	chị hai	둘째 누나(북부)·맏언니(남부)	형제자매
114	가족 (3/7)	107	anh ruột	친형·친오빠	형제자매
114	가족 (3/7)	107	chị ruột	친누나·친언니	형제자매
114	가족 (3/7)	107	anh út	막내 형·막내 오빠	형제자매
114	가족 (3/7)	107	chị út	막내 누나·막내 언니	형제자매
115	가족 (4/7)	108	cháu	손주, 조카; (어른께) 저	조부모·손주
115	가족 (4/7)	108	bà ngoại	외할머니	조부모·손주
115	가족 (4/7)	108	ông nội	친할아버지	조부모·손주
115	가족 (4/7)	108	cháu gái	손녀/조카	조부모·손주
115	가족 (4/7)	108	Bà nội	친 / 할머니	조부모·손주
115	가족 (4/7)	108	cháu trai	남자 조카·손자	조부모·손주
115	가족 (4/7)	108	ông ngoại	외할아버지	조부모·손주
115	가족 (4/7)	108	cháu nội	손주 (아들 쪽)	조부모·손주
115	가족 (4/7)	108	cháu ngoại	손주 (딸 쪽	조부모·손주
116	가족 (5/7)	110	bác	큰아버지·큰어머니; (부모보다 나이 많은) 어른	삼촌·이모·고모·사촌
116	가족 (5/7)	110	dì	이모	삼촌·이모·고모·사촌
116	가족 (5/7)	110	mợ	외숙모	삼촌·이모·고모·사촌
116	가족 (5/7)	110	dượng	이모부·고모부·새아버지	삼촌·이모·고모·사촌
116	가족 (5/7)	110	thím	아버지의 남동생의 아내	삼촌·이모·고모·사촌
116	가족 (5/7)	110	Em họ	사촌동생	삼촌·이모·고모·사촌
116	가족 (5/7)	110	anh họ	사촌 형 / 사촌 오빠	삼촌·이모·고모·사촌
116	가족 (5/7)	110	chị họ	사촌 누나 / 사촌 언니	삼촌·이모·고모·사촌
116	가족 (5/7)	110	bác gái	큰어머니	삼촌·이모·고모·사촌
116	가족 (5/7)	110	bác trai	큰아버지, 아저씨(부모 연배 남자)	삼촌·이모·고모·사촌
117	가족 (6/7)	111	vợ	아내	배우자·시가·처가·사위·며느리
117	가족 (6/7)	111	chồng	남편	배우자·시가·처가·사위·며느리
117	가족 (6/7)	111	rể	사위	배우자·시가·처가·사위·며느리
117	가족 (6/7)	111	con rể	사위	배우자·시가·처가·사위·며느리
117	가족 (6/7)	111	em rể	매제·제부	배우자·시가·처가·사위·며느리
117	가족 (6/7)	111	Chị dâu	형수	배우자·시가·처가·사위·며느리
117	가족 (6/7)	111	con dâu	며느리	배우자·시가·처가·사위·며느리
117	가족 (6/7)	111	Anh rể	매형	배우자·시가·처가·사위·며느리
117	가족 (6/7)	111	mẹ vợ	장모님	배우자·시가·처가·사위·며느리
117	가족 (6/7)	111	bố vợ	장인어른	배우자·시가·처가·사위·며느리
117	가족 (6/7)	111	mẹ chồng	시어머니	배우자·시가·처가·사위·며느리
117	가족 (6/7)	111	Em dâu	제수	배우자·시가·처가·사위·며느리
117	가족 (6/7)	111	bố chồng	시아버지	배우자·시가·처가·사위·며느리
118	가족 (7/7)	112	gia đình	가족	가족 일반
118	가족 (7/7)	112	với gia đình	가족과 함께	가족 일반
118	가족 (7/7)	112	họ hàng	친척	가족 일반
118	가족 (7/7)	112	con một	외동	가족 일반
118	가족 (7/7)	112	người thân	가족, 가까운 사람	가족 일반
118	가족 (7/7)	112	tổ tiên	조상	가족 일반
118	가족 (7/7)	112	mồ côi	고아	가족 일반
118	가족 (7/7)	112	gia đình nhỏ	소가족	가족 일반
118	가족 (7/7)	112	gia đình đông người	대가족	가족 일반
119	결혼	186	độc thân	독신, 미혼	결혼하다·이혼·독신·재혼
119	결혼	186	có gia đình	결혼했다	결혼하다·이혼·독신·재혼
119	결혼	186	kết hôn	결혼하다	결혼하다·이혼·독신·재혼
119	결혼	186	cưới	결혼하다	결혼하다·이혼·독신·재혼
119	결혼	186	hôn nhân	결혼, 혼인	결혼하다·이혼·독신·재혼
119	결혼	186	ly dị	이혼하다	결혼하다·이혼·독신·재혼
119	결혼	186	ngoại tình	불륜	결혼하다·이혼·독신·재혼
119	결혼	186	ly hôn	이혼하다	결혼하다·이혼·독신·재혼
119	결혼	186	li hôn	이혼	결혼하다·이혼·독신·재혼
119	결혼	186	tái hôn	재혼	결혼하다·이혼·독신·재혼
119	결혼	186	vợ chồng	부부	결혼식·신혼여행·부부
119	결혼	186	đám cưới	결혼식	결혼식·신혼여행·부부
119	결혼	186	lễ cưới	결혼식	결혼식·신혼여행·부부
119	결혼	186	tuần trăng mật	신혼여행	결혼식·신혼여행·부부
120	인간관계 (1/3)	185	bạn bè	친구들	친구·애인·이웃
120	인간관계 (1/3)	185	bạn cũ	옛 친구	친구·애인·이웃
120	인간관계 (1/3)	185	bạn thân	친한 친구	친구·애인·이웃
120	인간관계 (1/3)	185	bạn gái	여자 친구	친구·애인·이웃
120	인간관계 (1/3)	185	người yêu	애인	친구·애인·이웃
120	인간관계 (1/3)	185	bạn mới	새 친구	친구·애인·이웃
120	인간관계 (1/3)	185	bạn trai	남자친구	친구·애인·이웃
120	인간관계 (1/3)	185	hàng xóm	이웃, 옆집사람	친구·애인·이웃
120	인간관계 (1/3)	185	bạn cùng lớp	같은 반 친구	친구·애인·이웃
120	인간관계 (1/3)	185	chia tay	헤어지다	사귀다·헤어지다·싸우다·데이트
120	인간관계 (1/3)	185	trách	비난하다	사귀다·헤어지다·싸우다·데이트
120	인간관계 (1/3)	185	hẹn hò	데이트하다	사귀다·헤어지다·싸우다·데이트
120	인간관계 (1/3)	185	cãi nhau	말싸움하다	사귀다·헤어지다·싸우다·데이트
120	인간관계 (1/3)	185	quen nhau	사귀다	사귀다·헤어지다·싸우다·데이트
120	인간관계 (1/3)	185	tỏ tình	사랑을 고백하다	사귀다·헤어지다·싸우다·데이트
121	인간관계 (2/3)	252	thân	몸; 친한	신뢰·친밀·정
121	인간관계 (2/3)	252	thân mật	친밀하다, 다정하다	신뢰·친밀·정
121	인간관계 (2/3)	252	kính trọng	존중하다	신뢰·친밀·정
121	인간관계 (2/3)	252	quan hệ	관계	신뢰·친밀·정
121	인간관계 (2/3)	252	chia sẻ	나누다, 공유하다	신뢰·친밀·정
121	인간관계 (2/3)	252	tin tưởng	신뢰하다	신뢰·친밀·정
121	인간관계 (2/3)	252	tôn trọng	존중하다	신뢰·친밀·정
121	인간관계 (2/3)	252	tin cậy	신뢰하다, 믿음직한	신뢰·친밀·정
121	인간관계 (2/3)	252	trân trọng	소중히 여기다, 정중히	신뢰·친밀·정
121	인간관계 (2/3)	252	thân thiết	친하다, 친밀하다	신뢰·친밀·정
121	인간관계 (2/3)	252	gắn bó	정들다	신뢰·친밀·정
121	인간관계 (2/3)	252	đền đáp	보답하다	신뢰·친밀·정
121	인간관계 (2/3)	252	chung thủy	한 사람에게 충실하다	신뢰·친밀·정
121	인간관계 (2/3)	252	đến nhau	서로 다가가다	신뢰·친밀·정
122	인간관계 (3/3)	219	nhau	서로	사람들·서로·함께·혼자
122	인간관계 (3/3)	219	nhóm	무리	사람들·서로·함께·혼자
122	인간관계 (3/3)	219	một mình	혼자	사람들·서로·함께·혼자
122	인간관계 (3/3)	219	cùng	함께, 같이	사람들·서로·함께·혼자
122	인간관계 (3/3)	219	với nhau	서로 함께	사람들·서로·함께·혼자
122	인간관계 (3/3)	219	mọi người	모든 사람, 다들	사람들·서로·함께·혼자
122	인간관계 (3/3)	219	riêng	개인의 · 자신의	사람들·서로·함께·혼자
122	인간관계 (3/3)	219	cho nhau	서로에게	사람들·서로·함께·혼자
122	인간관계 (3/3)	219	lẫn nhau	서로 간에	사람들·서로·함께·혼자
122	인간관계 (3/3)	219	đám đông	군중, 사람들 무리	사람들·서로·함께·혼자
122	인간관계 (3/3)	219	neo đơn	외롭게 지내는, 독거	사람들·서로·함께·혼자
123	사람 (1/2)	184	bé	아기, 꼬마	아이·어른·노인
123	사람 (1/2)	184	trẻ em	어린아이들	아이·어른·노인
123	사람 (1/2)	184	người lớn	성인	아이·어른·노인
123	사람 (1/2)	184	lão	노인	아이·어른·노인
123	사람 (1/2)	184	cô bé	여자아이	아이·어른·노인
123	사람 (1/2)	184	em bé	아기	아이·어른·노인
123	사람 (1/2)	184	trưởng thành	성숙하다	아이·어른·노인
123	사람 (1/2)	184	người già	노인	아이·어른·노인
123	사람 (1/2)	184	tuổi già	노년	아이·어른·노인
123	사람 (1/2)	184	thiếu nhi	아동	아이·어른·노인
124	사람 (2/2)	220	gái	여자, 딸(구어)	남자·여자
124	사람 (2/2)	220	đàn ông	남자, 남성	남자·여자
124	사람 (2/2)	220	nữ	여자, 여성	남자·여자
124	사람 (2/2)	220	phụ nữ	여성	남자·여자
124	사람 (2/2)	220	người phụ nữ	여인	남자·여자
124	사람 (2/2)	220	nam giới	남성	남자·여자
124	사람 (2/2)	220	nữ giới	여성	남자·여자
124	사람 (2/2)	220	trai gái	남녀, 아들딸	남자·여자
124	사람 (2/2)	220	thanh niên	청년	청년·중년·세대
124	사람 (2/2)	220	thế hệ	세대	청년·중년·세대
124	사람 (2/2)	220	người trẻ	젊은이	청년·중년·세대
124	사람 (2/2)	220	tuổi trẻ	젊은 시절, 청춘	청년·중년·세대
124	사람 (2/2)	220	trung niên	중년	청년·중년·세대
124	사람 (2/2)	220	người đẹp	미인	미인·아는 사람
124	사람 (2/2)	220	người quen	아는 사람	미인·아는 사람
124	사람 (2/2)	220	hoa hậu	미스 (미인대회 우승자)	미인·아는 사람
125	정도·관계를 나타내는 말 (1/7)	221	rất	매우, 아주	매우·너무·조금·꽤·약간
125	정도·관계를 나타내는 말 (1/7)	221	lắm	매우, 몹시	매우·너무·조금·꽤·약간
125	정도·관계를 나타내는 말 (1/7)	221	khá	꽤	매우·너무·조금·꽤·약간
125	정도·관계를 나타내는 말 (1/7)	221	quá	너무, 지나치게	매우·너무·조금·꽤·약간
125	정도·관계를 나타내는 말 (1/7)	221	mức	수준, 정도	매우·너무·조금·꽤·약간
125	정도·관계를 나타내는 말 (1/7)	221	hơi	약간, 조금	매우·너무·조금·꽤·약간
125	정도·관계를 나타내는 말 (1/7)	221	chút	조금	매우·너무·조금·꽤·약간
125	정도·관계를 나타내는 말 (1/7)	221	một chút	조금	매우·너무·조금·꽤·약간
125	정도·관계를 나타내는 말 (1/7)	221	biết bao	얼마나 ~인지	매우·너무·조금·꽤·약간
125	정도·관계를 나타내는 말 (1/7)	221	phải đến	무려 ~나 되다 · ~에 이르다	매우·너무·조금·꽤·약간
125	정도·관계를 나타내는 말 (1/7)	221	thật	정말, 진짜의	매우·너무·조금·꽤·약간
126	정도·관계를 나타내는 말 (2/7)	222	thật là	매우	매우·너무·조금·꽤·약간
126	정도·관계를 나타내는 말 (2/7)	222	thực sự	정말로	매우·너무·조금·꽤·약간
126	정도·관계를 나타내는 말 (2/7)	222	hoàn toàn	완전히	매우·너무·조금·꽤·약간
126	정도·관계를 나타내는 말 (2/7)	222	hết sức	최선을 다해, 매우	매우·너무·조금·꽤·약간
126	정도·관계를 나타내는 말 (2/7)	222	đến mức	~할 정도로	매우·너무·조금·꽤·약간
126	정도·관계를 나타내는 말 (2/7)	222	rất là	매우	매우·너무·조금·꽤·약간
126	정도·관계를 나타내는 말 (2/7)	222	khá là	꽤	매우·너무·조금·꽤·약간
126	정도·관계를 나타내는 말 (2/7)	222	hầu như	거의	매우·너무·조금·꽤·약간
126	정도·관계를 나타내는 말 (2/7)	222	phần nào	어느 정도	매우·너무·조금·꽤·약간
126	정도·관계를 나타내는 말 (2/7)	222	đáng kể	상당한 · 눈에 띄는	매우·너무·조금·꽤·약간
126	정도·관계를 나타내는 말 (2/7)	222	vừa phải	적당한	매우·너무·조금·꽤·약간
127	정도·관계를 나타내는 말 (3/7)	259	mỗi	각각의,모든	모두·각각·다른·여러
127	정도·관계를 나타내는 말 (3/7)	259	những	~들 (복수)	모두·각각·다른·여러
127	정도·관계를 나타내는 말 (3/7)	259	khác	다르다, 다른	모두·각각·다른·여러
127	정도·관계를 나타내는 말 (3/7)	259	đều	모두, 다	모두·각각·다른·여러
127	정도·관계를 나타내는 말 (3/7)	259	cả	전부, 모두, ~도	모두·각각·다른·여러
127	정도·관계를 나타내는 말 (3/7)	259	vài	몇몇, 몇	모두·각각·다른·여러
127	정도·관계를 나타내는 말 (3/7)	259	duy nhất	유일한	모두·각각·다른·여러
127	정도·관계를 나타내는 말 (3/7)	259	mọi	모든	모두·각각·다른·여러
127	정도·관계를 나타내는 말 (3/7)	259	một số	몇몇의	모두·각각·다른·여러
127	정도·관계를 나타내는 말 (3/7)	259	tất cả	모두	모두·각각·다른·여러
127	정도·관계를 나타내는 말 (3/7)	259	giống	닮다, ~와 같다	모두·각각·다른·여러
127	정도·관계를 나타내는 말 (3/7)	259	giống nhau	서로 같은	모두·각각·다른·여러
127	정도·관계를 나타내는 말 (3/7)	259	cả hai	둘 다	모두·각각·다른·여러
127	정도·관계를 나타내는 말 (3/7)	259	toàn bộ	전부, 전체	모두·각각·다른·여러
127	정도·관계를 나타내는 말 (3/7)	259	một phần	일부분	모두·각각·다른·여러
127	정도·관계를 나타내는 말 (3/7)	259	tất cả mọi	모든	모두·각각·다른·여러
128	정도·관계를 나타내는 말 (4/7)	260	khắp	가득 찬, 퍼진	모두·각각·다른·여러
128	정도·관계를 나타내는 말 (4/7)	260	mọi thứ	모든 것	모두·각각·다른·여러
128	정도·관계를 나타내는 말 (4/7)	260	hầu hết	대부분	모두·각각·다른·여러
128	정도·관계를 나타내는 말 (4/7)	260	khắp nơi	곳곳에, 도처에	모두·각각·다른·여러
128	정도·관계를 나타내는 말 (4/7)	260	phần lớn	대부분	모두·각각·다른·여러
128	정도·관계를 나타내는 말 (4/7)	260	như nhau	(서로) 똑같다	모두·각각·다른·여러
128	정도·관계를 나타내는 말 (4/7)	260	chủ yếu	주로	모두·각각·다른·여러
128	정도·관계를 나타내는 말 (4/7)	260	đa phần	대부분	모두·각각·다른·여러
128	정도·관계를 나타내는 말 (4/7)	260	nhiều loại	많은 종류의	모두·각각·다른·여러
128	정도·관계를 나타내는 말 (4/7)	260	đa dạng	다양한	모두·각각·다른·여러
128	정도·관계를 나타내는 말 (4/7)	260	cùng loại	동류의	모두·각각·다른·여러
128	정도·관계를 나타내는 말 (4/7)	260	đồng đều	균등하다 · 고르다	모두·각각·다른·여러
128	정도·관계를 나타내는 말 (4/7)	260	mọi người đều	모두가 다	모두·각각·다른·여러
128	정도·관계를 나타내는 말 (4/7)	260	khắp thế giới	온 세상에, 전 세계에	모두·각각·다른·여러
128	정도·관계를 나타내는 말 (4/7)	260	khắp đất nước	전국 곳곳에	모두·각각·다른·여러
129	정도·관계를 나타내는 말 (5/7)	261	thiếu	부족하다, 빠지다 (còn thiếu: 빠져 있는)	양
129	정도·관계를 나타내는 말 (5/7)	261	nhiều	많은	양
129	정도·관계를 나타내는 말 (5/7)	261	ít	적은	양
129	정도·관계를 나타내는 말 (5/7)	261	thêm	더, 추가하다	양
129	정도·관계를 나타내는 말 (5/7)	261	số lượng	수량	양
129	정도·관계를 나타내는 말 (5/7)	261	giảm	줄이다, 줄어들다	양
129	정도·관계를 나타내는 말 (5/7)	261	bớt	줄이다, 덜다	양
129	정도·관계를 나타내는 말 (5/7)	261	hết	끝나다, 다 떨어지다	양
129	정도·관계를 나타내는 말 (5/7)	261	tăng	오르다, 늘다	양
129	정도·관계를 나타내는 말 (5/7)	261	đủ	충분하다, 다 채우다	양
129	정도·관계를 나타내는 말 (5/7)	261	thêm nữa	추가로, 그리고	양
129	정도·관계를 나타내는 말 (5/7)	261	hết rồi	다 떨어졌다, 끝났다	양
129	정도·관계를 나타내는 말 (5/7)	261	đầy đủ	충분한 · 가득한	양
129	정도·관계를 나타내는 말 (5/7)	261	hạn chế	제한하다, 억제하다	양
129	정도·관계를 나타내는 말 (5/7)	261	phong phú	풍부하다	양
129	정도·관계를 나타내는 말 (5/7)	261	nghèo nàn	빈약한, 부실한	양
130	정도·관계를 나타내는 말 (6/7)	262	của	~의(소유)	~의·~로·~에 대해·~에 따라
130	정도·관계를 나타내는 말 (6/7)	262	với	~와 함께, ~에게	~의·~로·~에 대해·~에 따라
130	정도·관계를 나타내는 말 (6/7)	262	cho	~을 위해, ~에게; 주다	~의·~로·~에 대해·~에 따라
130	정도·관계를 나타내는 말 (6/7)	262	bằng	~로, ~로써 (수단·방법); ~을 타고	~의·~로·~에 대해·~에 따라
130	정도·관계를 나타내는 말 (6/7)	262	như	같다, ~처럼	~의·~로·~에 대해·~에 따라
130	정도·관계를 나타내는 말 (6/7)	262	so với	~와 비교해서	~의·~로·~에 대해·~에 따라
130	정도·관계를 나타내는 말 (6/7)	262	đối với	~에 대해, ~에게 있어서	~의·~로·~에 대해·~에 따라
130	정도·관계를 나타내는 말 (6/7)	262	tùy	~에 따라 다르다	~의·~로·~에 대해·~에 따라
130	정도·관계를 나타내는 말 (6/7)	262	trừ	~을 제외하고	~의·~로·~에 대해·~에 따라
130	정도·관계를 나타내는 말 (6/7)	262	không kể	~을 제외하고	~의·~로·~에 대해·~에 따라
130	정도·관계를 나타내는 말 (6/7)	262	không tính	제외하다	~의·~로·~에 대해·~에 따라
130	정도·관계를 나타내는 말 (6/7)	262	tùy theo	~에 따라	~의·~로·~에 대해·~에 따라
130	정도·관계를 나타내는 말 (6/7)	262	cũng tùy	~에 달렸다	~의·~로·~에 대해·~에 따라
130	정도·관계를 나타내는 말 (6/7)	262	phụ thuộc vào	~에 의존하다	~의·~로·~에 대해·~에 따라
131	정도·관계를 나타내는 말 (7/7)	62	cũng	또한, ~도	가장·더·덜·~도·역시
131	정도·관계를 나타내는 말 (7/7)	62	nhất	가장, 제일	가장·더·덜·~도·역시
131	정도·관계를 나타내는 말 (7/7)	62	hơn	...보다도	가장·더·덜·~도·역시
131	정도·관계를 나타내는 말 (7/7)	62	có cả	~까지도 있다	가장·더·덜·~도·역시
131	정도·관계를 나타내는 말 (7/7)	62	nữa	더, 또	가장·더·덜·~도·역시
131	정도·관계를 나타내는 말 (7/7)	62	càng	더~, 점점~ · ~할수록	가장·더·덜·~도·역시
131	정도·관계를 나타내는 말 (7/7)	62	ngày càng	점점 더	가장·더·덜·~도·역시
131	정도·관계를 나타내는 말 (7/7)	62	ít nhất	적어도	가장·더·덜·~도·역시
131	정도·관계를 나타내는 말 (7/7)	62	ngay cả	~조차 · 심지어	가장·더·덜·~도·역시
131	정도·관계를 나타내는 말 (7/7)	62	ít ra	적어도	가장·더·덜·~도·역시
131	정도·관계를 나타내는 말 (7/7)	62	chênh lệch	차이, 격차	가장·더·덜·~도·역시
131	정도·관계를 나타내는 말 (7/7)	62	được	~하게 되다, ~할 수 있다	피동·사역 말
131	정도·관계를 나타내는 말 (7/7)	62	bị	~당하다, ~되다(좋지 않은 일)	피동·사역 말
131	정도·관계를 나타내는 말 (7/7)	62	khiến	~하게 만들다	피동·사역 말
131	정도·관계를 나타내는 말 (7/7)	62	bắt buộc	강요하다	피동·사역 말
131	정도·관계를 나타내는 말 (7/7)	62	cứ	계속 ~하다, 그대로 ~하다 ~	명령·금지 말
131	정도·관계를 나타내는 말 (7/7)	62	đừng	~하지 마라	명령·금지 말
131	정도·관계를 나타내는 말 (7/7)	62	hãy	~(하)세요	명령·금지 말
132	이어 주는 말 (1/4)	63	và	그리고, ~와	그리고·그러나·또는·그런데
132	이어 주는 말 (1/4)	63	còn	그런데, ~는(요)?	그리고·그러나·또는·그런데
132	이어 주는 말 (1/4)	63	hoặc	또는, 혹은	그리고·그러나·또는·그런데
132	이어 주는 말 (1/4)	63	hay	또는; (hay không) ~인지 아닌지	그리고·그러나·또는·그런데
132	이어 주는 말 (1/4)	63	nhưng	그러나, 하지만	그리고·그러나·또는·그런데
132	이어 주는 말 (1/4)	63	tuy nhiên	그러나, 하지만	그리고·그러나·또는·그런데
132	이어 주는 말 (1/4)	63	song	그러나 · 하지만	그리고·그러나·또는·그런데
132	이어 주는 말 (1/4)	63	có điều	다만, 그런데	그리고·그러나·또는·그런데
132	이어 주는 말 (1/4)	63	thay vì	대신	그리고·그러나·또는·그런데
132	이어 주는 말 (1/4)	63	nhân tiện	~하는 김에 · 기회에	그리고·그러나·또는·그런데
132	이어 주는 말 (1/4)	63	tiện dịp	~한 기회에	그리고·그러나·또는·그런데
133	이어 주는 말 (2/4)	64	vì	왜냐하면, ~때문에	왜냐하면·그래서·덕분에
133	이어 주는 말 (2/4)	64	nên	그래서 (원인-결과 접속사)	왜냐하면·그래서·덕분에
133	이어 주는 말 (2/4)	64	Do	~때문에 / ~로 인해	왜냐하면·그래서·덕분에
133	이어 주는 말 (2/4)	64	vì vậy	그래서, 그렇기 때문에	왜냐하면·그래서·덕분에
133	이어 주는 말 (2/4)	64	nhờ	~덕분에	왜냐하면·그래서·덕분에
133	이어 주는 말 (2/4)	64	bởi vì	왜냐하면…이기 때문에	왜냐하면·그래서·덕분에
133	이어 주는 말 (2/4)	64	vì thế	그 때문에	왜냐하면·그래서·덕분에
133	이어 주는 말 (2/4)	64	lí do	이유	왜냐하면·그래서·덕분에
133	이어 주는 말 (2/4)	64	cho nên	그래서	왜냐하면·그래서·덕분에
133	이어 주는 말 (2/4)	64	nhờ có	~ 덕분에	왜냐하면·그래서·덕분에
133	이어 주는 말 (2/4)	64	bởi vậy	그러니까, 그래서	왜냐하면·그래서·덕분에
134	이어 주는 말 (3/4)	65	thế	그러면, 그렇게 (말머리 어조)	만약·~하면·그렇다면
134	이어 주는 말 (3/4)	65	thì	~하면 (조건의 뒤 절)	만약·~하면·그렇다면
134	이어 주는 말 (3/4)	65	thế thì	그렇다면, 그러면	만약·~하면·그렇다면
134	이어 주는 말 (3/4)	65	nếu	만약 ~라면	만약·~하면·그렇다면
134	이어 주는 말 (3/4)	65	chỉ cần	~하기만 하면 된다	만약·~하면·그렇다면
134	이어 주는 말 (3/4)	65	thế còn	그렇다면	만약·~하면·그렇다면
134	이어 주는 말 (3/4)	65	mặc dù	비록 ~이지만	그런데도·비록
134	이어 주는 말 (3/4)	65	vậy mà	그런데도	그런데도·비록
134	이어 주는 말 (3/4)	65	thế mà	그런데도 (뜻밖)	그런데도·비록
134	이어 주는 말 (3/4)	65	dù vậy	그래도	그런데도·비록
134	이어 주는 말 (3/4)	65	tuy vậy	그렇지만, 그럼에도	그런데도·비록
135	이어 주는 말 (4/4)	172	để	~하기 위해서	첨가·목적
135	이어 주는 말 (4/4)	172	nhằm	~을 목표로 하다	첨가·목적
135	이어 주는 말 (4/4)	172	ngoài ra	그 외에, 게다가	첨가·목적
135	이어 주는 말 (4/4)	172	hơn nữa	게다가	첨가·목적
135	이어 주는 말 (4/4)	172	cũng như	~뿐만 아니라	첨가·목적
135	이어 주는 말 (4/4)	172	kể cả	~을 포함해서	첨가·목적
135	이어 주는 말 (4/4)	172	tức là	즉, 다시 말해	즉·요약하면·일반적으로·갑자기
135	이어 주는 말 (4/4)	172	đột nhiên	갑자기	즉·요약하면·일반적으로·갑자기
135	이어 주는 말 (4/4)	172	nói chung	일반적으로	즉·요약하면·일반적으로·갑자기
135	이어 주는 말 (4/4)	172	tóm lại	요약하면	즉·요약하면·일반적으로·갑자기
135	이어 주는 말 (4/4)	172	bỗng nhiên	갑자기	즉·요약하면·일반적으로·갑자기
135	이어 주는 말 (4/4)	172	nói riêng	특히, 개별적으로	즉·요약하면·일반적으로·갑자기
135	이어 주는 말 (4/4)	172	trên thực tế	실제로	즉·요약하면·일반적으로·갑자기
135	이어 주는 말 (4/4)	172	vậy	그래서, 그러면(어조사)	문장 끝말
135	이어 주는 말 (4/4)	172	nhé	(제안·권유를 나타내는 종결어) ~하자, ~해요	문장 끝말
135	이어 주는 말 (4/4)	172	chứ	맞지?	문장 끝말
136	식당 (1/4)	78	quán	가게, 작은 식당	식당·메뉴·주문·종업원
136	식당 (1/4)	78	quán cơm	밥집, 식당	식당·메뉴·주문·종업원
136	식당 (1/4)	78	nhà hàng	식당	식당·메뉴·주문·종업원
136	식당 (1/4)	78	quán ăn	음식점(캐주얼)	식당·메뉴·주문·종업원
136	식당 (1/4)	78	phục vụ	종업원·서비스	식당·메뉴·주문·종업원
136	식당 (1/4)	78	nhân viên phục vụ	종업원	식당·메뉴·주문·종업원
136	식당 (1/4)	78	kêu	부르다·주문하다	식당·메뉴·주문·종업원
136	식당 (1/4)	78	thực đơn	메뉴	식당·메뉴·주문·종업원
136	식당 (1/4)	78	gọi món	주문하다	식당·메뉴·주문·종업원
136	식당 (1/4)	78	gọi thêm	추가 주문하다	식당·메뉴·주문·종업원
136	식당 (1/4)	78	cơm bụi	값싼 밥, 서민식	식당·메뉴·주문·종업원
136	식당 (1/4)	78	phòng ẩm thực	식당가·푸드코트	식당·메뉴·주문·종업원
136	식당 (1/4)	78	cơm bình dân	대중적인 식사	식당·메뉴·주문·종업원
137	식당 (2/4)	79	ngon	맛있다	맛
137	식당 (2/4)	79	rất ngon	아주 맛있다	맛
137	식당 (2/4)	79	chua	시다	맛
137	식당 (2/4)	79	cay	맵다	맛
137	식당 (2/4)	79	mặn	짜다	맛
137	식당 (2/4)	79	hương vị	맛	맛
137	식당 (2/4)	79	hợp khẩu vị	입맛에 맞다	맛
137	식당 (2/4)	79	không hợp khẩu vị	내 취향이 아니다	맛
137	식당 (2/4)	79	tính tiền	계산하다	계산·영수증·매장에서
137	식당 (2/4)	79	hóa đơn	영수증·계산서	계산·영수증·매장에서
137	식당 (2/4)	79	tại chỗ	매장에서(먹기)	계산·영수증·매장에서
137	식당 (2/4)	79	dùng ở đây	여기서 먹다(매장에서)	계산·영수증·매장에서
137	식당 (2/4)	79	ăn tại chỗ	여기서 먹을게요	계산·영수증·매장에서
138	식당 (3/4)	80	tăm	이쑤시개	식기
138	식당 (3/4)	80	thìa	숟가락	식기
138	식당 (3/4)	80	nĩa	포크	식기
138	식당 (3/4)	80	cái thìa	숟가락	식기
138	식당 (3/4)	80	cái bát	그릇, 사발	식기
138	식당 (3/4)	80	đôi đũa	젓가락 한 쌍	식기
138	식당 (3/4)	80	giấy ăn	냅킨, 휴지	식기
139	식당 (4/4)	81	phở bò	소고기 쌀국수	식당 메뉴
139	식당 (4/4)	81	gà nướng	구운 치킨	식당 메뉴
139	식당 (4/4)	81	vịt quay	오리구이	식당 메뉴
139	식당 (4/4)	81	cơm chiên	볶음밥(남부)	식당 메뉴
139	식당 (4/4)	81	thập cẩm	모둠, 믹스	식당 메뉴
139	식당 (4/4)	81	lợn quay	통돼지 구이, 돼지 통구이	식당 메뉴
139	식당 (4/4)	81	cơm gà	치킨라이스	식당 메뉴
139	식당 (4/4)	81	cơm rang	볶음밥(북부)	식당 메뉴
139	식당 (4/4)	81	phở gà	닭고기 쌀국수	식당 메뉴
139	식당 (4/4)	81	phở tái	덜 익힌 소고기 쌀국수	식당 메뉴
139	식당 (4/4)	81	phở chín	푹 익힌 소고기 쌀국수	식당 메뉴
139	식당 (4/4)	81	vệ sinh thực phẩm	식품위생	식품 위생·식당 서비스
139	식당 (4/4)	81	thái độ phục vụ	서비스 태도	식품 위생·식당 서비스
139	식당 (4/4)	81	ngon quá	너무 맛있다	식당 표현
139	식당 (4/4)	81	không cay	안 맵게	식당 표현
139	식당 (4/4)	81	anh dùng gì	뭐 드시겠어요?(손님에게)	식당 표현
139	식당 (4/4)	81	xin giới thiệu món	(요리를) 추천해 주세요	식당 표현
140	카페 (1/2)	143	quán cà phê	카페	카페·음료점
140	카페 (1/2)	143	quán giải khát	음료점, 다과점	카페·음료점
140	카페 (1/2)	143	cà phê	커피	커피·차·음료 이름
140	카페 (1/2)	143	cà phê sữa	연유 커피	커피·차·음료 이름
140	카페 (1/2)	143	cà phê sữa đá	아이스 연유커피	커피·차·음료 이름
140	카페 (1/2)	143	trà	차	커피·차·음료 이름
140	카페 (1/2)	143	sinh tố	스무디, 생과일주스	커피·차·음료 이름
140	카페 (1/2)	143	cà phê đen	블랙 커피	커피·차·음료 이름
140	카페 (1/2)	143	cà phê đá	아이스 커피	커피·차·음료 이름
140	카페 (1/2)	143	pha	끓이다	커피·차·음료 이름
140	카페 (1/2)	143	trà đá	아이스티(차가운 차)	커피·차·음료 이름
140	카페 (1/2)	143	trà xanh	녹차	커피·차·음료 이름
140	카페 (1/2)	143	trà sữa	밀크티	커피·차·음료 이름
140	카페 (1/2)	143	trà chanh	레몬티	커피·차·음료 이름
140	카페 (1/2)	143	trà sữa trân châu	버블티	커피·차·음료 이름
141	카페 (2/2)	246	đá	얼음	얼음·우유·설탕·달다
141	카페 (2/2)	246	sữa	우유	얼음·우유·설탕·달다
141	카페 (2/2)	246	ngọt	달다	얼음·우유·설탕·달다
141	카페 (2/2)	246	nước đá	얼음물·얼음	얼음·우유·설탕·달다
141	카페 (2/2)	246	rất ngọt	아주 달다	얼음·우유·설탕·달다
141	카페 (2/2)	246	ngọt quá	너무 달다	얼음·우유·설탕·달다
141	카페 (2/2)	246	mang về	포장해 가다, 테이크아웃	포장·빨대·병
141	카페 (2/2)	246	chai nước	물병, 물 한 병	포장·빨대·병
141	카페 (2/2)	246	ống hút	빨대	포장·빨대·병
141	카페 (2/2)	246	kem	아이스크림; 크림	디저트·케이크·아이스크림
141	카페 (2/2)	246	tráng miệng	디저트	디저트·케이크·아이스크림
141	카페 (2/2)	246	bánh ngọt	케이크·단 빵	디저트·케이크·아이스크림
141	카페 (2/2)	246	bánh gatô	케이크	디저트·케이크·아이스크림
141	카페 (2/2)	246	đồ tráng miệng	후식, 디저트	디저트·케이크·아이스크림
142	베트남 음식 (1/4)	82	bánh mì	반미(베트남식 바게트 샌드위치)	대표 음식
142	베트남 음식 (1/4)	82	phở	쌀국수(퍼)	대표 음식
142	베트남 음식 (1/4)	82	bánh xèo	반쎄오(베트남식 부침개)	대표 음식
142	베트남 음식 (1/4)	82	bún	분(가는 쌀국수 면)	대표 음식
142	베트남 음식 (1/4)	82	xôi	찹쌀밥	대표 음식
142	베트남 음식 (1/4)	82	bánh gối	반고이 · 베개빵	대표 음식
142	베트남 음식 (1/4)	82	Bánh cuốn	반꾸온 (쌀피 찜말이)	대표 음식
142	베트남 음식 (1/4)	82	bánh chưng	사각 찹쌀떡	대표 음식
142	베트남 음식 (1/4)	82	chả cá	가물치 구이	대표 음식
142	베트남 음식 (1/4)	82	gỏi cuốn	월남쌈(생 스프링롤)	대표 음식
142	베트남 음식 (1/4)	82	cơm tấm	껌떰(깨진 쌀밥)	대표 음식
142	베트남 음식 (1/4)	82	bún thang	쌀국수	대표 음식
142	베트남 음식 (1/4)	82	chả băm	분짜 미트볼	대표 음식
142	베트남 음식 (1/4)	82	chả miếng	분짜 삼겹살	대표 음식
142	베트남 음식 (1/4)	82	nem rán	튀긴 만두, 춘권	대표 음식
142	베트남 음식 (1/4)	82	bánh mì que	스틱 반미	대표 음식
143	베트남 음식 (2/4)	83	mắm	젓갈	재료·양념
143	베트남 음식 (2/4)	83	nước mắm	느억맘(피시소스, 액젓)	재료·양념
143	베트남 음식 (2/4)	83	rau thơm	향채, 허브	재료·양념
143	베트남 음식 (2/4)	83	nước tương	간장	재료·양념
143	베트남 음식 (2/4)	83	rau mùi	고수	재료·양념
143	베트남 음식 (2/4)	83	nước xương	육수, 뼈국물	재료·양념
143	베트남 음식 (2/4)	83	thành phần chủ yếu	주요 성분, 주재료	재료·양념
143	베트남 음식 (2/4)	83	nướng	굽다	조리법
143	베트남 음식 (2/4)	83	hấp	찌다	조리법
143	베트남 음식 (2/4)	83	tái	창백하다; 살짝 익힌	조리법
143	베트남 음식 (2/4)	83	chiên	튀기다, 부치다	조리법
143	베트남 음식 (2/4)	83	rán	부치다, 튀기다	조리법
143	베트남 음식 (2/4)	83	Rang	볶다	조리법
143	베트남 음식 (2/4)	83	luộc	삶다	조리법
143	베트남 음식 (2/4)	83	xào	볶다	조리법
143	베트남 음식 (2/4)	83	làm nguội	식히다	조리법
144	베트남 음식 (3/4)	84	cơm	밥	음식 일반
144	베트남 음식 (3/4)	84	món	음식, 요리 (가짓수를 세는 단위)	음식 일반
144	베트남 음식 (3/4)	84	món ăn	음식·요리	음식 일반
144	베트남 음식 (3/4)	84	bánh	빵, 과자	음식 일반
144	베트남 음식 (3/4)	84	đặc sản	특산품	음식 일반
144	베트남 음식 (3/4)	84	canh	국물	음식 일반
144	베트남 음식 (3/4)	84	chay	채식의, 채식	음식 일반
144	베트남 음식 (3/4)	84	cháo	죽	음식 일반
144	베트남 음식 (3/4)	84	đồ ăn	먹을 / 거	음식 일반
145	베트남 음식 (4/4)	85	ẩm thực	음식	음식 일반
145	베트남 음식 (4/4)	85	đồ chay	채식(음식)	음식 일반
145	베트남 음식 (4/4)	85	kim chi	김치	음식 일반
145	베트남 음식 (4/4)	85	cơm trắng	맨밥	음식 일반
145	베트남 음식 (4/4)	85	món mặn	메인 요리, 짠 음식	음식 일반
145	베트남 음식 (4/4)	85	đồ mặn	육식(고기 음식)	음식 일반
145	베트남 음식 (4/4)	85	món Hàn	한국 음식	음식 일반
145	베트남 음식 (4/4)	85	nhiều dầu mỡ	기름진, 기름기가 많은	음식 일반
146	먹을거리 (1/7)	86	táo	사과(나무)	과일
146	먹을거리 (1/7)	86	cam	오렌지	과일
146	먹을거리 (1/7)	86	lê	배(과일)	과일
146	먹을거리 (1/7)	86	trái cây	과일	과일
146	먹을거리 (1/7)	86	dâu	딸기; 며느리	과일
146	먹을거리 (1/7)	86	chanh	라임, 레몬	과일
146	먹을거리 (1/7)	86	xoài	망고	과일
146	먹을거리 (1/7)	86	đu đủ	파파야	과일
146	먹을거리 (1/7)	86	đào	복숭아	과일
146	먹을거리 (1/7)	86	nho	포도	과일
146	먹을거리 (1/7)	86	dưa	참외·수박류, 절임채소	과일
146	먹을거리 (1/7)	86	chuối	바나나	과일
146	먹을거리 (1/7)	86	dừa	코코넛	과일
146	먹을거리 (1/7)	86	mít	잭프루트	과일
147	먹을거리 (2/7)	87	cherry	체리	과일
147	먹을거리 (2/7)	87	mía	사탕수수	과일
147	먹을거리 (2/7)	87	dứa	파인애플	과일
147	먹을거리 (2/7)	87	mận	자두	과일
147	먹을거리 (2/7)	87	bưởi	자몽 (포멜로)	과일
147	먹을거리 (2/7)	87	quýt	귤	과일
147	먹을거리 (2/7)	87	ổi	구아바	과일
147	먹을거리 (2/7)	87	hoa quả	과일	과일
147	먹을거리 (2/7)	87	dâu tây	딸기	과일
147	먹을거리 (2/7)	87	dưa hấu	수박	과일
147	먹을거리 (2/7)	87	thanh long	용과	과일
147	먹을거리 (2/7)	87	quả bưởi	자몽(포멜로) 한 개	과일
147	먹을거리 (2/7)	87	sầu riêng	두리안	과일
147	먹을거리 (2/7)	87	chanh leo	패션프루트	과일
148	먹을거리 (3/7)	88	rau	채소	채소
148	먹을거리 (3/7)	88	nấm	버섯	채소
148	먹을거리 (3/7)	88	khoai tây	감자	채소
148	먹을거리 (3/7)	88	cà chua	토마토	채소
148	먹을거리 (3/7)	88	cà rốt	당근	채소
148	먹을거리 (3/7)	88	xà lách	상추	채소
148	먹을거리 (3/7)	88	bắp cải	양배추	채소
148	먹을거리 (3/7)	88	dưa chuột	오이	채소
148	먹을거리 (3/7)	88	khoai lang	고구마	채소
148	먹을거리 (3/7)	88	dưa leo	오이	채소
148	먹을거리 (3/7)	88	hành tây	양파	채소
148	먹을거리 (3/7)	88	rau bina	시금치	채소
148	먹을거리 (3/7)	88	bí đỏ	호박	채소
149	먹을거리 (4/7)	144	cá	생선	고기·생선·해산물
149	먹을거리 (4/7)	144	thịt	고기	고기·생선·해산물
149	먹을거리 (4/7)	144	bò	소, 소고기	고기·생선·해산물
149	먹을거리 (4/7)	144	cua	게	고기·생선·해산물
149	먹을거리 (4/7)	144	thịt bò	소고기	고기·생선·해산물
149	먹을거리 (4/7)	144	mỡ	기름, 지방	고기·생선·해산물
149	먹을거리 (4/7)	144	gà	닭	고기·생선·해산물
149	먹을거리 (4/7)	144	mực	오징어	고기·생선·해산물
149	먹을거리 (4/7)	144	ốc	달팽이, 고둥	고기·생선·해산물
150	먹을거리 (5/7)	178	tôm	새우	고기·생선·해산물
150	먹을거리 (5/7)	178	nghêu	조개	고기·생선·해산물
150	먹을거리 (5/7)	178	ruốc	고기 솜(잘게 찢은 말린 고기)	고기·생선·해산물
150	먹을거리 (5/7)	178	xúc xích	소시지	고기·생선·해산물
150	먹을거리 (5/7)	178	thịt gà	닭고기	고기·생선·해산물
150	먹을거리 (5/7)	178	thịt lợn	돼지고기(북부)	고기·생선·해산물
150	먹을거리 (5/7)	178	thịt heo	돼지고기(남부)	고기·생선·해산물
150	먹을거리 (5/7)	178	giăm bông	햄	고기·생선·해산물
150	먹을거리 (5/7)	178	thịt vịt	오리고기	고기·생선·해산물
150	먹을거리 (5/7)	178	mì	면·국수	곡물·빵·면·쌀
150	먹을거리 (5/7)	178	ngô	옥수수	곡물·빵·면·쌀
150	먹을거리 (5/7)	178	gạo	쌀	곡물·빵·면·쌀
150	먹을거리 (5/7)	178	bánh bao	찐빵·왕만두	곡물·빵·면·쌀
150	먹을거리 (5/7)	178	bánh đa	쌀과자, 쌀국수 면 (종류)	곡물·빵·면·쌀
151	먹을거리 (6/7)	247	trứng	계란	유제품·계란·두유
151	먹을거리 (6/7)	247	bơ	아보카도; 버터	유제품·계란·두유
151	먹을거리 (6/7)	247	sữa chua	요거트	유제품·계란·두유
151	먹을거리 (6/7)	247	sữa tươi	생우유	유제품·계란·두유
151	먹을거리 (6/7)	247	sữa đậu nành	두유	유제품·계란·두유
151	먹을거리 (6/7)	247	lạc	땅콩	콩·견과
151	먹을거리 (6/7)	247	đậu xanh	녹두	콩·견과
151	먹을거리 (6/7)	247	kẹo	사탕	간식·과자·사탕·초콜릿·꿀
151	먹을거리 (6/7)	247	sô cô la	초콜릿	간식·과자·사탕·초콜릿·꿀
151	먹을거리 (6/7)	247	mật ong	꿀	간식·과자·사탕·초콜릿·꿀
152	먹을거리 (7/7)	97	nước suối	생수	음료·술·주스
152	먹을거리 (7/7)	97	nước uống	음료	음료·술·주스
152	먹을거리 (7/7)	97	nước cam	오렌지 주스	음료·술·주스
152	먹을거리 (7/7)	97	đồ uống	음료	음료·술·주스
152	먹을거리 (7/7)	97	nước ngọt	탄산음료, 청량음료	음료·술·주스
152	먹을거리 (7/7)	97	nước ép	착즙 주스	음료·술·주스
152	먹을거리 (7/7)	97	nước chanh	레몬(라임) 주스	음료·술·주스
152	먹을거리 (7/7)	97	nước lọc	생수·정수기 물	음료·술·주스
152	먹을거리 (7/7)	97	nước dừa	코코넛 주스	음료·술·주스
152	먹을거리 (7/7)	97	nước dứa	파인애플 주스(= nước ép dứa)	음료·술·주스
152	먹을거리 (7/7)	97	nước ép dứa	파인애플 주스	음료·술·주스
152	먹을거리 (7/7)	97	nước dưa hấu	수박 주스	음료·술·주스
152	먹을거리 (7/7)	97	ớt	고추	양념
152	먹을거리 (7/7)	97	tỏi	마늘	양념
152	먹을거리 (7/7)	97	gừng	생강	양념
152	먹을거리 (7/7)	97	tươi	신선하다	음식 상태
153	회식과 술자리	99	bia	맥주	술·잔·건배·취하다
153	회식과 술자리	99	say	취하다	술·잔·건배·취하다
153	회식과 술자리	99	rượu	술	술·잔·건배·취하다
153	회식과 술자리	99	chén	잔	술·잔·건배·취하다
153	회식과 술자리	99	nhậu	술마시다·술자리(구어)	술·잔·건배·취하다
153	회식과 술자리	99	nâng ly	잔을 들다, 건배하다	술·잔·건배·취하다
153	회식과 술자리	99	rượu vang	와인	술·잔·건배·취하다
153	회식과 술자리	99	cụng ly	건배하다	술·잔·건배·취하다
153	회식과 술자리	99	quốc lủi	베트남 전통주	술·잔·건배·취하다
153	회식과 술자리	99	rượu vào lời ra	술이 들어가면 말이 많아진다 (취중진담)	술·잔·건배·취하다
153	회식과 술자리	99	quán bar	바	술집·노래방·바
153	회식과 술자리	99	vũ trường	무도회장 · 클럽	술집·노래방·바
153	회식과 술자리	99	quán nhậu	술집	술집·노래방·바
153	회식과 술자리	99	quán karaoke	노래방	술집·노래방·바
153	회식과 술자리	99	chầu	한턱 내다 · 대접하다	한턱·회식
153	회식과 술자리	99	chiêu đãi	대접하다 · 환대하다	한턱·회식
153	회식과 술자리	99	chầu cà phê	커피 한턱, 한잔 사기	한턱·회식
153	회식과 술자리	99	nghiện rượu	알코올 중독	안주·알코올 중독
153	회식과 술자리	99	món nhậu	안주	안주·알코올 중독
154	여행 (1/4)	32	du lịch	여행하다	여행·관광·관광객·가이드
154	여행 (1/4)	32	tham quan	관광하다, 견학하다	여행·관광·관광객·가이드
154	여행 (1/4)	32	đi du lịch	여행 가다	여행·관광·관광객·가이드
154	여행 (1/4)	32	du khách	관광객	여행·관광·관광객·가이드
154	여행 (1/4)	32	chuyến đi	여행	여행·관광·관광객·가이드
154	여행 (1/4)	32	một vòng	한 바퀴	여행·관광·관광객·가이드
154	여행 (1/4)	32	thám hiểm	탐험하다	여행·관광·관광객·가이드
154	여행 (1/4)	32	lưu niệm	기념하다	여행·관광·관광객·가이드
154	여행 (1/4)	32	hướng dẫn viên	가이드	여행·관광·관광객·가이드
154	여행 (1/4)	32	quà lưu niệm	기념품, / 기념 / 선물	여행·관광·관광객·가이드
154	여행 (1/4)	32	quầy thông tin	안내소	여행·관광·관광객·가이드
155	여행 (2/4)	33	cất cánh	이륙하다	비행기·공항 절차
155	여행 (2/4)	33	chuyến bay	비행편	비행기·공항 절차
155	여행 (2/4)	33	hạ cánh	착륙하다	비행기·공항 절차
155	여행 (2/4)	33	quá cảnh	경유·환승	비행기·공항 절차
155	여행 (2/4)	33	hãng hàng không	항공사	비행기·공항 절차
155	여행 (2/4)	33	thẻ lên máy bay	탑승권	비행기·공항 절차
155	여행 (2/4)	33	mang theo	반입하다	짐·여권·신고·국경·입국
155	여행 (2/4)	33	vali	여행가방	짐·여권·신고·국경·입국
155	여행 (2/4)	33	biên giới	국경	짐·여권·신고·국경·입국
155	여행 (2/4)	33	hành lý	짐, 수하물	짐·여권·신고·국경·입국
155	여행 (2/4)	33	thất lạc	분실하다	짐·여권·신고·국경·입국
155	여행 (2/4)	33	khai báo	신고하다	짐·여권·신고·국경·입국
155	여행 (2/4)	33	nhập cảnh	입국	짐·여권·신고·국경·입국
155	여행 (2/4)	33	hành trang	여행 짐	짐·여권·신고·국경·입국
155	여행 (2/4)	33	cửa khẩu	검문소	짐·여권·신고·국경·입국
155	여행 (2/4)	33	xuất cảnh	출국(하다)	짐·여권·신고·국경·입국
156	여행 (3/4)	156	cảnh	풍경, 경치	명소·유적·경치
156	여행 (3/4)	156	ngắm	감상하다	명소·유적·경치
156	여행 (3/4)	156	kinh thành	성곽 도시	명소·유적·경치
156	여행 (3/4)	156	bức tượng	조각상 · 동상	명소·유적·경치
156	여행 (3/4)	156	di tích	유적 · 유물	명소·유적·경치
156	여행 (3/4)	156	cảnh quan	경관 · 풍경	명소·유적·경치
156	여행 (3/4)	156	thắng cảnh	경승지	명소·유적·경치
156	여행 (3/4)	156	danh lam	명승지	명소·유적·경치
156	여행 (3/4)	156	Hồ Tây	서호(하노이)	명소·유적·경치
156	여행 (3/4)	156	vé vào cửa	입장권	명소·유적·경치
156	여행 (3/4)	156	danh lam thắng cảnh	명승지 · 관광명소	명소·유적·경치
156	여행 (3/4)	156	địa điểm du lịch	관광지	명소·유적·경치
156	여행 (3/4)	156	nơi có thắng cảnh	명소	명소·유적·경치
156	여행 (3/4)	156	điểm du lịch nổi tiếng	유명한 관광지	명소·유적·경치
157	여행 (4/4)	232	giờ đến	도착 시간	예약·일정
157	여행 (4/4)	232	đặt vé	표를 예매하다	예약·일정
157	여행 (4/4)	232	hành trình	여정	예약·일정
157	여행 (4/4)	232	trọn gói	풀 옵션, 올인원	예약·일정
157	여행 (4/4)	232	giờ khởi hành	출발 시간	예약·일정
157	여행 (4/4)	232	tua trọn gói	패키지 여행	예약·일정
157	여행 (4/4)	232	2 ngày 1 đêm	1박 2일	예약·일정
158	숙소 (1/2)	157	khách sạn	호텔	호텔·여관·게스트하우스·방 종류
158	숙소 (1/2)	157	phòng đơn	1인실	호텔·여관·게스트하우스·방 종류
158	숙소 (1/2)	157	nhà nghỉ	여관·모텔	호텔·여관·게스트하우스·방 종류
158	숙소 (1/2)	157	nhà khách	게스트하우스	호텔·여관·게스트하우스·방 종류
158	숙소 (1/2)	157	đặt trước	예약하다	체크인·체크아웃·예약 확인
158	숙소 (1/2)	157	đặt phòng	방을 예약하다	체크인·체크아웃·예약 확인
158	숙소 (1/2)	157	nhận phòng	체크인하다	체크인·체크아웃·예약 확인
158	숙소 (1/2)	157	trả phòng	체크아웃하다	체크인·체크아웃·예약 확인
158	숙소 (1/2)	157	mã đặt chỗ	예약번호	체크인·체크아웃·예약 확인
158	숙소 (1/2)	157	xác nhận đặt chỗ	예약 확인	체크인·체크아웃·예약 확인
158	숙소 (1/2)	157	thời gian nhận phòng	체크인 시간	체크인·체크아웃·예약 확인
159	숙소 (2/2)	233	thang máy	엘리베이터	로비·엘리베이터·접수·시설
159	숙소 (2/2)	233	sảnh	로비	로비·엘리베이터·접수·시설
159	숙소 (2/2)	233	tiện nghi	편의시설	로비·엘리베이터·접수·시설
159	숙소 (2/2)	233	lễ tân	접수처	로비·엘리베이터·접수·시설
159	숙소 (2/2)	233	thang cuốn	에스컬레이터	로비·엘리베이터·접수·시설
159	숙소 (2/2)	233	thẻ phòng	객실 카드키	로비·엘리베이터·접수·시설
159	숙소 (2/2)	233	trú	머물다, 거주하다	숙박하다·하룻밤·텐트
159	숙소 (2/2)	233	lều	텐트	숙박하다·하룻밤·텐트
159	숙소 (2/2)	233	ở lại	머무르다	숙박하다·하룻밤·텐트
159	숙소 (2/2)	233	qua đêm	하룻밤 묵다	숙박하다·하룻밤·텐트
159	숙소 (2/2)	233	lưu trú	숙박하다	숙박하다·하룻밤·텐트
160	사고 팔기 (1/6)	66	mua	사다	사다·팔다·가격·물가
160	사고 팔기 (1/6)	66	giá	가격	사다·팔다·가격·물가
160	사고 팔기 (1/6)	66	sắm	장만하다·사들이다	사다·팔다·가격·물가
160	사고 팔기 (1/6)	66	mua sắm	쇼핑하다	사다·팔다·가격·물가
160	사고 팔기 (1/6)	66	bán	팔다	사다·팔다·가격·물가
160	사고 팔기 (1/6)	66	giá cả	물가, 가격	사다·팔다·가격·물가
160	사고 팔기 (1/6)	66	phí	요금, 비용	사다·팔다·가격·물가
160	사고 팔기 (1/6)	66	tiêu	소비하다	사다·팔다·가격·물가
160	사고 팔기 (1/6)	66	túi tiền	예산	사다·팔다·가격·물가
160	사고 팔기 (1/6)	66	tăng giá	값이 오르다	사다·팔다·가격·물가
160	사고 팔기 (1/6)	66	mở hàng	장사를 시작하다 (첫 손님)	사다·팔다·가격·물가
160	사고 팔기 (1/6)	66	sắm sửa	장만하다, 준비하다	사다·팔다·가격·물가
160	사고 팔기 (1/6)	66	bán mở hàng	첫 손님에게 팔아 복을 연다	사다·팔다·가격·물가
161	사고 팔기 (2/6)	67	rẻ	싸다	비싸다·싸다·할인·판촉
161	사고 팔기 (2/6)	67	mắc	비싼(남부 방언)	비싸다·싸다·할인·판촉
161	사고 팔기 (2/6)	67	giảm giá	할인하다	비싸다·싸다·할인·판촉
161	사고 팔기 (2/6)	67	khuyến mãi	판촉, 프로모션, 할인 행사	비싸다·싸다·할인·판촉
161	사고 팔기 (2/6)	67	đắt	비싸다	비싸다·싸다·할인·판촉
161	사고 팔기 (2/6)	67	quà tặng	증정품	비싸다·싸다·할인·판촉
161	사고 팔기 (2/6)	67	đáng tiền	값어치가 있다	비싸다·싸다·할인·판촉
161	사고 팔기 (2/6)	67	khuyến mại	프로모션	비싸다·싸다·할인·판촉
161	사고 팔기 (2/6)	67	biển quảng cáo	광고판	비싸다·싸다·할인·판촉
161	사고 팔기 (2/6)	67	giá rẻ bất ngờ	파격적인 할인가	비싸다·싸다·할인·판촉
162	사고 팔기 (3/6)	68	siêu thị	마트	시장·가게·마트·면세점
162	사고 팔기 (3/6)	68	chợ	시장	시장·가게·마트·면세점
162	사고 팔기 (3/6)	68	nhà sách	서점	시장·가게·마트·면세점
162	사고 팔기 (3/6)	68	cửa hàng	가게	시장·가게·마트·면세점
162	사고 팔기 (3/6)	68	trung tâm thương mại	쇼핑몰, 상업 센터	시장·가게·마트·면세점
162	사고 팔기 (3/6)	68	hiệu	가게(전문적인 품목을 취급하는 가게)	시장·가게·마트·면세점
162	사고 팔기 (3/6)	68	bày	진열하다	시장·가게·마트·면세점
162	사고 팔기 (3/6)	68	miễn thuế	면세	시장·가게·마트·면세점
162	사고 팔기 (3/6)	68	chợ phiên	정기 시장	시장·가게·마트·면세점
162	사고 팔기 (3/6)	68	cửa hàng hoa	꽃집	시장·가게·마트·면세점
162	사고 팔기 (3/6)	68	cửa hàng miễn thuế	면세점	시장·가게·마트·면세점
163	사고 팔기 (4/6)	173	trả	돌려주다, 지불하다	계산·현금·카드·거스름돈·영수증·청구서
163	사고 팔기 (4/6)	173	trả tiền	돈을 내다, 계산하다	계산·현금·카드·거스름돈·영수증·청구서
163	사고 팔기 (4/6)	173	tiền mặt	현금	계산·현금·카드·거스름돈·영수증·청구서
163	사고 팔기 (4/6)	173	quầy	계산대	계산·현금·카드·거스름돈·영수증·청구서
163	사고 팔기 (4/6)	173	thanh toán	계산하다	계산·현금·카드·거스름돈·영수증·청구서
163	사고 팔기 (4/6)	173	tiền thối	거스름돈	계산·현금·카드·거스름돈·영수증·청구서
163	사고 팔기 (4/6)	173	biên lai	영수증	계산·현금·카드·거스름돈·영수증·청구서
163	사고 팔기 (4/6)	173	tiền thừa	거스름돈	계산·현금·카드·거스름돈·영수증·청구서
163	사고 팔기 (4/6)	173	hóa đơn thanh toán	청구서	계산·현금·카드·거스름돈·영수증·청구서
163	사고 팔기 (4/6)	173	đảm bảo	보장하다, 담보하다	교환·환불·품절·재고·보증
163	사고 팔기 (4/6)	173	trả lại	반품하다	교환·환불·품절·재고·보증
163	사고 팔기 (4/6)	173	còn hàng	재고 있음	교환·환불·품절·재고·보증
163	사고 팔기 (4/6)	173	bảo hành	보증	교환·환불·품절·재고·보증
163	사고 팔기 (4/6)	173	đổi hàng	교환하다	교환·환불·품절·재고·보증
163	사고 팔기 (4/6)	173	hoàn tiền	환불	교환·환불·품절·재고·보증
163	사고 팔기 (4/6)	173	hết hàng	품절	교환·환불·품절·재고·보증
164	사고 팔기 (5/6)	243	hàng hóa	상품, 물품	흥정·진품·상품·소비자
164	사고 팔기 (5/6)	243	sản phẩm	상품	흥정·진품·상품·소비자
164	사고 팔기 (5/6)	243	mặt hàng	품목, 상품	흥정·진품·상품·소비자
164	사고 팔기 (5/6)	243	người bán hàng	판매원	흥정·진품·상품·소비자
164	사고 팔기 (5/6)	243	mặc cả	흥정하다	흥정·진품·상품·소비자
164	사고 팔기 (5/6)	243	chính hiệu	진품의, 정통의	흥정·진품·상품·소비자
164	사고 팔기 (5/6)	243	chèo kéo	끈질기게 붙들다, 호객 행위 하다	흥정·진품·상품·소비자
164	사고 팔기 (5/6)	243	người tiêu dùng	소비자	흥정·진품·상품·소비자
164	사고 팔기 (5/6)	243	người mua hàng	구매자	흥정·진품·상품·소비자
165	사고 팔기 (6/6)	28	rẻ quá	너무 싸다	쇼핑 표현
165	사고 팔기 (6/6)	28	không có tiền lẻ	잔돈이 없어요	쇼핑 표현
165	사고 팔기 (6/6)	28	dùng thử	시도해보다	쇼핑 표현
165	사고 팔기 (6/6)	28	đắt quá	너무 비싸요	쇼핑 표현
165	사고 팔기 (6/6)	28	chọn thoải mái	편하게 고르세요	쇼핑 표현
165	사고 팔기 (6/6)	28	tôi lấy cái này	이걸로 할게요	쇼핑 표현
165	사고 팔기 (6/6)	28	hết bao nhiêu tiền	(전부 해서) 얼마인가요?	쇼핑 표현
165	사고 팔기 (6/6)	28	cho tôi hóa đơn	영수증 주세요	쇼핑 표현
165	사고 팔기 (6/6)	28	có cỡ khác không	다른 사이즈 있나요?	쇼핑 표현
165	사고 팔기 (6/6)	28	tôi có thể thử không	입어 봐도 돼요?	쇼핑 표현
165	사고 팔기 (6/6)	28	có thanh toán bằng thẻ không	카드 돼요?	쇼핑 표현
166	옷 (1/3)	70	áo	옷, 상의	옷 일반
166	옷 (1/3)	70	quần áo	옷, 의류	옷 일반
166	옷 (1/3)	70	lụa	비단	옷 일반
166	옷 (1/3)	70	may mặc	옷 짓기, 의류	옷 일반
166	옷 (1/3)	70	bộ quần áo	상하의 한 벌, 옷 한 세트	옷 일반
166	옷 (1/3)	70	kiểu thiết kế	디자인	옷 일반
166	옷 (1/3)	70	áo sơ mi	와이셔츠	상의
166	옷 (1/3)	70	áo thun	티셔츠	상의
166	옷 (1/3)	70	áo len	니트, 스웨터	상의
166	옷 (1/3)	70	áo phông	티셔츠	상의
166	옷 (1/3)	70	áo may ô	러닝셔츠, 민소매	상의
166	옷 (1/3)	70	áo cộc tay	반팔 셔츠	상의
166	옷 (1/3)	70	áo pô lô	폴로 셔츠, 카라 티셔츠	상의
167	옷 (2/3)	71	quần	바지	하의·치마·원피스
167	옷 (2/3)	71	váy	치마, 원피스	하의·치마·원피스
167	옷 (2/3)	71	quần jean	청바지	하의·치마·원피스
167	옷 (2/3)	71	chiếc váy	치마	하의·치마·원피스
167	옷 (2/3)	71	quần đùi	반바지	하의·치마·원피스
167	옷 (2/3)	71	quần bò	청바지	하의·치마·원피스
167	옷 (2/3)	71	quần short	반바지	하의·치마·원피스
167	옷 (2/3)	71	quần soóc	반바지, 쇼츠	하의·치마·원피스
167	옷 (2/3)	71	quần sooc	반바지, 쇼츠	하의·치마·원피스
167	옷 (2/3)	71	tất	양말	신발·양말·슬리퍼
167	옷 (2/3)	71	dép	슬리퍼, 샌들	신발·양말·슬리퍼
167	옷 (2/3)	71	giày thể thao	운동화	신발·양말·슬리퍼
167	옷 (2/3)	71	giầy	신발, 구두	신발·양말·슬리퍼
167	옷 (2/3)	71	dép lê	슬리퍼	신발·양말·슬리퍼
167	옷 (2/3)	71	giày cao gót	하이힐	신발·양말·슬리퍼
168	옷 (3/3)	142	mũ	모자	모자·장갑·스카프·벨트
168	옷 (3/3)	142	nón	베트남전통모자	모자·장갑·스카프·벨트
168	옷 (3/3)	142	găng	장갑	모자·장갑·스카프·벨트
168	옷 (3/3)	142	găng tay	장갑	모자·장갑·스카프·벨트
168	옷 (3/3)	142	thắt lưng	벨트, 허리띠	모자·장갑·스카프·벨트
168	옷 (3/3)	142	khăn quàng	스카프	모자·장갑·스카프·벨트
168	옷 (3/3)	142	mũ bảo hiểm	헬멧	모자·장갑·스카프·벨트
168	옷 (3/3)	142	áo dài	아오자이(베트남 전통 의상)	외투·정장·잠옷·수영복·아오자이
168	옷 (3/3)	142	áo khoác	겉옷, 자켓	외투·정장·잠옷·수영복·아오자이
168	옷 (3/3)	142	áo mưa	우비	외투·정장·잠옷·수영복·아오자이
168	옷 (3/3)	142	áo bơi	수영복	외투·정장·잠옷·수영복·아오자이
168	옷 (3/3)	142	bộ complê	정장	외투·정장·잠옷·수영복·아오자이
168	옷 (3/3)	142	áo măng tô	외투, 코트	외투·정장·잠옷·수영복·아오자이
168	옷 (3/3)	142	bộ quần áo ngủ	잠옷 세트	외투·정장·잠옷·수영복·아오자이
168	옷 (3/3)	142	cỡ	크기, 사이즈	사이즈·입어 보다·맞춤·기성복
168	옷 (3/3)	142	may đo	맞춤 제작 의류	사이즈·입어 보다·맞춤·기성복
168	옷 (3/3)	142	may sẵn	기성복	사이즈·입어 보다·맞춤·기성복
169	소지품 (1/2)	174	túi	봉지·가방	가방·지갑·배낭
169	소지품 (1/2)	174	túi xách	가방, 핸드백	가방·지갑·배낭
169	소지품 (1/2)	174	ví	지갑	가방·지갑·배낭
169	소지품 (1/2)	174	va li	여행 가방	가방·지갑·배낭
169	소지품 (1/2)	174	bóp	지갑(남부)	가방·지갑·배낭
169	소지품 (1/2)	174	ba lô	배낭, 백팩	가방·지갑·배낭
169	소지품 (1/2)	174	kính	안경	안경·선글라스·시계
169	소지품 (1/2)	174	đồng hồ	시계	안경·선글라스·시계
169	소지품 (1/2)	174	kính râm	선글라스	안경·선글라스·시계
169	소지품 (1/2)	174	mắt kính	안경(남부)	안경·선글라스·시계
169	소지품 (1/2)	174	kính mắt	안경	안경·선글라스·시계
170	소지품 (2/2)	244	nhẫn	반지	반지·목걸이·팔찌·귀걸이
170	소지품 (2/2)	244	vòng tay	팔찌	반지·목걸이·팔찌·귀걸이
170	소지품 (2/2)	244	trang sức	보석	반지·목걸이·팔찌·귀걸이
170	소지품 (2/2)	244	vòng cổ	목걸이	반지·목걸이·팔찌·귀걸이
170	소지품 (2/2)	244	đá quý	보석	반지·목걸이·팔찌·귀걸이
170	소지품 (2/2)	244	bông tai	귀걸이	반지·목걸이·팔찌·귀걸이
170	소지품 (2/2)	244	nước hoa	향수	향수·화장품·사진기
170	소지품 (2/2)	244	máy ảnh	사진기	향수·화장품·사진기
170	소지품 (2/2)	244	kem tay	핸드크림	향수·화장품·사진기
170	소지품 (2/2)	244	kem chống nắng	자외선 / 차단제	향수·화장품·사진기
171	색깔 (1/2)	69	đen	검은	색 이름
171	색깔 (1/2)	69	đỏ	빨갛다	색 이름
171	색깔 (1/2)	69	xanh	파란, 초록의	색 이름
171	색깔 (1/2)	69	hồng	핑크색	색 이름
171	색깔 (1/2)	69	trắng	하얀	색 이름
171	색깔 (1/2)	69	vàng	노란색	색 이름
171	색깔 (1/2)	69	nâu	갈색	색 이름
171	색깔 (1/2)	69	xám	회색	색 이름
171	색깔 (1/2)	69	tím	보라색	색 이름
171	색깔 (1/2)	69	màu đỏ	빨간색	색 이름
171	색깔 (1/2)	69	màu đen	검은색	색 이름
171	색깔 (1/2)	69	màu vàng	노란색	색 이름
172	색깔 (2/2)	128	màu trắng	흰색	색 이름
172	색깔 (2/2)	128	xanh lá	초록색	색 이름
172	색깔 (2/2)	128	màu hồng	분홍색	색 이름
172	색깔 (2/2)	128	màu nâu	갈색	색 이름
172	색깔 (2/2)	128	màu tím	보라색	색 이름
172	색깔 (2/2)	128	màu cam	주황색	색 이름
172	색깔 (2/2)	128	màu xám	회색	색 이름
172	색깔 (2/2)	128	xanh dương	파란색	색 이름
172	색깔 (2/2)	128	xanh lá cây	초록색	색 이름
172	색깔 (2/2)	128	màu xanh dương	파란색	색 이름
172	색깔 (2/2)	128	màu xanh lá cây	초록색, 녹색	색 이름
172	색깔 (2/2)	128	màu xanh da trời	파란색	색 이름
172	색깔 (2/2)	128	đậm	진한	색 표현
172	색깔 (2/2)	128	trong suốt	투명하다	색 표현
172	색깔 (2/2)	128	màu sắc	색상	색 표현
173	옷차림과 몸단장 (1/4)	73	diện	차려입다, 말쑥한	입다·벗다·걸치다·신다·쓰다
173	옷차림과 몸단장 (1/4)	73	đeo	(안경·시계 등을) 쓰다, 차다	입다·벗다·걸치다·신다·쓰다
173	옷차림과 몸단장 (1/4)	73	đeo kính	안경을 쓰다	입다·벗다·걸치다·신다·쓰다
173	옷차림과 몸단장 (1/4)	73	thay quần áo	옷을 갈아입다	입다·벗다·걸치다·신다·쓰다
173	옷차림과 몸단장 (1/4)	73	khoác	걸치다	입다·벗다·걸치다·신다·쓰다
173	옷차림과 몸단장 (1/4)	73	đội	(모자 등을) 쓰다	입다·벗다·걸치다·신다·쓰다
173	옷차림과 몸단장 (1/4)	73	đội mũ	모자를 쓰다	입다·벗다·걸치다·신다·쓰다
173	옷차림과 몸단장 (1/4)	73	đi giày	신발을 신다	입다·벗다·걸치다·신다·쓰다
174	옷차림과 몸단장 (2/4)	74	cắt tóc	머리를 자르다	머리
174	옷차림과 몸단장 (2/4)	74	cắt ngắn	짧게 자르다	머리
174	옷차림과 몸단장 (2/4)	74	gội	머리를 감다	머리
174	옷차림과 몸단장 (2/4)	74	sấy	말리다(기계로)	머리
174	옷차림과 몸단장 (2/4)	74	gội đầu	머리를 감다	머리
174	옷차림과 몸단장 (2/4)	74	dầu gội	샴푸	머리
174	옷차림과 몸단장 (2/4)	74	nhuộm tóc	머리를 염색하다	머리
174	옷차림과 몸단장 (2/4)	74	sấy tóc	머리를 말리다	머리
174	옷차림과 몸단장 (2/4)	74	uốn tóc	파마하다	머리
174	옷차림과 몸단장 (2/4)	74	máy sấy tóc	드라이기	머리
175	옷차림과 몸단장 (3/4)	175	rửa mặt	세수하다	씻기·면도·화장·세수
175	옷차림과 몸단장 (3/4)	175	vệ sinh	위생	씻기·면도·화장·세수
175	옷차림과 몸단장 (3/4)	175	trang điểm	화장하다	씻기·면도·화장·세수
175	옷차림과 몸단장 (3/4)	175	bôi	바르다	씻기·면도·화장·세수
175	옷차림과 몸단장 (3/4)	175	cạo râu	면도하다	씻기·면도·화장·세수
175	옷차림과 몸단장 (3/4)	175	mát xa	마사지	씻기·면도·화장·세수
175	옷차림과 몸단장 (3/4)	175	kem đánh răng	치약	씻기·면도·화장·세수
175	옷차림과 몸단장 (3/4)	175	bàn chải đánh răng	칫솔	씻기·면도·화장·세수
175	옷차림과 몸단장 (3/4)	175	là	다림질하다	빨래
175	옷차림과 몸단장 (3/4)	175	ủi	다림질하다	빨래
175	옷차림과 몸단장 (3/4)	175	phơi	널다·말리다	빨래
175	옷차림과 몸단장 (3/4)	175	bột giặt	세제(가루)	빨래
175	옷차림과 몸단장 (3/4)	175	nước xả	섬유유연제	빨래
175	옷차림과 몸단장 (3/4)	175	phơi quần áo	옷을 널다	빨래
175	옷차림과 몸단장 (3/4)	175	quần áo giặt	빨랫감	빨래
176	옷차림과 몸단장 (4/4)	158	gấu	(옷, 바지) 밑단	옷 손질
176	옷차림과 몸단장 (4/4)	158	rách	찢어지다	옷 손질
176	옷차림과 몸단장 (4/4)	158	cạp	(바지 등의) 허리단	옷 손질
176	옷차림과 몸단장 (4/4)	158	thợ may	재단사	옷 손질
176	옷차림과 몸단장 (4/4)	158	vết bẩn	얼룩	옷 손질
176	옷차림과 몸단장 (4/4)	158	cúc áo	단추	옷 손질
177	전화 (1/3)	21	điện thoại	전화기	전화기
177	전화 (1/3)	21	tắt điện thoại	휴대폰을 끄다	전화기
177	전화 (1/3)	21	máy di động	휴대전화	전화기
177	전화 (1/3)	21	điện thoại di động	휴대폰	전화기
177	전화 (1/3)	21	điện thoại công cộng	공중전화	전화기
177	전화 (1/3)	21	gọi điện	전화하다	전화하다·받다·끊다·통화 중
177	전화 (1/3)	21	gọi lại	다시 전화하다	전화하다·받다·끊다·통화 중
177	전화 (1/3)	21	nghe máy	전화를 받다	전화하다·받다·끊다·통화 중
177	전화 (1/3)	21	cúp máy	전화를 끊다	전화하다·받다·끊다·통화 중
177	전화 (1/3)	21	nghe điện thoại	전화를 받다	전화하다·받다·끊다·통화 중
177	전화 (1/3)	21	cuộc gọi	통화, 전화 한 통	전화하다·받다·끊다·통화 중
177	전화 (1/3)	21	gọi đi	전화를 걸다(발신)	전화하다·받다·끊다·통화 중
177	전화 (1/3)	21	nhầm số	번호를 잘못 누르다	전화하다·받다·끊다·통화 중
177	전화 (1/3)	21	nhận cuộc gọi	전화를 받다	전화하다·받다·끊다·통화 중
177	전화 (1/3)	21	gọi nhầm số	전화를 잘못 걸다	전화하다·받다·끊다·통화 중
177	전화 (1/3)	21	đang bận máy	통화 중이다	전화하다·받다·끊다·통화 중
178	전화 (2/3)	22	nhắn	(메시지를) 전하다	문자·음성메시지·부재중
178	전화 (2/3)	22	nhắn tin	문자를 보내다	문자·음성메시지·부재중
178	전화 (2/3)	22	tin nhắn	문자메시지	문자·음성메시지·부재중
178	전화 (2/3)	22	thư thoại	음성 메시지	문자·음성메시지·부재중
178	전화 (2/3)	22	cuộc gọi nhỡ	부재중 전화	문자·음성메시지·부재중
178	전화 (2/3)	22	số điện thoại	전화번호	번호·지역번호·유심·요금
178	전화 (2/3)	22	tổng đài	고객센터	번호·지역번호·유심·요금
178	전화 (2/3)	22	danh bạ	전화번호부	번호·지역번호·유심·요금
178	전화 (2/3)	22	cước	요금	번호·지역번호·유심·요금
178	전화 (2/3)	22	sim	유심	번호·지역번호·유심·요금
178	전화 (2/3)	22	thuê bao	가입자, 회선(휴대전화 번호)	번호·지역번호·유심·요금
178	전화 (2/3)	22	mã vùng	지역번호	번호·지역번호·유심·요금
178	전화 (2/3)	22	nạp tiền	충전하다(돈)	번호·지역번호·유심·요금
178	전화 (2/3)	22	cước phí	요금	번호·지역번호·유심·요금
178	전화 (2/3)	22	mã quốc gia	국가번호	번호·지역번호·유심·요금
179	전화 (3/3)	153	sạc	충전하다(전기)	충전·배터리·충전기
179	전화 (3/3)	153	pin	배터리	충전·배터리·충전기
179	전화 (3/3)	153	hết pin	배터리가 다 되다	충전·배터리·충전기
179	전화 (3/3)	153	bộ sạc	충전기	충전·배터리·충전기
179	전화 (3/3)	153	a lô	여보세요 (전화 받을 때)	통화 표현
179	전화 (3/3)	153	đi vắng	자리를 비우다	통화 표현
179	전화 (3/3)	153	ai đấy ạ	누구세요?(전화 받을 때)	통화 표현
179	전화 (3/3)	153	tôi sẽ nối máy	연결해 드리겠습니다	통화 표현
179	전화 (3/3)	153	xin để lại lời nhắn	메시지를 남겨 주세요	통화 표현
179	전화 (3/3)	153	tôi sẽ gọi lại sau	나중에 다시 전화할게요	통화 표현
180	인터넷·컴퓨터 (1/4)	25	mạng	네트워크·인터넷	인터넷·와이파이·비밀번호·웹사이트
180	인터넷·컴퓨터 (1/4)	25	lên mạng	인터넷을 하다	인터넷·와이파이·비밀번호·웹사이트
180	인터넷·컴퓨터 (1/4)	25	internet	인터넷	인터넷·와이파이·비밀번호·웹사이트
180	인터넷·컴퓨터 (1/4)	25	mật khẩu	비밀번호	인터넷·와이파이·비밀번호·웹사이트
180	인터넷·컴퓨터 (1/4)	25	Wi-Fi	와이파이	인터넷·와이파이·비밀번호·웹사이트
180	인터넷·컴퓨터 (1/4)	25	kết nối	연결되다	인터넷·와이파이·비밀번호·웹사이트
180	인터넷·컴퓨터 (1/4)	25	trang web	웹사이트	인터넷·와이파이·비밀번호·웹사이트
180	인터넷·컴퓨터 (1/4)	25	thuật toán	알고리즘	인터넷·와이파이·비밀번호·웹사이트
180	인터넷·컴퓨터 (1/4)	25	đăng nhập	로그인	인터넷·와이파이·비밀번호·웹사이트
180	인터넷·컴퓨터 (1/4)	25	đăng xuất	로그아웃	인터넷·와이파이·비밀번호·웹사이트
180	인터넷·컴퓨터 (1/4)	25	cá nhân hóa	개인화하다	인터넷·와이파이·비밀번호·웹사이트
180	인터넷·컴퓨터 (1/4)	25	hủy tài khoản	계정을 해지하다	인터넷·와이파이·비밀번호·웹사이트
181	인터넷·컴퓨터 (2/4)	23	video	영상	SNS
181	인터넷·컴퓨터 (2/4)	23	theo dõi	따라가다	SNS
181	인터넷·컴퓨터 (2/4)	23	bình luận	댓글	SNS
181	인터넷·컴퓨터 (2/4)	23	bài đăng	게시물	SNS
181	인터넷·컴퓨터 (2/4)	23	lượt thích	좋아요(수)	SNS
181	인터넷·컴퓨터 (2/4)	23	phát trực tiếp	생방송	SNS
181	인터넷·컴퓨터 (2/4)	23	email	이메일	이메일
181	인터넷·컴퓨터 (2/4)	23	hộp thư	받은편지함	이메일
181	인터넷·컴퓨터 (2/4)	23	tiêu đề	제목	이메일
181	인터넷·컴퓨터 (2/4)	23	chuyển tiếp	전달(포워딩)	이메일
181	인터넷·컴퓨터 (2/4)	23	thư điện tử	이메일	이메일
181	인터넷·컴퓨터 (2/4)	23	tệp đính kèm	첨부파일	이메일
182	인터넷·컴퓨터 (3/4)	137	lưu	저장하다, 보관하다	파일
182	인터넷·컴퓨터 (3/4)	137	tải	다운로드하다	파일
182	인터넷·컴퓨터 (3/4)	137	cài đặt	설치하다	파일
182	인터넷·컴퓨터 (3/4)	137	xóa	삭제하다	파일
182	인터넷·컴퓨터 (3/4)	137	nhập	수입하다/입력하다	파일
182	인터넷·컴퓨터 (3/4)	137	Tệp	파일	파일
182	인터넷·컴퓨터 (3/4)	137	cập nhật	업데이트	파일
182	인터넷·컴퓨터 (3/4)	137	sao chép	복사하다	파일
182	인터넷·컴퓨터 (3/4)	137	tải lên	업로드	파일
182	인터넷·컴퓨터 (3/4)	137	thư mục	폴더	파일
182	인터넷·컴퓨터 (3/4)	137	tải xuống	다운로드	파일
182	인터넷·컴퓨터 (3/4)	137	phóng to lên	확대하다	파일
183	인터넷·컴퓨터 (4/4)	228	máy	기계, 기기(컴퓨터 등)	기기
183	인터넷·컴퓨터 (4/4)	228	máy tính	컴퓨터	기기
183	인터넷·컴퓨터 (4/4)	228	máy tính xách tay	노트북	기기
183	인터넷·컴퓨터 (4/4)	228	in	인쇄하다	기기
183	인터넷·컴퓨터 (4/4)	228	quét	스캔하다	기기
183	인터넷·컴퓨터 (4/4)	228	điện tử	전자제품, 전자기기	기기
183	인터넷·컴퓨터 (4/4)	228	ổ cứng	하드디스크	기기
183	인터넷·컴퓨터 (4/4)	228	tai nghe	이어폰	기기
183	인터넷·컴퓨터 (4/4)	228	đánh máy	타이핑하다	기기
183	인터넷·컴퓨터 (4/4)	228	bàn phím	키보드	기기
183	인터넷·컴퓨터 (4/4)	228	máy in	인쇄기, / 프린터	기기
183	인터넷·컴퓨터 (4/4)	228	máy tính bảng	태블릿 PC	기기
183	인터넷·컴퓨터 (4/4)	228	thông tin	정보	정보·소식
183	인터넷·컴퓨터 (4/4)	228	truyền thông	미디어	정보·소식
184	약국 (1/2)	93	thuốc	약	약·알약·처방전·약국
184	약국 (1/2)	93	đơn thuốc	처방전	약·알약·처방전·약국
184	약국 (1/2)	93	nhà thuốc	약국	약·알약·처방전·약국
184	약국 (1/2)	93	viên thuốc	알약	약·알약·처방전·약국
184	약국 (1/2)	93	kháng sinh	항생제	약·알약·처방전·약국
184	약국 (1/2)	93	hiệu thuốc	약국	약·알약·처방전·약국
185	약국 (2/2)	94	cảm	감기	감기·열·기침·콧물·두통·복통
185	약국 (2/2)	94	sốt	열나다	감기·열·기침·콧물·두통·복통
185	약국 (2/2)	94	đau đầu	두통	감기·열·기침·콧물·두통·복통
185	약국 (2/2)	94	đau bụng	복통	감기·열·기침·콧물·두통·복통
185	약국 (2/2)	94	bị sốt	열이 나다	감기·열·기침·콧물·두통·복통
185	약국 (2/2)	94	ho	기침하다	감기·열·기침·콧물·두통·복통
185	약국 (2/2)	94	sổ mũi	콧물이 나다	감기·열·기침·콧물·두통·복통
185	약국 (2/2)	94	viêm họng	목통증	감기·열·기침·콧물·두통·복통
185	약국 (2/2)	94	ngạt mũi	코막힘	감기·열·기침·콧물·두통·복통
185	약국 (2/2)	94	bị cảm lạnh	감기에 걸리다	감기·열·기침·콧물·두통·복통
185	약국 (2/2)	94	hắt xì hơi	재채기	감기·열·기침·콧물·두통·복통
185	약국 (2/2)	94	đau đầu quá đi mất	머리 아파 죽겠다	감기·열·기침·콧물·두통·복통
185	약국 (2/2)	94	vitamin	비타민	영양·비타민·영양제
185	약국 (2/2)	94	bổ	영양분이 많은	영양·비타민·영양제
185	약국 (2/2)	94	dinh dưỡng	영양	영양·비타민·영양제
185	약국 (2/2)	94	thuốc bổ	영양제	영양·비타민·영양제
185	약국 (2/2)	94	uống thuốc	약을 먹다	약 먹다·열 내리다
185	약국 (2/2)	94	giảm sốt	열을 내리다	약 먹다·열 내리다
186	병원 (1/5)	95	bệnh	병, 아프다	아프다·다치다·통증·어지럽다·붓다
186	병원 (1/5)	95	đau	아프다(통증)	아프다·다치다·통증·어지럽다·붓다
186	병원 (1/5)	95	chóng mặt	어지럽다	아프다·다치다·통증·어지럽다·붓다
186	병원 (1/5)	95	đau răng	치통	아프다·다치다·통증·어지럽다·붓다
186	병원 (1/5)	95	ốm	아프다(몸살)	아프다·다치다·통증·어지럽다·붓다
186	병원 (1/5)	95	sưng	붓다 · 부어오르다	아프다·다치다·통증·어지럽다·붓다
186	병원 (1/5)	95	bị thương	다치다	아프다·다치다·통증·어지럽다·붓다
186	병원 (1/5)	95	chảy máu	피가 나다	아프다·다치다·통증·어지럽다·붓다
186	병원 (1/5)	95	cơn đau	통증	아프다·다치다·통증·어지럽다·붓다
186	병원 (1/5)	95	bị ốm	아프다 · 병에 걸리다	아프다·다치다·통증·어지럽다·붓다
186	병원 (1/5)	95	tê liệt	마비된	아프다·다치다·통증·어지럽다·붓다
186	병원 (1/5)	95	ngất xỉu	실신하다	아프다·다치다·통증·어지럽다·붓다
186	병원 (1/5)	95	đau lưng	허리가 아프다, 요통	아프다·다치다·통증·어지럽다·붓다
186	병원 (1/5)	95	bị muỗi đốt	모기에 물리다	아프다·다치다·통증·어지럽다·붓다
187	병원 (2/5)	96	khám	진찰하다	의사·간호사·진찰·진단·치료
187	병원 (2/5)	96	khám bệnh	진찰받다, 병원에 가다	의사·간호사·진찰·진단·치료
187	병원 (2/5)	96	y tá	간호사	의사·간호사·진찰·진단·치료
187	병원 (2/5)	96	tiêm	주사맞다	의사·간호사·진찰·진단·치료
187	병원 (2/5)	96	điều trị	치료하다	의사·간호사·진찰·진단·치료
187	병원 (2/5)	96	chẩn đoán	진단하다	의사·간호사·진찰·진단·치료
187	병원 (2/5)	96	chữa trị	치료하다	의사·간호사·진찰·진단·치료
187	병원 (2/5)	96	cứu chữa	구제하고 치료하다 · 고치다	의사·간호사·진찰·진단·치료
188	병원 (3/5)	179	cấp cứu	응급	응급·수술·입원·퇴원·회복
188	병원 (3/5)	179	nhập viện	입원하다	응급·수술·입원·퇴원·회복
188	병원 (3/5)	179	khỏi	~ 벗어나다,~ 낫다	응급·수술·입원·퇴원·회복
188	병원 (3/5)	179	mổ	수술하다	응급·수술·입원·퇴원·회복
188	병원 (3/5)	179	khẩn cấp	급한	응급·수술·입원·퇴원·회복
188	병원 (3/5)	179	phẫu thuật	수술	응급·수술·입원·퇴원·회복
188	병원 (3/5)	179	hồi phục	회복하다	응급·수술·입원·퇴원·회복
188	병원 (3/5)	179	xuất viện	퇴원하다	응급·수술·입원·퇴원·회복
188	병원 (3/5)	179	bình phục	회복하다	응급·수술·입원·퇴원·회복
188	병원 (3/5)	179	sơ cứu	응급처치	응급·수술·입원·퇴원·회복
188	병원 (3/5)	179	an dưỡng	안정하다	응급·수술·입원·퇴원·회복
188	병원 (3/5)	179	cứu tôi với	도와주세요!(위급)	응급·수술·입원·퇴원·회복
188	병원 (3/5)	179	xe cứu thương	구급차	응급·수술·입원·퇴원·회복
188	병원 (3/5)	179	phòng cấp cứu	응급실	응급·수술·입원·퇴원·회복
188	병원 (3/5)	179	xe cấp cứu	구급차	응급·수술·입원·퇴원·회복
188	병원 (3/5)	179	vừa khỏi ốm	막 병에서 낫다	응급·수술·입원·퇴원·회복
189	병원 (4/5)	249	ung thư	암	병 이름
189	병원 (4/5)	249	dị ứng	알레르기	병 이름
189	병원 (4/5)	249	chấn thương	부상	병 이름
189	병원 (4/5)	249	khuyết tật	장애	병 이름
189	병원 (4/5)	249	sốt xuất huyết	뎅기열	병 이름
189	병원 (4/5)	249	bệnh viện	병원	병원 종류
189	병원 (4/5)	249	phòng khám	진료실, 병원	병원 종류
189	병원 (4/5)	249	trạm y tế	보건소	병원 종류
189	병원 (4/5)	249	bệnh viện quận	군립 병원	병원 종류
189	병원 (4/5)	249	bệnh viện tỉnh	도립 병원	병원 종류
189	병원 (4/5)	249	bệnh viện đa khoa	종합 병원	병원 종류
189	병원 (4/5)	249	bệnh viện trung ương	중앙 병원	병원 종류
189	병원 (4/5)	249	bệnh viện chuyên khoa	전문 병원	병원 종류
189	병원 (4/5)	249	bệnh viện Đông y	한방 병원	병원 종류
190	병원 (5/5)	31	huyết áp	혈압	보험·체온·혈압·예방접종
190	병원 (5/5)	31	bảo hiểm	보험	보험·체온·혈압·예방접종
190	병원 (5/5)	31	tiêm phòng	예방접종하다	보험·체온·혈압·예방접종
190	병원 (5/5)	31	bảo hiểm y tế	건강보험	보험·체온·혈압·예방접종
190	병원 (5/5)	31	nhiệt độ cơ thể	체온	보험·체온·혈압·예방접종
190	병원 (5/5)	31	nguy hiểm	위험한	사고·위험·안전·죽음
190	병원 (5/5)	31	tai nạn	사고	사고·위험·안전·죽음
190	병원 (5/5)	31	chết	죽다, 죽은	사고·위험·안전·죽음
190	병원 (5/5)	31	cháy	타다, 불나다, 타버리다	사고·위험·안전·죽음
190	병원 (5/5)	31	nguy kịch	위독한, 위태로운	사고·위험·안전·죽음
190	병원 (5/5)	31	cờ đỏ	위험 신호, 경고 신호	사고·위험·안전·죽음
191	몸 (1/5)	98	mặt	얼굴; 표면	머리·얼굴
191	몸 (1/5)	98	đầu	머리	머리·얼굴
191	몸 (1/5)	98	răng	이	머리·얼굴
191	몸 (1/5)	98	má	볼, 뺨	머리·얼굴
191	몸 (1/5)	98	mũi	코	머리·얼굴
191	몸 (1/5)	98	mắt	눈	머리·얼굴
191	몸 (1/5)	98	tai	귀	머리·얼굴
191	몸 (1/5)	98	miệng	입	머리·얼굴
191	몸 (1/5)	98	trán	이마	머리·얼굴
191	몸 (1/5)	98	mồm	입	머리·얼굴
191	몸 (1/5)	98	môi	입술	머리·얼굴
191	몸 (1/5)	98	lưỡi	혀	머리·얼굴
191	몸 (1/5)	98	cằm	턱	머리·얼굴
191	몸 (1/5)	98	lông mày	눈썹	머리·얼굴
191	몸 (1/5)	98	lông mi	속눈썹	머리·얼굴
191	몸 (1/5)	98	mi mắt	눈꺼풀	머리·얼굴
192	몸 (2/5)	129	tay	손	팔·다리·손·발·손가락·발가락·무릎
192	몸 (2/5)	129	chân	다리·발	팔·다리·손·발·손가락·발가락·무릎
192	몸 (2/5)	129	đùi	허벅지	팔·다리·손·발·손가락·발가락·무릎
192	몸 (2/5)	129	bàn tay	손	팔·다리·손·발·손가락·발가락·무릎
192	몸 (2/5)	129	ngón tay	손가락	팔·다리·손·발·손가락·발가락·무릎
192	몸 (2/5)	129	đầu gối	무릎	팔·다리·손·발·손가락·발가락·무릎
192	몸 (2/5)	129	cổ tay	손목	팔·다리·손·발·손가락·발가락·무릎
192	몸 (2/5)	129	ngón chân	발가락	팔·다리·손·발·손가락·발가락·무릎
192	몸 (2/5)	129	bàn chân	발	팔·다리·손·발·손가락·발가락·무릎
192	몸 (2/5)	129	chân tay	팔다리	팔·다리·손·발·손가락·발가락·무릎
192	몸 (2/5)	129	cổ chân	발목	팔·다리·손·발·손가락·발가락·무릎
193	몸 (3/5)	180	vai	어깨; (연극) 역할	몸통
193	몸 (3/5)	180	bụng	배(신체 부위)	몸통
193	몸 (3/5)	180	cổ	목	몸통
193	몸 (3/5)	180	lưng	등	몸통
193	몸 (3/5)	180	ngực	가슴	몸통
193	몸 (3/5)	180	cổ họng	목구멍	몸통
193	몸 (3/5)	180	máu	피	내장·뼈·피·심장·폐·위
193	몸 (3/5)	180	tim	심장	내장·뼈·피·심장·폐·위
193	몸 (3/5)	180	xương	뼈	내장·뼈·피·심장·폐·위
193	몸 (3/5)	180	ruột	장	내장·뼈·피·심장·폐·위
193	몸 (3/5)	180	phổi	폐	내장·뼈·피·심장·폐·위
193	몸 (3/5)	180	dạ dày	위	내장·뼈·피·심장·폐·위
194	몸 (4/5)	120	mồ hôi	땀	숨·삼키다·땀·대소변
194	몸 (4/5)	120	thở	숨쉬다, 호흡하다	숨·삼키다·땀·대소변
194	몸 (4/5)	120	nuốt	삼키다	숨·삼키다·땀·대소변
194	몸 (4/5)	120	hô hấp	호흡	숨·삼키다·땀·대소변
194	몸 (4/5)	120	thở ra	숨을 내쉬다	숨·삼키다·땀·대소변
194	몸 (4/5)	120	hít vào	숨을 마시다	숨·삼키다·땀·대소변
194	몸 (4/5)	120	đại tiện	대변	숨·삼키다·땀·대소변
194	몸 (4/5)	120	tiểu tiện	소변	숨·삼키다·땀·대소변
195	몸 (5/5)	121	khỏe mạnh	건강하다	몸 상태
195	몸 (5/5)	121	sức khỏe	건강	몸 상태
195	몸 (5/5)	121	y tế	의료, 보건	몸 상태
195	몸 (5/5)	121	ăn kiêng	다이어트하다	몸 상태
195	몸 (5/5)	121	thị lực	시력	몸 상태
195	몸 (5/5)	121	khỏe nhất	가장 건강한	몸 상태
195	몸 (5/5)	121	chế độ ăn	식단 · 다이어트	몸 상태
195	몸 (5/5)	121	bỏ thuốc lá	금연하다	몸 상태
195	몸 (5/5)	121	sức khỏe tinh thần	정신 건강	몸 상태
195	몸 (5/5)	121	sức khỏe thể chất	신체 건강	몸 상태
196	마음과 감정 (1/7)	127	cảm thấy	느끼다	감정 일반
196	마음과 감정 (1/7)	127	cảm giác	감각	감정 일반
196	마음과 감정 (1/7)	127	tình cảm	감정, 애정	감정 일반
196	마음과 감정 (1/7)	127	tinh thần	정신	감정 일반
196	마음과 감정 (1/7)	127	tâm lý	심리	감정 일반
196	마음과 감정 (1/7)	127	thông cảm	이해하다, 공감하다	감정 일반
196	마음과 감정 (1/7)	127	bần thần	멍때리다	감정 일반
196	마음과 감정 (1/7)	127	tỏ thái độ	태도를 보이다	감정 일반
197	마음과 감정 (2/7)	135	quý	좋아하다(로맨틱 감정연장자, 가까운 사람 · 존경 대상)	좋아하다·싫어하다·사랑하다·그리움
197	마음과 감정 (2/7)	135	yêu	사랑하다	좋아하다·싫어하다·사랑하다·그리움
197	마음과 감정 (2/7)	135	không thích	좋아하지 않다	좋아하다·싫어하다·사랑하다·그리움
197	마음과 감정 (2/7)	135	hôn	키스하다, 입맞추다	좋아하다·싫어하다·사랑하다·그리움
197	마음과 감정 (2/7)	135	thương	아끼다, 사랑하다	좋아하다·싫어하다·사랑하다·그리움
197	마음과 감정 (2/7)	135	nhớ nhà	향수병(집그리움)	좋아하다·싫어하다·사랑하다·그리움
197	마음과 감정 (2/7)	135	ghét	싫어하다	좋아하다·싫어하다·사랑하다·그리움
197	마음과 감정 (2/7)	135	quan tâm	관심을 가지다	좋아하다·싫어하다·사랑하다·그리움
197	마음과 감정 (2/7)	135	mê	매료되다	좋아하다·싫어하다·사랑하다·그리움
197	마음과 감정 (2/7)	135	sính	열중하다 · 빠져있다	좋아하다·싫어하다·사랑하다·그리움
197	마음과 감정 (2/7)	135	tình yêu	사랑	좋아하다·싫어하다·사랑하다·그리움
197	마음과 감정 (2/7)	135	yêu mến	소중히 여기다	좋아하다·싫어하다·사랑하다·그리움
197	마음과 감정 (2/7)	135	đáng ghét	얄미운	좋아하다·싫어하다·사랑하다·그리움
197	마음과 감정 (2/7)	135	phải lòng	반하다 · 사랑에 빠지다	좋아하다·싫어하다·사랑하다·그리움
197	마음과 감정 (2/7)	135	ưa chuộng	선호하다 · 즐겨 찾다	좋아하다·싫어하다·사랑하다·그리움
198	마음과 감정 (3/7)	100	vui	반갑다·기쁘다	기쁘다·행복·재미있다·신나다
198	마음과 감정 (3/7)	100	thú vị	재미있다·흥미롭다	기쁘다·행복·재미있다·신나다
198	마음과 감정 (3/7)	100	mừng	기쁜, 축하하다	기쁘다·행복·재미있다·신나다
198	마음과 감정 (3/7)	100	vui vẻ	즐거운, 유쾌한	기쁘다·행복·재미있다·신나다
198	마음과 감정 (3/7)	100	hạnh phúc	행복하다, 행복	기쁘다·행복·재미있다·신나다
198	마음과 감정 (3/7)	100	tự hào	자랑스럽다	기쁘다·행복·재미있다·신나다
198	마음과 감정 (3/7)	100	hấp dẫn	매력적인	기쁘다·행복·재미있다·신나다
198	마음과 감정 (3/7)	100	vinh dự	명예로운	기쁘다·행복·재미있다·신나다
198	마음과 감정 (3/7)	100	thích thú	흥미로워하다	기쁘다·행복·재미있다·신나다
198	마음과 감정 (3/7)	100	hào hứng	신나다	기쁘다·행복·재미있다·신나다
198	마음과 감정 (3/7)	100	vui sướng	매우 기쁜	기쁘다·행복·재미있다·신나다
198	마음과 감정 (3/7)	100	một cách vui vẻ	즐겁게	기쁘다·행복·재미있다·신나다
199	마음과 감정 (4/7)	101	buồn	슬프다	슬프다·울다·외롭다·우울
199	마음과 감정 (4/7)	101	khóc	울다	슬프다·울다·외롭다·우울
199	마음과 감정 (4/7)	101	cô đơn	외롭다	슬프다·울다·외롭다·우울
199	마음과 감정 (4/7)	101	cô độc	고독한	슬프다·울다·외롭다·우울
199	마음과 감정 (4/7)	101	buồn chán	우울한,재미없는	슬프다·울다·외롭다·우울
199	마음과 감정 (4/7)	101	chán nản	의욕이 없다	슬프다·울다·외롭다·우울
199	마음과 감정 (4/7)	101	buồn rầu	슬픈	슬프다·울다·외롭다·우울
199	마음과 감정 (4/7)	101	đỡ buồn	덜 슬프다 · 기분이 나아지다	슬프다·울다·외롭다·우울
200	마음과 감정 (5/7)	103	lo	걱정하다	걱정·무섭다·긴장·스트레스
200	마음과 감정 (5/7)	103	lo lắng	걱정하다	걱정·무섭다·긴장·스트레스
200	마음과 감정 (5/7)	103	sợ	무섭다·두렵다	걱정·무섭다·긴장·스트레스
200	마음과 감정 (5/7)	103	căng thẳng	긴장하다·스트레스	걱정·무섭다·긴장·스트레스
200	마음과 감정 (5/7)	103	áp lực	스트레스·압박	걱정·무섭다·긴장·스트레스
200	마음과 감정 (5/7)	103	gánh nặng	짐, 부담	걱정·무섭다·긴장·스트레스
200	마음과 감정 (5/7)	103	sốt ruột	초조하다	걱정·무섭다·긴장·스트레스
200	마음과 감정 (5/7)	103	gò bó	속박된	걱정·무섭다·긴장·스트레스
200	마음과 감정 (5/7)	103	đừng lo lắng	걱정하지 마세요	걱정·무섭다·긴장·스트레스
200	마음과 감정 (5/7)	103	đỡ căng thẳng	긴장이 풀리다 · 스트레스가 풀리다	걱정·무섭다·긴장·스트레스
201	마음과 감정 (6/7)	130	khó chịu	불편하다·짜증나다	화나다·질투·짜증·실망
201	마음과 감정 (6/7)	130	ghen	질투하다	화나다·질투·짜증·실망
201	마음과 감정 (6/7)	130	thất vọng	실망하다	화나다·질투·짜증·실망
201	마음과 감정 (6/7)	130	nhịn	참다, 금하다	화나다·질투·짜증·실망
201	마음과 감정 (6/7)	130	mắng	꾸짖다	화나다·질투·짜증·실망
201	마음과 감정 (6/7)	130	tức giận	화나다	화나다·질투·짜증·실망
201	마음과 감정 (6/7)	130	phàn nàn	불평하다	화나다·질투·짜증·실망
201	마음과 감정 (6/7)	130	trách mắng	꾸짖다 · 비난하다	화나다·질투·짜증·실망
202	마음과 감정 (7/7)	263	ngạc nhiên	놀라다	놀라다·부끄럽다·후회·감동
202	마음과 감정 (7/7)	263	ngại	꺼리다, 부끄러워하다	놀라다·부끄럽다·후회·감동
202	마음과 감정 (7/7)	263	tiếc	아쉽다	놀라다·부끄럽다·후회·감동
202	마음과 감정 (7/7)	263	bất ngờ	갑작스러운, 뜻밖의	놀라다·부끄럽다·후회·감동
202	마음과 감정 (7/7)	263	xấu hổ	부끄럽다	놀라다·부끄럽다·후회·감동
202	마음과 감정 (7/7)	263	hối hận	후회하다	놀라다·부끄럽다·후회·감동
202	마음과 감정 (7/7)	263	cảm động	감동하다	놀라다·부끄럽다·후회·감동
202	마음과 감정 (7/7)	263	khó xử	난처하다	놀라다·부끄럽다·후회·감동
202	마음과 감정 (7/7)	263	lúng túng	당황하는, 어쩔 줄 모르는	놀라다·부끄럽다·후회·감동
202	마음과 감정 (7/7)	263	tiếc quá	너무 아쉽다	놀라다·부끄럽다·후회·감동
202	마음과 감정 (7/7)	263	chán	지루한, 싫증난	편안·안심·지루·만족·자신
202	마음과 감정 (7/7)	263	hài lòng	만족하다	편안·안심·지루·만족·자신
202	마음과 감정 (7/7)	263	yên tâm	안심하다	편안·안심·지루·만족·자신
202	마음과 감정 (7/7)	263	thoải mái	편안한	편안·안심·지루·만족·자신
202	마음과 감정 (7/7)	263	tự tin	자신있다	편안·안심·지루·만족·자신
202	마음과 감정 (7/7)	263	dễ chịu	기분이 편안한, 쾌적한	편안·안심·지루·만족·자신
202	마음과 감정 (7/7)	263	cười	웃다	웃다·미소·눈물
202	마음과 감정 (7/7)	263	nụ cười	미소, 웃음	웃다·미소·눈물
202	마음과 감정 (7/7)	263	nước mắt	눈물	웃다·미소·눈물
203	생각과 의견 (1/4)	258	ý kiến	의견	의견·관점·시각·사고방식
203	생각과 의견 (1/4)	258	cho rằng	~라고 생각하다	의견·관점·시각·사고방식
203	생각과 의견 (1/4)	258	quan điểm	관점·견해	의견·관점·시각·사고방식
203	생각과 의견 (1/4)	258	coi là	~로 여기다	의견·관점·시각·사고방식
203	생각과 의견 (1/4)	258	ý thức	의식, 자각, 시민의식	의견·관점·시각·사고방식
203	생각과 의견 (1/4)	258	cách nhìn	시각	의견·관점·시각·사고방식
203	생각과 의견 (1/4)	258	theo mình	내 의견으로는	의견·관점·시각·사고방식
203	생각과 의견 (1/4)	258	cách nghĩ	사고방식	의견·관점·시각·사고방식
204	생각과 의견 (2/4)	251	có lẽ	아마도	추측·확신
204	생각과 의견 (2/4)	251	chắc	아마, 틀림없이	추측·확신
204	생각과 의견 (2/4)	251	dự kiến	예상하다 · 예측하다	추측·확신
204	생각과 의견 (2/4)	251	có vẻ	~해 보이다	추측·확신
204	생각과 의견 (2/4)	251	chắc chắn	확실히	추측·확신
204	생각과 의견 (2/4)	251	khẳng định	질 등을 확립하다 · 강조하다	추측·확신
204	생각과 의견 (2/4)	251	liệu	과연 ~일까?	추측·확신
204	생각과 의견 (2/4)	251	hình như	~인 것 같다	추측·확신
204	생각과 의견 (2/4)	251	đoán	추측하다, 맞히다	추측·확신
204	생각과 의견 (2/4)	251	nhất định	반드시	추측·확신
204	생각과 의견 (2/4)	251	phân vân	망설이다 · 고민하다	추측·확신
205	생각과 의견 (3/4)	60	so sánh	비교하다	동의·반대·비교·옹호
205	생각과 의견 (3/4)	60	bác bỏ	거절하다, 부정하다	동의·반대·비교·옹호
205	생각과 의견 (3/4)	60	phê bình	비판하다	동의·반대·비교·옹호
205	생각과 의견 (3/4)	60	ủng hộ	옹호하다, 지지하다	동의·반대·비교·옹호
205	생각과 의견 (3/4)	60	phản đối	반대하다	동의·반대·비교·옹호
205	생각과 의견 (3/4)	60	công nhận	인정하다, 등재하다	동의·반대·비교·옹호
205	생각과 의견 (3/4)	60	nhất trí	동의하다 · 일치하다	동의·반대·비교·옹호
206	생각과 의견 (4/4)	124	ý nghĩa	의미	중요·훌륭·바라다·희망
206	생각과 의견 (4/4)	124	mong	바라다, 기대하다	중요·훌륭·바라다·희망
206	생각과 의견 (4/4)	124	tuyệt vời	훌륭하다 · 멋지다	중요·훌륭·바라다·희망
206	생각과 의견 (4/4)	124	hy vọng	희망하다·바라다	중요·훌륭·바라다·희망
206	생각과 의견 (4/4)	124	quan trọng	중요하다	중요·훌륭·바라다·희망
206	생각과 의견 (4/4)	124	thật tuyệt	놀라운	중요·훌륭·바라다·희망
206	생각과 의견 (4/4)	124	xứng đáng	가치 있다 · 마땅하다	중요·훌륭·바라다·희망
206	생각과 의견 (4/4)	124	giá trị	가치	중요·훌륭·바라다·희망
206	생각과 의견 (4/4)	124	xuất sắc	우수하다 · 뛰어나다	중요·훌륭·바라다·희망
206	생각과 의견 (4/4)	124	Ưu tiên	우선순위	중요·훌륭·바라다·희망
206	생각과 의견 (4/4)	124	có giá trị	가치 있는	중요·훌륭·바라다·희망
207	성격 (1/4)	104	chăm chỉ	부지런한, 열심히 하는	좋은 성격
207	성격 (1/4)	104	thân thiện	친절하다	좋은 성격
207	성격 (1/4)	104	cẩn thận	조심스러운, 신중한	좋은 성격
207	성격 (1/4)	104	tốt bụng	착하다, 마음씨 좋다	좋은 성격
207	성격 (1/4)	104	thông minh	똑똑하다, 스마트하다	좋은 성격
207	성격 (1/4)	104	nghiêm túc	진지하다	좋은 성격
207	성격 (1/4)	104	trung thực	정직한	좋은 성격
207	성격 (1/4)	104	bình tĩnh	침착하다	좋은 성격
207	성격 (1/4)	104	nghe lời	말을 잘 듣는다	좋은 성격
207	성격 (1/4)	104	lịch sự	예의바른	좋은 성격
207	성격 (1/4)	104	kiên nhẫn	인내심	좋은 성격
207	성격 (1/4)	104	khôn ngoan	현명한, 영리한	좋은 성격
207	성격 (1/4)	104	kín đáo	신중한	좋은 성격
207	성격 (1/4)	104	chu đáo	세심한,배려 깊은	좋은 성격
208	성격 (2/4)	146	tinh tế	섬세하다	좋은 성격
208	성격 (2/4)	146	cẩn trọng	신중한, 조심스러운	좋은 성격
208	성격 (2/4)	146	khiêm tốn	겸손하다	좋은 성격
208	성격 (2/4)	146	lòng tốt	친절·선의	좋은 성격
208	성격 (2/4)	146	ngoan ngoãn	얌전하다 · 착하다	좋은 성격
208	성격 (2/4)	146	nhanh nhẹn	민첩한	좋은 성격
208	성격 (2/4)	146	hiếu khách	손님을 환대하는	좋은 성격
208	성격 (2/4)	146	rộng lượng	도량이 넓은 관대한	좋은 성격
208	성격 (2/4)	146	thật thà	정직하다	좋은 성격
208	성격 (2/4)	146	chịu khó	부지런하다	좋은 성격
208	성격 (2/4)	146	mến khách	손님을 반기다	좋은 성격
208	성격 (2/4)	146	độ lượng	관대한, 도량이 넓은	좋은 성격
208	성격 (2/4)	146	chất phác	소박한, 꾸밈없는	좋은 성격
208	성격 (2/4)	146	chăm học	공부를 열심히 하는	좋은 성격
209	성격 (3/4)	183	nghịch	반항하다	나쁜 성격
209	성격 (3/4)	183	lười	게으르다	나쁜 성격
209	성격 (3/4)	183	lười biếng	게으르다	나쁜 성격
209	성격 (3/4)	183	ẩu	거친, 부주의한	나쁜 성격
209	성격 (3/4)	183	lạnh lùng	냉정한	나쁜 성격
209	성격 (3/4)	183	xấu tính	성격이 나쁘다, 심술궂다	나쁜 성격
209	성격 (3/4)	183	bất cẩn	부주의하다	나쁜 성격
209	성격 (3/4)	183	cẩu thả	부주의한	나쁜 성격
209	성격 (3/4)	183	đãng trí	건망증 있는 · 깜빡하는	나쁜 성격
209	성격 (3/4)	183	gia trưởng	가부장적인, 권위적인	나쁜 성격
210	성격 (4/4)	176	dai	끈질긴, 강한-사람에게 쓰임	성향
210	성격 (4/4)	176	lãng mạn	낭만적인	성향
210	성격 (4/4)	176	nhiệt tình	열정	성향
210	성격 (4/4)	176	cởi mở	개방적이다	성향
210	성격 (4/4)	176	chủ động	주도적이다	성향
210	성격 (4/4)	176	nam tính	남성적인	성향
210	성격 (4/4)	176	nữ tính	여성적인	성향
210	성격 (4/4)	176	sôi nổi	명랑한	성향
210	성격 (4/4)	176	hướng ngoại	외향적인	성향
210	성격 (4/4)	176	hướng nội	내향적인	성향
210	성격 (4/4)	176	tính cách	성격	성격 일반
210	성격 (4/4)	176	nết	품행, 성품, 버릇	성격 일반
211	은행 (1/3)	29	đồng	동(베트남 화폐 단위)	돈·계좌·카드·현금
211	은행 (1/3)	29	ngân hàng	은행	돈·계좌·카드·현금
211	은행 (1/3)	29	tiền	돈	돈·계좌·카드·현금
211	은행 (1/3)	29	thẻ	카드	돈·계좌·카드·현금
211	은행 (1/3)	29	tiết kiệm	절약하다	돈·계좌·카드·현금
211	은행 (1/3)	29	tài khoản	계좌	돈·계좌·카드·현금
211	은행 (1/3)	29	tiền lẻ	잔돈	돈·계좌·카드·현금
211	은행 (1/3)	29	tài sản	재산, 자산	돈·계좌·카드·현금
211	은행 (1/3)	29	tiền bạc	돈, 금전	돈·계좌·카드·현금
211	은행 (1/3)	29	thu nhập	수입	돈·계좌·카드·현금
211	은행 (1/3)	29	chi tiêu	소비하다, 지출하다	돈·계좌·카드·현금
211	은행 (1/3)	29	tiền chẵn	큰 돈 (고액권)	돈·계좌·카드·현금
211	은행 (1/3)	29	thẻ tín dụng	신용카드	돈·계좌·카드·현금
211	은행 (1/3)	29	thẻ ghi nợ	직불카드	돈·계좌·카드·현금
211	은행 (1/3)	29	thẻ ngân hàng	은행 카드	돈·계좌·카드·현금
211	은행 (1/3)	29	tài khoản ngân hàng	은행 계좌	돈·계좌·카드·현금
212	은행 (2/3)	30	đổi tiền	환전하다	입금·출금·송금·이체·환전
212	은행 (2/3)	30	gửi tiền	입금하다	입금·출금·송금·이체·환전
212	은행 (2/3)	30	ATM	현금인출기(ATM)	입금·출금·송금·이체·환전
212	은행 (2/3)	30	chuyển tiền	송금하다	입금·출금·송금·이체·환전
212	은행 (2/3)	30	chuyển khoản	계좌이체	입금·출금·송금·이체·환전
212	은행 (2/3)	30	rút tiền	출금하다	입금·출금·송금·이체·환전
212	은행 (2/3)	30	đổi tiền lẻ	잔돈으로 바꾸다	입금·출금·송금·이체·환전
212	은행 (2/3)	30	lãi	이자	이자·대출·투자·잔액
212	은행 (2/3)	30	lãi suất	이자율	이자·대출·투자·잔액
212	은행 (2/3)	30	vay	( 돈을 ) 빌리다	이자·대출·투자·잔액
212	은행 (2/3)	30	đầu tư	투자	이자·대출·투자·잔액
212	은행 (2/3)	30	vay tiền	돈을 빌리다	이자·대출·투자·잔액
212	은행 (2/3)	30	khoản vay	대출	이자·대출·투자·잔액
212	은행 (2/3)	30	chuộc lại	저당 잡힌 것을 되돌려받다	이자·대출·투자·잔액
212	은행 (2/3)	30	số dư	잔액	이자·대출·투자·잔액
213	은행 (3/3)	155	tỉ giá	환율	환율·외화·비밀번호·전자지갑
213	은행 (3/3)	155	mã PIN	비밀번호(PIN)	환율·외화·비밀번호·전자지갑
213	은행 (3/3)	155	ngoại tệ	외화	환율·외화·비밀번호·전자지갑
213	은행 (3/3)	155	tỷ giá	환율	환율·외화·비밀번호·전자지갑
213	은행 (3/3)	155	ví điện tử	전자지갑	환율·외화·비밀번호·전자지갑
213	은행 (3/3)	155	mã ngoại tệ	외화 코드	환율·외화·비밀번호·전자지갑
214	관공서와 서류 (1/5)	230	mẫu	양식, 패턴	서류·신청서·양식·서명·도장·증명사진
214	관공서와 서류 (1/5)	230	đăng ký	등록하다	서류·신청서·양식·서명·도장·증명사진
214	관공서와 서류 (1/5)	230	đơn	신청서, 서류	서류·신청서·양식·서명·도장·증명사진
214	관공서와 서류 (1/5)	230	ký tên	서명하다	서류·신청서·양식·서명·도장·증명사진
214	관공서와 서류 (1/5)	230	Giấy tờ	서류	서류·신청서·양식·서명·도장·증명사진
214	관공서와 서류 (1/5)	230	chữ ký	서명	서류·신청서·양식·서명·도장·증명사진
214	관공서와 서류 (1/5)	230	con dấu	도장	서류·신청서·양식·서명·도장·증명사진
214	관공서와 서류 (1/5)	230	chứng chỉ	증명서	서류·신청서·양식·서명·도장·증명사진
214	관공서와 서류 (1/5)	230	mẫu đơn	신청서 양식	서류·신청서·양식·서명·도장·증명사진
214	관공서와 서류 (1/5)	230	tờ khai	신고서, 양식	서류·신청서·양식·서명·도장·증명사진
214	관공서와 서류 (1/5)	230	ảnh thẻ	증명사진	서류·신청서·양식·서명·도장·증명사진
214	관공서와 서류 (1/5)	230	giấy chứng nhận	증명서	서류·신청서·양식·서명·도장·증명사진
215	관공서와 서류 (2/5)	231	hộ chiếu	여권	여권·비자·거주 등록·노동허가·출입국
215	관공서와 서류 (2/5)	231	căn cước	신분(증)	여권·비자·거주 등록·노동허가·출입국
215	관공서와 서류 (2/5)	231	visa	비자	여권·비자·거주 등록·노동허가·출입국
215	관공서와 서류 (2/5)	231	gia hạn	연장하다	여권·비자·거주 등록·노동허가·출입국
215	관공서와 서류 (2/5)	231	thị thực	비자, 사증	여권·비자·거주 등록·노동허가·출입국
215	관공서와 서류 (2/5)	231	tạm trú	임시거주 등록	여권·비자·거주 등록·노동허가·출입국
215	관공서와 서류 (2/5)	231	xuất nhập cảnh	출입국	여권·비자·거주 등록·노동허가·출입국
215	관공서와 서류 (2/5)	231	số hộ chiếu	여권번호	여권·비자·거주 등록·노동허가·출입국
215	관공서와 서류 (2/5)	231	giấy phép lao động	노동허가증	여권·비자·거주 등록·노동허가·출입국
216	관공서와 서류 (3/5)	264	cảnh sát	경찰	법·규정·경찰·변호사·벌금
216	관공서와 서류 (3/5)	264	luật	법	법·규정·경찰·변호사·벌금
216	관공서와 서류 (3/5)	264	luật sư	변호사	법·규정·경찰·변호사·벌금
216	관공서와 서류 (3/5)	264	hợp pháp	합법적인	법·규정·경찰·변호사·벌금
216	관공서와 서류 (3/5)	264	quy tắc	규칙, 원칙	법·규정·경찰·변호사·벌금
216	관공서와 서류 (3/5)	264	vi phạm	위반하다	법·규정·경찰·변호사·벌금
216	관공서와 서류 (3/5)	264	pháp luật	법률	법·규정·경찰·변호사·벌금
216	관공서와 서류 (3/5)	264	quy định	규정	법·규정·경찰·변호사·벌금
216	관공서와 서류 (3/5)	264	bồi thường	보상하다	법·규정·경찰·변호사·벌금
217	관공서와 서류 (4/5)	265	đền bù	보상하다	법·규정·경찰·변호사·벌금
217	관공서와 서류 (4/5)	265	tuân thủ	준수하다	법·규정·경찰·변호사·벌금
217	관공서와 서류 (4/5)	265	tranh chấp	분쟁하다 · 다투다 · 경쟁하다	법·규정·경찰·변호사·벌금
217	관공서와 서류 (4/5)	265	chấp hành	집행하다, 준수하다	법·규정·경찰·변호사·벌금
217	관공서와 서류 (4/5)	265	tiền phạt	벌금	법·규정·경찰·변호사·벌금
217	관공서와 서류 (4/5)	265	mất cắp	도난당하다, 도둑맞다	법·규정·경찰·변호사·벌금
217	관공서와 서류 (4/5)	265	bất hợp pháp	불법적인	법·규정·경찰·변호사·벌금
217	관공서와 서류 (4/5)	265	đồn cảnh sát	경찰서	법·규정·경찰·변호사·벌금
217	관공서와 서류 (4/5)	265	giữ quy tắc	규칙을 지키다	법·규정·경찰·변호사·벌금
217	관공서와 서류 (4/5)	265	bưu điện	우체국	우체국·택배·봉투·우편번호
217	관공서와 서류 (4/5)	265	phong bì	봉투	우체국·택배·봉투·우편번호
217	관공서와 서류 (4/5)	265	người nhận	받는 사람·수신인	우체국·택배·봉투·우편번호
217	관공서와 서류 (4/5)	265	người gửi	보내는 사람	우체국·택배·봉투·우편번호
217	관공서와 서류 (4/5)	265	bưu kiện	택배·소포	우체국·택배·봉투·우편번호
217	관공서와 서류 (4/5)	265	mã bưu điện	우편번호	우체국·택배·봉투·우편번호
218	관공서와 서류 (5/5)	266	thủ tục	절차	수수료·절차·민원·대사관·영사관
218	관공서와 서류 (5/5)	266	ủy ban	위원회	수수료·절차·민원·대사관·영사관
218	관공서와 서류 (5/5)	266	sứ quán	대사관	수수료·절차·민원·대사관·영사관
218	관공서와 서류 (5/5)	266	khiếu nại	민원·불만 제기	수수료·절차·민원·대사관·영사관
218	관공서와 서류 (5/5)	266	lệ phí	수수료, 요금	수수료·절차·민원·대사관·영사관
218	관공서와 서류 (5/5)	266	lãnh sự quán	영사관	수수료·절차·민원·대사관·영사관
218	관공서와 서류 (5/5)	266	mã hồ sơ	접수번호	수수료·절차·민원·대사관·영사관
219	집 구하기와 이사 (1/4)	229	chung cư	아파트, 공동주택	집 종류
219	집 구하기와 이사 (1/4)	229	căn hộ	아파트·원룸	집 종류
219	집 구하기와 이사 (1/4)	229	chỗ ở	집, 주택	집 종류
219	집 구하기와 이사 (1/4)	229	biệt thự	별장	집 종류
219	집 구하기와 이사 (1/4)	229	nhà trọ	하숙집	집 종류
219	집 구하기와 이사 (1/4)	229	nhà riêng	개인주택	집 종류
219	집 구하기와 이사 (1/4)	229	phòng trọ	월세방	집 종류
219	집 구하기와 이사 (1/4)	229	nhà ống	폭이 좁고 긴 집	집 종류
219	집 구하기와 이사 (1/4)	229	căn hộ chung cư	아파트	집 종류
220	집 구하기와 이사 (2/4)	267	thuê	세내다·임대하다	월세·보증금·계약·중개 수수료
220	집 구하기와 이사 (2/4)	267	thuê nhà	집을 빌리다	월세·보증금·계약·중개 수수료
220	집 구하기와 이사 (2/4)	267	cho thuê	임대하다, 빌려주다	월세·보증금·계약·중개 수수료
220	집 구하기와 이사 (2/4)	267	hợp đồng	계약서	월세·보증금·계약·중개 수수료
220	집 구하기와 이사 (2/4)	267	đặt cọc	보증금	월세·보증금·계약·중개 수수료
220	집 구하기와 이사 (2/4)	267	tiền cọc	보증금	월세·보증금·계약·중개 수수료
220	집 구하기와 이사 (2/4)	267	tiền thuê nhà	집세	월세·보증금·계약·중개 수수료
220	집 구하기와 이사 (2/4)	267	phí môi giới	중개 수수료	월세·보증금·계약·중개 수수료
221	집 구하기와 이사 (3/4)	268	tầng	층	방향·면적·층·방음·옵션
221	집 구하기와 이사 (3/4)	268	hướng nhà	집 방향	방향·면적·층·방음·옵션
221	집 구하기와 이사 (3/4)	268	thoáng	트인,통풍이 잘 되는	방향·면적·층·방음·옵션
221	집 구하기와 이사 (3/4)	268	hướng Nam	남향	방향·면적·층·방음·옵션
221	집 구하기와 이사 (3/4)	268	tầng 2	2층	방향·면적·층·방음·옵션
221	집 구하기와 이사 (3/4)	268	diện tích	면적	방향·면적·층·방음·옵션
221	집 구하기와 이사 (3/4)	268	thoáng mát	통풍이 잘되고 시원하다	방향·면적·층·방음·옵션
221	집 구하기와 이사 (3/4)	268	sự cách âm	방음	방향·면적·층·방음·옵션
221	집 구하기와 이사 (3/4)	268	nội thất cơ bản	기본 옵션	방향·면적·층·방음·옵션
221	집 구하기와 이사 (3/4)	268	nội thất đầy đủ	풀옵션	방향·면적·층·방음·옵션
221	집 구하기와 이사 (3/4)	268	tự do giờ giấc	출입 시간 자유	방향·면적·층·방음·옵션
221	집 구하기와 이사 (3/4)	268	chuyển nhà	이사하다	이사·짐·집주인·혼자 살다
221	집 구하기와 이사 (3/4)	268	sống một mình	혼자 살다	이사·짐·집주인·혼자 살다
221	집 구하기와 이사 (3/4)	268	đồ đạc	짐	이사·짐·집주인·혼자 살다
221	집 구하기와 이사 (3/4)	268	chủ nhà	집주인	이사·짐·집주인·혼자 살다
221	집 구하기와 이사 (3/4)	268	sắp chuyển	곧 이사하다	이사·짐·집주인·혼자 살다
222	집 구하기와 이사 (4/4)	269	địa chỉ	주소	열쇠·대문·자물쇠·주소
222	집 구하기와 이사 (4/4)	269	chìa khóa	열쇠	열쇠·대문·자물쇠·주소
222	집 구하기와 이사 (4/4)	269	cổng	대문	열쇠·대문·자물쇠·주소
222	집 구하기와 이사 (4/4)	269	ổ khóa	자물쇠	열쇠·대문·자물쇠·주소
222	집 구하기와 이사 (4/4)	269	cửa khóa vân tay	지문 인식 도어락	열쇠·대문·자물쇠·주소
222	집 구하기와 이사 (4/4)	269	xây	짓다	짓다·공사
222	집 구하기와 이사 (4/4)	269	cải tạo	개조하다	짓다·공사
223	집 (1/7)	38	nhà	집	집 일반
223	집 (1/7)	38	ở nhà	집에(서)	집 일반
223	집 (1/7)	38	ngôi nhà	집 · 주택	집 일반
223	집 (1/7)	38	phòng	방, 호실	공간
223	집 (1/7)	38	phòng khách	거실	공간
223	집 (1/7)	38	nhà vệ sinh	화장실	공간
223	집 (1/7)	38	phòng ngủ	침실	공간
223	집 (1/7)	38	bếp	부엌, 주방	공간
223	집 (1/7)	38	vườn	정원	공간
223	집 (1/7)	38	phòng tắm	욕실	공간
223	집 (1/7)	38	nhà bếp	부엌	공간
223	집 (1/7)	38	khu vườn	정원	공간
223	집 (1/7)	38	ban công	발코니	공간
223	집 (1/7)	38	tầng thượng	옥상	공간
223	집 (1/7)	38	sảnh chung cư	아파트 로비	공간
224	집 (2/7)	160	cửa	문	집 구조
224	집 (2/7)	160	trần	천장	집 구조
224	집 (2/7)	160	gác	다락, 위층	집 구조
224	집 (2/7)	160	cửa sổ	창문	집 구조
224	집 (2/7)	160	sàn gỗ	마루, 나무 바닥	집 구조
224	집 (2/7)	160	ghế	의자	가구
224	집 (2/7)	160	bàn	책상·테이블	가구
224	집 (2/7)	160	bàn ăn	식탁	가구
224	집 (2/7)	160	tủ	장, 캐비닛	가구
224	집 (2/7)	160	giường	침대	가구
224	집 (2/7)	160	nội thất	인테리어	가구
224	집 (2/7)	160	ghế sofa	소파	가구
224	집 (2/7)	160	đồ gỗ	목제품	가구
224	집 (2/7)	160	giá sách	책장	가구
224	집 (2/7)	160	tủ quần áo	옷장	가구
224	집 (2/7)	160	bàn làm việc	사무용 책상	가구
225	집 (3/7)	235	máy lạnh	에어컨	가전
225	집 (3/7)	235	tủ lạnh	냉장고	가전
225	집 (3/7)	235	quạt	선풍기	가전
225	집 (3/7)	235	vô tuyến	텔레비전	가전
225	집 (3/7)	235	điều hòa	에어컨	가전
225	집 (3/7)	235	máy giặt	세탁기	가전
225	집 (3/7)	235	máy sấy	건조기	가전
225	집 (3/7)	235	đầu đĩa	디스크 · 플레이어	가전
225	집 (3/7)	235	máy hút bụi	청소기	가전
226	집 (4/7)	159	khăn	수건, 스카프	살림살이
226	집 (4/7)	159	gương	거울 / 본보기	살림살이
226	집 (4/7)	159	Chăn	이불	살림살이
226	집 (4/7)	159	hộp	상자, 갑 (종별사)	살림살이
226	집 (4/7)	159	thảm	카펫	살림살이
226	집 (4/7)	159	thùng	상자	살림살이
226	집 (4/7)	159	gối	베개	살림살이
226	집 (4/7)	159	đệm	매트리스	살림살이
226	집 (4/7)	159	mền	이불(남부)	살림살이
227	집 (5/7)	234	nệm	매트리스(남부)	살림살이
227	집 (5/7)	234	thùng rác	쓰레기통	살림살이
227	집 (5/7)	234	xà phòng	비누	살림살이
227	집 (5/7)	234	đồ dùng	용품	살림살이
227	집 (5/7)	234	đèn pin	손전등	살림살이
227	집 (5/7)	234	chậu cây	화분	살림살이
227	집 (5/7)	234	lọ hoa	꽃병	살림살이
227	집 (5/7)	234	giấy vệ sinh	휴지	살림살이
228	집 (6/7)	40	điện	전기	전기·콘센트·스위치·전구·온수기
228	집 (6/7)	40	đèn	전등, 불	전기·콘센트·스위치·전구·온수기
228	집 (6/7)	40	công tắc	스위치	전기·콘센트·스위치·전구·온수기
228	집 (6/7)	40	bóng đèn	전구	전기·콘센트·스위치·전구·온수기
228	집 (6/7)	40	ổ cắm	콘센트	전기·콘센트·스위치·전구·온수기
228	집 (6/7)	40	phích cắm	플러그	전기·콘센트·스위치·전구·온수기
228	집 (6/7)	40	ổ điện	콘센트	전기·콘센트·스위치·전구·온수기
228	집 (6/7)	40	đèn bàn	스탠드	전기·콘센트·스위치·전구·온수기
228	집 (6/7)	40	bình nóng lạnh	온수기	전기·콘센트·스위치·전구·온수기
228	집 (6/7)	40	bàn thờ	제단	제사
228	집 (6/7)	40	phòng thờ	제사실	제사
229	집 (7/7)	41	tự nhiên	편하게 · 자연스럽게	집 표현
229	집 (7/7)	41	làm khách	손님처럼 행동하다	집 표현
229	집 (7/7)	41	anh ngồi đi	앉으세요	집 표현
229	집 (7/7)	41	mời anh vào	들어오세요(손님 맞이)	집 표현
229	집 (7/7)	41	mời uống nước	음료를 권하다	집 표현
229	집 (7/7)	41	Xin cứ tự nhiên	편하게 하세요	집 표현
230	집안일 (1/4)	270	nội trợ	가정주부, 살림	집안일 일반
230	집안일 (1/4)	270	dọn	정리하다,치우다	청소·정리·쓸다·닦다
230	집안일 (1/4)	270	dẹp	치우다·정리하다	청소·정리·쓸다·닦다
230	집안일 (1/4)	270	dọn dẹp	청소하다	청소·정리·쓸다·닦다
230	집안일 (1/4)	270	sắp xếp	정리하다, 배열하다	청소·정리·쓸다·닦다
230	집안일 (1/4)	270	rác	쓰레기	청소·정리·쓸다·닦다
230	집안일 (1/4)	270	bụi	먼지	청소·정리·쓸다·닦다
230	집안일 (1/4)	270	lau	닦다	청소·정리·쓸다·닦다
230	집안일 (1/4)	270	chổi	빗자루	청소·정리·쓸다·닦다
230	집안일 (1/4)	270	lau nhà	바닥을 닦다	청소·정리·쓸다·닦다
230	집안일 (1/4)	270	giẻ lau	걸레	청소·정리·쓸다·닦다
230	집안일 (1/4)	270	quét nhà	바닥을 쓸다	청소·정리·쓸다·닦다
230	집안일 (1/4)	270	dọn dẹp thôi	청소하자	청소·정리·쓸다·닦다
231	집안일 (2/4)	271	rửa	씻다, 닦다	빨래·설거지·씻다
231	집안일 (2/4)	271	giặt	빨래하다, 세탁하다	빨래·설거지·씻다
231	집안일 (2/4)	271	giặt đồ	빨래하다	빨래·설거지·씻다
231	집안일 (2/4)	271	rửa bát	설거지하다	빨래·설거지·씻다
231	집안일 (2/4)	271	giặt quần áo	빨래하다	빨래·설거지·씻다
232	집안일 (3/4)	272	mở	열다	켜다·끄다·열다·닫다
232	집안일 (3/4)	272	mở cửa	문을 열다, 영업을 시작하다	켜다·끄다·열다·닫다
232	집안일 (3/4)	272	đóng	닫다; (역할을) 맡다	켜다·끄다·열다·닫다
232	집안일 (3/4)	272	tắt	끄다; 지름(길)의	켜다·끄다·열다·닫다
232	집안일 (3/4)	272	tắt đèn	불을 끄다	켜다·끄다·열다·닫다
232	집안일 (3/4)	272	tắt máy	전원을 끄다	켜다·끄다·열다·닫다
232	집안일 (3/4)	272	bật	켜다	켜다·끄다·열다·닫다
232	집안일 (3/4)	272	đóng cửa	문을 닫다, 문 닫다	켜다·끄다·열다·닫다
232	집안일 (3/4)	272	bật đèn	불을 켜다	켜다·끄다·열다·닫다
232	집안일 (3/4)	272	tắt đèn đi	불을 끄다	켜다·끄다·열다·닫다
232	집안일 (3/4)	272	bật đèn lên	불을 켜다	켜다·끄다·열다·닫다
232	집안일 (3/4)	272	mở cửa sổ	창문을 열다	켜다·끄다·열다·닫다
232	집안일 (3/4)	272	bật điều hòa	에어컨을 켜다	켜다·끄다·열다·닫다
232	집안일 (3/4)	272	tắt điều hòa	에어컨을 끄다	켜다·끄다·열다·닫다
233	집안일 (4/4)	273	nấu	요리하다	요리하다·끓이다
233	집안일 (4/4)	273	nấu ăn	요리하다	요리하다·끓이다
233	집안일 (4/4)	273	sôi	끓다	요리하다·끓이다
233	집안일 (4/4)	273	nước sôi	끓는 물	요리하다·끓이다
233	집안일 (4/4)	273	đun sôi	끓이다	요리하다·끓이다
233	집안일 (4/4)	273	dùng	사용하다	고치다·수리·사용하다
233	집안일 (4/4)	273	sử dụng	사용하다	고치다·수리·사용하다
233	집안일 (4/4)	273	vá	때우다, 수선하다	고치다·수리·사용하다
233	집안일 (4/4)	273	sửa chữa	수리하다	고치다·수리·사용하다
233	집안일 (4/4)	273	bị hỏng	고장나다	고치다·수리·사용하다
233	집안일 (4/4)	273	trục trặc	문제가 생기다 · 고장 나다	고치다·수리·사용하다
233	집안일 (4/4)	273	sơn lại	다시 칠하다	고치다·수리·사용하다
233	집안일 (4/4)	273	hỏng hóc	고장 · 손상	고치다·수리·사용하다
233	집안일 (4/4)	273	thay bóng đèn	전구를 교체하다	고치다·수리·사용하다
234	부엌 도구 (1/2)	274	đĩa	접시	그릇·접시·컵·잔·젓가락·숟가락·포크
234	부엌 도구 (1/2)	274	ly	잔, 컵	그릇·접시·컵·잔·젓가락·숟가락·포크
234	부엌 도구 (1/2)	274	đũa	젓가락	그릇·접시·컵·잔·젓가락·숟가락·포크
234	부엌 도구 (1/2)	274	bát	그릇	그릇·접시·컵·잔·젓가락·숟가락·포크
234	부엌 도구 (1/2)	274	muỗng	숟가락	그릇·접시·컵·잔·젓가락·숟가락·포크
234	부엌 도구 (1/2)	274	Cốc	컵	그릇·접시·컵·잔·젓가락·숟가락·포크
234	부엌 도구 (1/2)	274	dĩa	포크 · 접시	그릇·접시·컵·잔·젓가락·숟가락·포크
234	부엌 도구 (1/2)	274	bộ ấm chén	차 주전자 세트	그릇·접시·컵·잔·젓가락·숟가락·포크
234	부엌 도구 (1/2)	274	chai	병	냄비·프라이팬·칼·뚜껑·병
234	부엌 도구 (1/2)	274	dao	칼	냄비·프라이팬·칼·뚜껑·병
234	부엌 도구 (1/2)	274	nồi	냄비	냄비·프라이팬·칼·뚜껑·병
234	부엌 도구 (1/2)	274	chảo	프라이팬	냄비·프라이팬·칼·뚜껑·병
234	부엌 도구 (1/2)	274	vung	냄비 뚜껑	냄비·프라이팬·칼·뚜껑·병
235	부엌 도구 (2/2)	275	tủ bếp	주방 수납장	가스레인지·전자레인지·인덕션·싱크대·선반
235	부엌 도구 (2/2)	275	bếp ga	가스레인지	가스레인지·전자레인지·인덕션·싱크대·선반
235	부엌 도구 (2/2)	275	kệ bếp	주방 선반	가스레인지·전자레인지·인덕션·싱크대·선반
235	부엌 도구 (2/2)	275	bếp từ	인덕션	가스레인지·전자레인지·인덕션·싱크대·선반
235	부엌 도구 (2/2)	275	bếp điện	전기레인지	가스레인지·전자레인지·인덕션·싱크대·선반
235	부엌 도구 (2/2)	275	lò vi sóng	전자레인지	가스레인지·전자레인지·인덕션·싱크대·선반
235	부엌 도구 (2/2)	275	bồn rửa bát	싱크대	가스레인지·전자레인지·인덕션·싱크대·선반
235	부엌 도구 (2/2)	275	lửa	불	냉장실·냉동실·불
235	부엌 도구 (2/2)	275	ngăn đá	냉동실	냉장실·냉동실·불
235	부엌 도구 (2/2)	275	hòn than	숯덩이, 숯	냉장실·냉동실·불
235	부엌 도구 (2/2)	275	ngăn mát	냉장실	냉장실·냉동실·불
236	취미 (1/6)	122	chơi	놀다·(취미를)하다	취미 일반
236	취미 (1/6)	122	xem tivi	TV를 보다	취미 일반
236	취미 (1/6)	122	thưởng thức	즐기다 · 음미하다	취미 일반
236	취미 (1/6)	122	sở thích	취미	취미 일반
236	취미 (1/6)	122	giải trí	오락 · 여가 활동	취미 일반
236	취미 (1/6)	122	thời gian rỗi	여가 시간, 자유 시간	취미 일반
237	취미 (2/6)	131	đọc sách	독서하다	영화·음악·독서·연극·공연
237	취미 (2/6)	131	nhạc	음악	영화·음악·독서·연극·공연
237	취미 (2/6)	131	nghe nhạc	음악듣기	영화·음악·독서·연극·공연
237	취미 (2/6)	131	xem phim	영화보기	영화·음악·독서·연극·공연
237	취미 (2/6)	131	xem kịch	연극 보기	영화·음악·독서·연극·공연
237	취미 (2/6)	131	tiểu thuyết	소설책	영화·음악·독서·연극·공연
237	취미 (2/6)	131	cổ điển	클래식한 고전적인	영화·음악·독서·연극·공연
237	취미 (2/6)	131	truyện tranh	만화책	영화·음악·독서·연극·공연
237	취미 (2/6)	131	phụ đề	자막	영화·음악·독서·연극·공연
237	취미 (2/6)	131	nghệ thuật	예술	영화·음악·독서·연극·공연
237	취미 (2/6)	131	vở kịch	연극	영화·음악·독서·연극·공연
237	취미 (2/6)	131	bi kịch	비극	영화·음악·독서·연극·공연
238	취미 (3/6)	190	bài thơ	시	영화·음악·독서·연극·공연
238	취미 (3/6)	190	triển lãm	전시회	영화·음악·독서·연극·공연
238	취미 (3/6)	190	sáng tác	창작하다	영화·음악·독서·연극·공연
238	취미 (3/6)	190	chiếu phim	영화를 상영하다	영화·음악·독서·연극·공연
238	취미 (3/6)	190	trinh thám	탐정, 추리	영화·음악·독서·연극·공연
238	취미 (3/6)	190	hài kịch	희극, 코미디	영화·음악·독서·연극·공연
238	취미 (3/6)	190	truyện ngắn	단편소설	영화·음악·독서·연극·공연
238	취미 (3/6)	190	phim hài	코미디 영화	영화·음악·독서·연극·공연
238	취미 (3/6)	190	cuốn tiểu thuyết	소설책	영화·음악·독서·연극·공연
238	취미 (3/6)	190	phim hoạt hình	애니메이션	영화·음악·독서·연극·공연
238	취미 (3/6)	190	vé xem phim	영화표	영화·음악·독서·연극·공연
238	취미 (3/6)	190	xem múa rối	인형극 보기	영화·음악·독서·연극·공연
239	취미 (4/6)	191	hình	그림, 사진	사진·그림·수집·뜨개질·낚시
239	취미 (4/6)	191	tranh	그림	사진·그림·수집·뜨개질·낚시
239	취미 (4/6)	191	vẽ	그리다	사진·그림·수집·뜨개질·낚시
239	취미 (4/6)	191	vẽ tranh	그림을 그리다	사진·그림·수집·뜨개질·낚시
239	취미 (4/6)	191	ảnh	사진	사진·그림·수집·뜨개질·낚시
239	취미 (4/6)	191	chụp	(사진을) 찍다	사진·그림·수집·뜨개질·낚시
239	취미 (4/6)	191	chụp ảnh	사진을 찍다	사진·그림·수집·뜨개질·낚시
239	취미 (4/6)	191	đan	뜨개질하다	사진·그림·수집·뜨개질·낚시
239	취미 (4/6)	191	sưu tập	수집하다, 컬렉션	사진·그림·수집·뜨개질·낚시
239	취미 (4/6)	191	câu cá	낚시하다	사진·그림·수집·뜨개질·낚시
239	취미 (4/6)	191	chân dung	초상화	사진·그림·수집·뜨개질·낚시
239	취미 (4/6)	191	sưu tầm	수집하다	사진·그림·수집·뜨개질·낚시
239	취미 (4/6)	191	hình vẽ	그림, 삽화	사진·그림·수집·뜨개질·낚시
239	취미 (4/6)	191	cuộn phim	필름	사진·그림·수집·뜨개질·낚시
239	취미 (4/6)	191	rửa ảnh	사진을 인화하다	사진·그림·수집·뜨개질·낚시
240	취미 (5/6)	192	đi chơi	놀러가다	게임·산책·소풍·여행 가기
240	취미 (5/6)	192	dạo	거닐다·산책하다	게임·산책·소풍·여행 가기
240	취미 (5/6)	192	đi dạo	산책하다	게임·산책·소풍·여행 가기
240	취미 (5/6)	192	cược	내기하다, 걸다	게임·산책·소풍·여행 가기
240	취미 (5/6)	192	picnic	소풍	게임·산책·소풍·여행 가기
240	취미 (5/6)	192	chơi cờ	바둑을 두다	게임·산책·소풍·여행 가기
240	취미 (5/6)	192	cờ vua	체스	게임·산책·소풍·여행 가기
240	취미 (5/6)	192	chơi điện tử	게임하다	게임·산책·소풍·여행 가기
241	취미 (6/6)	276	điệu	춤 · 동작	노래·춤·악기
241	취미 (6/6)	276	hát	노래하다	노래·춤·악기
241	취미 (6/6)	276	đàn	연주하다	노래·춤·악기
241	취미 (6/6)	276	violon	바이올린	노래·춤·악기
241	취미 (6/6)	276	khiêu vũ	춤을 추다 · 사교댄스	노래·춤·악기
241	취미 (6/6)	276	vũ hội	무도회	노래·춤·악기
241	취미 (6/6)	276	chơi trống	드럼을 치다	노래·춤·악기
241	취미 (6/6)	276	đàn bầu	베트남 전통악기	노래·춤·악기
241	취미 (6/6)	276	đàn thập lục	중국 가야금 (16현 )	노래·춤·악기
242	운동 (1/5)	238	bơi	수영하다	스포츠 종목
242	운동 (1/5)	238	thể thao	스포츠	스포츠 종목
242	운동 (1/5)	238	bóng đá	축구	스포츠 종목
242	운동 (1/5)	238	cầu lông	배드민턴	스포츠 종목
242	운동 (1/5)	238	bóng chuyền	배구	스포츠 종목
242	운동 (1/5)	238	lặn	잠수 · 다이빙	스포츠 종목
242	운동 (1/5)	238	gôn	골프	스포츠 종목
242	운동 (1/5)	238	yoga	요가	스포츠 종목
242	운동 (1/5)	238	pickleball	피클볼	스포츠 종목
242	운동 (1/5)	238	đua xe	레이싱 · 경주	스포츠 종목
242	운동 (1/5)	238	trượt tuyết	스키	스포츠 종목
242	운동 (1/5)	238	bóng rổ	농구	스포츠 종목
243	운동 (2/5)	125	leo núi	등산하다	스포츠 종목
243	운동 (2/5)	125	đá bóng	축구하다	스포츠 종목
243	운동 (2/5)	125	đấm bốc	권투	스포츠 종목
243	운동 (2/5)	125	đua ngựa	경마	스포츠 종목
243	운동 (2/5)	125	trượt ván	스케이트보드 · 보드 타기	스포츠 종목
243	운동 (2/5)	125	bóng bàn	탁구	스포츠 종목
243	운동 (2/5)	125	nhảy cao	높이뛰기	스포츠 종목
243	운동 (2/5)	125	quần vợt	테니스	스포츠 종목
243	운동 (2/5)	125	bóng bầu dục	럭비	스포츠 종목
243	운동 (2/5)	125	đua xe đạp	자전거 경주	스포츠 종목
243	운동 (2/5)	125	đua xe máy	오토바이 경주	스포츠 종목
243	운동 (2/5)	125	đua xe ô tô	자동차 경주	스포츠 종목
244	운동 (3/5)	277	thể dục	체육, 운동	운동하다·연습·체력·스트레칭
244	운동 (3/5)	277	tập thể dục	운동하다	운동하다·연습·체력·스트레칭
244	운동 (3/5)	277	chạy bộ	조깅하다	운동하다·연습·체력·스트레칭
244	운동 (3/5)	277	luyện tập	연습하다, 훈련하다	운동하다·연습·체력·스트레칭
244	운동 (3/5)	277	Thể lực	체력	운동하다·연습·체력·스트레칭
244	운동 (3/5)	277	giãn cơ	스트레칭	운동하다·연습·체력·스트레칭
245	운동 (4/5)	278	giải	상; 풀다	경기·심판·점수·우승·결승
245	운동 (4/5)	278	cầu thủ	구기 종목 선수	경기·심판·점수·우승·결승
245	운동 (4/5)	278	Trận đấu	시합, 경기	경기·심판·점수·우승·결승
245	운동 (4/5)	278	vô địch	우승하다 · 챔피언이다	경기·심판·점수·우승·결승
245	운동 (4/5)	278	thi đấu	경기하다	경기·심판·점수·우승·결승
245	운동 (4/5)	278	cổ vũ	응원하다	경기·심판·점수·우승·결승
245	운동 (4/5)	278	trọng tài	심판	경기·심판·점수·우승·결승
245	운동 (4/5)	278	tỉ số	점수, 스코어	경기·심판·점수·우승·결승
245	운동 (4/5)	278	giao bóng	서브	경기·심판·점수·우승·결승
245	운동 (4/5)	278	về nhất	1등하다	경기·심판·점수·우승·결승
245	운동 (4/5)	278	đánh đôi	복식	경기·심판·점수·우승·결승
245	운동 (4/5)	278	trả bóng	리턴(받아치기)	경기·심판·점수·우승·결승
245	운동 (4/5)	278	đánh đơn	단식	경기·심판·점수·우승·결승
245	운동 (4/5)	278	trận chung kết	결승전	경기·심판·점수·우승·결승
246	운동 (5/5)	279	Sân	운동장 / 장소	헬스장·운동장·코트·라켓·공
246	운동 (5/5)	279	bóng	공	헬스장·운동장·코트·라켓·공
246	운동 (5/5)	279	lưới	네트·그물	헬스장·운동장·코트·라켓·공
246	운동 (5/5)	279	vợt	라켓	헬스장·운동장·코트·라켓·공
246	운동 (5/5)	279	phòng gym	헬스장	헬스장·운동장·코트·라켓·공
246	운동 (5/5)	279	đặt sân	코트를 예약하다	헬스장·운동장·코트·라켓·공
246	운동 (5/5)	279	sân bóng rổ	농구장	헬스장·운동장·코트·라켓·공
246	운동 (5/5)	279	quả bóng rổ	농구공	헬스장·운동장·코트·라켓·공
247	생김새 (1/3)	75	trông	~처럼 보이다	모습·외모 일반
247	생김새 (1/3)	75	bộ mặt	얼굴, 외관	모습·외모 일반
247	생김새 (1/3)	75	dáng vẻ	모습, 몸가짐	모습·외모 일반
247	생김새 (1/3)	75	đẹp	예쁘다, 아름답다	예쁘다·잘생기다·귀엽다·매력
247	생김새 (1/3)	75	dễ thương	귀엽다, 사랑스럽다	예쁘다·잘생기다·귀엽다·매력
247	생김새 (1/3)	75	đáng yêu	사랑스러운	예쁘다·잘생기다·귀엽다·매력
247	생김새 (1/3)	75	quyến rũ	매력적인, 유혹적인	예쁘다·잘생기다·귀엽다·매력
247	생김새 (1/3)	75	xinh xắn	예쁘장한, 귀여운	예쁘다·잘생기다·귀엽다·매력
247	생김새 (1/3)	75	duyên dáng	매력있는	예쁘다·잘생기다·귀엽다·매력
247	생김새 (1/3)	75	điển trai	잘생긴	예쁘다·잘생기다·귀엽다·매력
247	생김새 (1/3)	75	đẹp mắt	매력적인 · 눈길을 끄는	예쁘다·잘생기다·귀엽다·매력
248	생김새 (2/3)	76	thấp	(키가) 작은	키·몸집
248	생김새 (2/3)	76	béo	뚱뚱한	키·몸집
248	생김새 (2/3)	76	gầy	마른, 야윈	키·몸집
248	생김새 (2/3)	76	thon	가늘다·날씬하다	키·몸집
248	생김새 (2/3)	76	cao lên	키가크다, 키가커지다	키·몸집
248	생김새 (2/3)	76	cao to	키가 크고 체격 좋은	키·몸집
248	생김새 (2/3)	76	mảnh khảnh	여리여리한	키·몸집
248	생김새 (2/3)	76	bụng to	배가 나온, 뚱뚱한 배	키·몸집
248	생김새 (2/3)	76	tầm thước	보통인	키·몸집
248	생김새 (2/3)	76	dong dỏng	키가 크고 마른	키·몸집
249	생김새 (3/3)	77	gương mặt	얼굴, 면모	얼굴·피부·머리카락·주름·혈색
249	생김새 (3/3)	77	tóc	머리카락	얼굴·피부·머리카락·주름·혈색
249	생김새 (3/3)	77	rạng rỡ	밝은	얼굴·피부·머리카락·주름·혈색
249	생김새 (3/3)	77	nếp nhăn	주름	얼굴·피부·머리카락·주름·혈색
249	생김새 (3/3)	77	hồng hào	혈색이 좋은	얼굴·피부·머리카락·주름·혈색
249	생김새 (3/3)	77	mắt híp	(한 없이) 작은 눈	얼굴·피부·머리카락·주름·혈색
249	생김새 (3/3)	77	da ngăm đen	까무잡잡한 피부	얼굴·피부·머리카락·주름·혈색
249	생김새 (3/3)	77	tóc bạc đi	머리가 희어지다	얼굴·피부·머리카락·주름·혈색
249	생김새 (3/3)	77	da trắng lên	피부가 하얘지다	얼굴·피부·머리카락·주름·혈색
249	생김새 (3/3)	77	già	늙다, 나이 많다	젊다·늙다·나이 들어 보임
249	생김새 (3/3)	77	trẻ	어린, 젊은	젊다·늙다·나이 들어 보임
249	생김새 (3/3)	77	trẻ ra	젊어지다	젊다·늙다·나이 들어 보임
249	생김새 (3/3)	77	còn trẻ	아직 어리다	젊다·늙다·나이 들어 보임
249	생김새 (3/3)	77	tươi trẻ	풋풋하다	젊다·늙다·나이 들어 보임
250	성질 (1/10)	245	tốt	좋다	좋다·나쁘다·보통
250	성질 (1/10)	245	bình thường	보통의, 평범한	좋다·나쁘다·보통
250	성질 (1/10)	245	dở	서툰, 못하는, 맛없는	좋다·나쁘다·보통
250	성질 (1/10)	245	xấu	나쁘다, 못생기다	좋다·나쁘다·보통
250	성질 (1/10)	245	tồi	나쁘다, 형편없다	좋다·나쁘다·보통
250	성질 (1/10)	245	tốt đẹp	좋은, 훌륭한	좋다·나쁘다·보통
250	성질 (1/10)	245	khá hơn	더 나아지다, 개선되다	좋다·나쁘다·보통
250	성질 (1/10)	245	rất hay	아주 좋다, 아주 재미있다	좋다·나쁘다·보통
250	성질 (1/10)	245	tàm tạm	그냥 그래	좋다·나쁘다·보통
251	성질 (2/10)	241	khó	어려운	쉽다·어렵다·편리·불편
251	성질 (2/10)	241	dễ	쉬운	쉽다·어렵다·편리·불편
251	성질 (2/10)	241	không khó	어렵지 않다	쉽다·어렵다·편리·불편
251	성질 (2/10)	241	không dễ	쉽지 않다	쉽다·어렵다·편리·불편
251	성질 (2/10)	241	tiện	편리한	쉽다·어렵다·편리·불편
251	성질 (2/10)	241	tiện lợi	편리한	쉽다·어렵다·편리·불편
251	성질 (2/10)	241	bất tiện	불편한	쉽다·어렵다·편리·불편
251	성질 (2/10)	241	phức tạp	복잡하다	쉽다·어렵다·편리·불편
251	성질 (2/10)	241	thuận tiện	편리한	쉽다·어렵다·편리·불편
251	성질 (2/10)	241	thuận lợi	편리한	쉽다·어렵다·편리·불편
251	성질 (2/10)	241	đơn giản	간단한	쉽다·어렵다·편리·불편
251	성질 (2/10)	241	dễ dàng	쉽다	쉽다·어렵다·편리·불편
251	성질 (2/10)	241	cầu kỳ	정교한 · 까다로운	쉽다·어렵다·편리·불편
251	성질 (2/10)	241	cắc cớ	까다로운	쉽다·어렵다·편리·불편
252	성질 (3/10)	126	nhanh	빠른	빠르다·느리다
252	성질 (3/10)	126	chậm	느린	빠르다·느리다
252	성질 (3/10)	126	chóng	빨리 · 금방	빠르다·느리다
252	성질 (3/10)	126	chậm chạp	느린, 굼뜬	빠르다·느리다
253	성질 (4/10)	50	dài	길다	크다·작다·길다·짧다·두껍다·얇다·넓다·좁다
253	성질 (4/10)	50	cao	높은, (가격이) 비싼	크다·작다·길다·짧다·두껍다·얇다·넓다·좁다
253	성질 (4/10)	50	nhỏ	작은	크다·작다·길다·짧다·두껍다·얇다·넓다·좁다
253	성질 (4/10)	50	lớn	큰	크다·작다·길다·짧다·두껍다·얇다·넓다·좁다
253	성질 (4/10)	50	to	큰	크다·작다·길다·짧다·두껍다·얇다·넓다·좁다
253	성질 (4/10)	50	chật	(면적이) 좁다	크다·작다·길다·짧다·두껍다·얇다·넓다·좁다
253	성질 (4/10)	50	ngắn	짧은	크다·작다·길다·짧다·두껍다·얇다·넓다·좁다
253	성질 (4/10)	50	rộng	넓다	크다·작다·길다·짧다·두껍다·얇다·넓다·좁다
253	성질 (4/10)	50	nông	얕은	크다·작다·길다·짧다·두껍다·얇다·넓다·좁다
254	성질 (5/10)	51	sâu	깊다	크다·작다·길다·짧다·두껍다·얇다·넓다·좁다
254	성질 (5/10)	51	cạn	얕다	크다·작다·길다·짧다·두껍다·얇다·넓다·좁다
254	성질 (5/10)	51	dày	두껍다	크다·작다·길다·짧다·두껍다·얇다·넓다·좁다
254	성질 (5/10)	51	hẹp	(폭, 범위가) 좁다	크다·작다·길다·짧다·두껍다·얇다·넓다·좁다
254	성질 (5/10)	51	mỏng	얇다	크다·작다·길다·짧다·두껍다·얇다·넓다·좁다
254	성질 (5/10)	51	nhỏ bé	작고 아담한	크다·작다·길다·짧다·두껍다·얇다·넓다·좁다
254	성질 (5/10)	51	nhỏ lại	작아지다	크다·작다·길다·짧다·두껍다·얇다·넓다·좁다
254	성질 (5/10)	51	chật chội	비좁고 답답하다	크다·작다·길다·짧다·두껍다·얇다·넓다·좁다
254	성질 (5/10)	51	bền	내구성이 좋다	무겁다·가볍다·단단·부드럽다
254	성질 (5/10)	51	nặng	무겁다	무겁다·가볍다·단단·부드럽다
254	성질 (5/10)	51	nhẹ	가볍다, (병이) 경미하다	무겁다·가볍다·단단·부드럽다
254	성질 (5/10)	51	cứng	단단한, 딱딱한	무겁다·가볍다·단단·부드럽다
254	성질 (5/10)	51	mềm	부드럽다	무겁다·가볍다·단단·부드럽다
254	성질 (5/10)	51	nhẹ nhàng	가볍다 · 부드럽다 · 조용하다	무겁다·가볍다·단단·부드럽다
254	성질 (5/10)	51	mềm mại	부드러운, 유연한	무겁다·가볍다·단단·부드럽다
255	성질 (6/10)	139	yên tĩnh	조용한	깨끗·더럽다·조용·시끄럽다·밝다
255	성질 (6/10)	139	ồn ào	시끄럽다	깨끗·더럽다·조용·시끄럽다·밝다
255	성질 (6/10)	139	sạch	깨끗한	깨끗·더럽다·조용·시끄럽다·밝다
255	성질 (6/10)	139	bẩn	더러운	깨끗·더럽다·조용·시끄럽다·밝다
255	성질 (6/10)	139	dơ	더럽다(남부)	깨끗·더럽다·조용·시끄럽다·밝다
255	성질 (6/10)	139	yên lặng	조용히 하다	깨끗·더럽다·조용·시끄럽다·밝다
255	성질 (6/10)	139	lộn xộn	어수선하다 · 혼란스럽다	깨끗·더럽다·조용·시끄럽다·밝다
255	성질 (6/10)	139	bừa bộn	무질서한, 난잡한	깨끗·더럽다·조용·시끄럽다·밝다
255	성질 (6/10)	139	sáng sủa	밝은	깨끗·더럽다·조용·시끄럽다·밝다
255	성질 (6/10)	139	ngổn ngang	어질러진 · 복잡한	깨끗·더럽다·조용·시끄럽다·밝다
255	성질 (6/10)	139	cũ	낡은, 오래된	새것·낡음·가득·빈
255	성질 (6/10)	139	đầy	가득 차다, 가득한	새것·낡음·가득·빈
255	성질 (6/10)	139	mới mẻ	새로운, 신선한	새것·낡음·가득·빈
255	성질 (6/10)	139	lạc hậu	낙후되다	새것·낡음·가득·빈
255	성질 (6/10)	139	xuống cấp	노후화되다	새것·낡음·가득·빈
256	성질 (7/10)	256	đông	(사람이) 붐비는, 많은	붐비다·한산하다
256	성질 (7/10)	256	vắng	한산한, 사람이 적은	붐비다·한산하다
256	성질 (7/10)	256	sôi động	활기찬, 생동감 있는	붐비다·한산하다
256	성질 (7/10)	256	nhộn nhịp	북적거리다, 활기차다	붐비다·한산하다
256	성질 (7/10)	256	đông vui	북적이고 즐거운, 활기찬	붐비다·한산하다
256	성질 (7/10)	256	vắng người	(장소에 사람이 없어) 한산하다	붐비다·한산하다
256	성질 (7/10)	256	tấp nập	북적거리다	붐비다·한산하다
256	성질 (7/10)	256	sầm uất	붐비는 · 번화한	붐비다·한산하다
256	성질 (7/10)	256	chen nhau	붐비다	붐비다·한산하다
256	성질 (7/10)	256	vãn khách	손님이 적은, 한산한	붐비다·한산하다
256	성질 (7/10)	256	nườm nượp	끊임없이 이어지다	붐비다·한산하다
257	성질 (8/10)	280	mạnh	강한	부유·가난·강하다·약하다
257	성질 (8/10)	280	sang trọng	고급스럽다, 우아하다	부유·가난·강하다·약하다
257	성질 (8/10)	280	sức	힘, 능력	부유·가난·강하다·약하다
257	성질 (8/10)	280	yếu	약한	부유·가난·강하다·약하다
257	성질 (8/10)	280	giàu	부유한, 돈 많은	부유·가난·강하다·약하다
257	성질 (8/10)	280	nghèo	가난한	부유·가난·강하다·약하다
257	성질 (8/10)	280	sức mạnh	힘, 능력	부유·가난·강하다·약하다
257	성질 (8/10)	280	xa xỉ	사치스럽다 · 호화롭다	부유·가난·강하다·약하다
257	성질 (8/10)	280	bình dân	서민적인	부유·가난·강하다·약하다
257	성질 (8/10)	280	nổi tiếng	유명한	유명·인기·평판
257	성질 (8/10)	280	uy tín	위신 · 신뢰도	유명·인기·평판
257	성질 (8/10)	280	phổ biến	널리퍼진, 보편적인	유명·인기·평판
257	성질 (8/10)	280	thơm	향기로운, 냄새 좋은	냄새
257	성질 (8/10)	280	thối	악취가 나다·썩다	냄새
258	성질 (9/10)	281	giỏi	잘하다 · 능숙하다	능력·솜씨
258	성질 (9/10)	281	khả năng	능력, 가능성	능력·솜씨
258	성질 (9/10)	281	kém	약한, 부족한	능력·솜씨
258	성질 (9/10)	281	dốt	배움이 부족하여 지식이 없는	능력·솜씨
258	성질 (9/10)	281	thạo	능숙하다	능력·솜씨
258	성질 (9/10)	281	khéo léo	솜씨 좋은 · 능숙한	능력·솜씨
258	성질 (9/10)	281	trình độ	수준, 실력	능력·솜씨
258	성질 (9/10)	281	thông thạo	능숙하다	능력·솜씨
258	성질 (9/10)	281	khéo tay	솜씨 좋은 · 교묘한	능력·솜씨
259	성질 (10/10)	282	thích hợp	적합한	정확·알맞다
259	성질 (10/10)	282	chuẩn	표준, 정확한	정확·알맞다
259	성질 (10/10)	282	hợp với	적합한	정확·알맞다
259	성질 (10/10)	282	ổn định	안정적인	정확·알맞다
259	성질 (10/10)	282	phù hợp	적합하다, 어울리다	정확·알맞다
259	성질 (10/10)	282	chính xác	정확히	정확·알맞다
259	성질 (10/10)	282	rõ ràng	명확한	정확·알맞다
259	성질 (10/10)	282	hiệu quả	효과 · 효율적이다	정확·알맞다
259	성질 (10/10)	282	hợp lý	합리적이다	정확·알맞다
259	성질 (10/10)	282	chính đáng	정당한, 타당한	정확·알맞다
259	성질 (10/10)	282	chặt chẽ	엄격하다 · 철저하다	정확·알맞다
259	성질 (10/10)	282	đặc biệt	특별히, 특별한	이상하다·특별하다
259	성질 (10/10)	282	kỳ	이상한	이상하다·특별하다
259	성질 (10/10)	282	lạ	이상한	이상하다·특별하다
259	성질 (10/10)	282	điên	미친, 정신 나간	그 밖의 성질
259	성질 (10/10)	282	bí	답답한,막힌	그 밖의 성질
259	성질 (10/10)	282	sâu sắc	깊은, 깊이 있는	그 밖의 성질
259	성질 (10/10)	282	trang trọng	정중한	그 밖의 성질
260	날씨 (1/5)	117	lạnh	춥다	덥다·춥다·시원·따뜻·습하다
260	날씨 (1/5)	117	ấm	따뜻하다	덥다·춥다·시원·따뜻·습하다
260	날씨 (1/5)	117	mát	시원하다	덥다·춥다·시원·따뜻·습하다
260	날씨 (1/5)	117	nóng	덥다	덥다·춥다·시원·따뜻·습하다
260	날씨 (1/5)	117	ẩm	습기찬	덥다·춥다·시원·따뜻·습하다
260	날씨 (1/5)	117	rét	추운 (살을 에는 추위)	덥다·춥다·시원·따뜻·습하다
260	날씨 (1/5)	117	oi bức	후텁지근하다	덥다·춥다·시원·따뜻·습하다
260	날씨 (1/5)	117	trời oi	무덥다, 후텁지근하다	덥다·춥다·시원·따뜻·습하다
260	날씨 (1/5)	117	ướt	젖은	젖다·마르다
260	날씨 (1/5)	117	khô	마른,건조한	젖다·마르다
260	날씨 (1/5)	117	thấm	스며들다, 흡수하다, 느끼다	젖다·마르다
260	날씨 (1/5)	117	khô ráo	보송보송한, 마른	젖다·마르다
261	날씨 (2/5)	118	mưa	비오다	비·바람·눈·폭풍·천둥·번개·무지개
261	날씨 (2/5)	118	trời mưa	비가 오다	비·바람·눈·폭풍·천둥·번개·무지개
261	날씨 (2/5)	118	tạnh mưa	비가 그치다	비·바람·눈·폭풍·천둥·번개·무지개
261	날씨 (2/5)	118	đổ	쏟아지다, 몰리다	비·바람·눈·폭풍·천둥·번개·무지개
261	날씨 (2/5)	118	gió	바람	비·바람·눈·폭풍·천둥·번개·무지개
261	날씨 (2/5)	118	tuyết	눈, 눈송이	비·바람·눈·폭풍·천둥·번개·무지개
261	날씨 (2/5)	118	bão	폭풍	비·바람·눈·폭풍·천둥·번개·무지개
261	날씨 (2/5)	118	ngập	잠기다, 침수되다, 가득 차다	비·바람·눈·폭풍·천둥·번개·무지개
261	날씨 (2/5)	118	chớp	번개	비·바람·눈·폭풍·천둥·번개·무지개
261	날씨 (2/5)	118	sét	번개	비·바람·눈·폭풍·천둥·번개·무지개
261	날씨 (2/5)	118	sấm	천둥	비·바람·눈·폭풍·천둥·번개·무지개
261	날씨 (2/5)	118	dông	폭풍	비·바람·눈·폭풍·천둥·번개·무지개
261	날씨 (2/5)	118	cầu vồng	무지개	비·바람·눈·폭풍·천둥·번개·무지개
261	날씨 (2/5)	118	mưa rào	소나기	비·바람·눈·폭풍·천둥·번개·무지개
261	날씨 (2/5)	118	mưa phùn	이슬비	비·바람·눈·폭풍·천둥·번개·무지개
262	날씨 (3/5)	189	mây	구름	하늘·해·달·별·구름
262	날씨 (3/5)	189	trời	하늘, 날씨	하늘·해·달·별·구름
262	날씨 (3/5)	189	ánh	빛	하늘·해·달·별·구름
262	날씨 (3/5)	189	mặt trời	태양·해	하늘·해·달·별·구름
262	날씨 (3/5)	189	ngôi sao	별	하늘·해·달·별·구름
262	날씨 (3/5)	189	mặt trăng	달	하늘·해·달·별·구름
262	날씨 (3/5)	189	bầu trời	하늘	하늘·해·달·별·구름
262	날씨 (3/5)	189	bóng râm	그늘	하늘·해·달·별·구름
263	날씨 (4/5)	283	xuân	봄	계절·건기·우기
263	날씨 (4/5)	283	Hè	여름	계절·건기·우기
263	날씨 (4/5)	283	mùa	계절	계절·건기·우기
263	날씨 (4/5)	283	mùa hè	여름	계절·건기·우기
263	날씨 (4/5)	283	mùa đông	겨울	계절·건기·우기
263	날씨 (4/5)	283	mùa xuân	봄	계절·건기·우기
263	날씨 (4/5)	283	mùa thu	가을	계절·건기·우기
263	날씨 (4/5)	283	mùa khô	건기	계절·건기·우기
263	날씨 (4/5)	283	mùa mưa	우기	계절·건기·우기
263	날씨 (4/5)	283	mùa hạ	여름	계절·건기·우기
264	날씨 (5/5)	284	nắng	맑다·햇빛	예보·기후·미세먼지·맑다·흐리다
264	날씨 (5/5)	284	quang	맑다(구름 없이)	예보·기후·미세먼지·맑다·흐리다
264	날씨 (5/5)	284	thời tiết	날씨	예보·기후·미세먼지·맑다·흐리다
264	날씨 (5/5)	284	khí hậu	기후	예보·기후·미세먼지·맑다·흐리다
264	날씨 (5/5)	284	dự báo	예상하다, 예측하다	예보·기후·미세먼지·맑다·흐리다
264	날씨 (5/5)	284	trời nắng	햇볕이 나다·맑다	예보·기후·미세먼지·맑다·흐리다
264	날씨 (5/5)	284	nhiều mây	흐리다·구름이 많다	예보·기후·미세먼지·맑다·흐리다
264	날씨 (5/5)	284	tầm nhìn xa	가시거리	예보·기후·미세먼지·맑다·흐리다
264	날씨 (5/5)	284	ô nhiễm bụi mịn	미세먼지	예보·기후·미세먼지·맑다·흐리다
265	자연 (1/4)	115	hồ	호수	땅·산·강·바다·호수·섬·숲·계곡
265	자연 (1/4)	115	biển	바다	땅·산·강·바다·호수·섬·숲·계곡
265	자연 (1/4)	115	suối	계곡물, 시내	땅·산·강·바다·호수·섬·숲·계곡
265	자연 (1/4)	115	đảo	섬	땅·산·강·바다·호수·섬·숲·계곡
265	자연 (1/4)	115	bãi biển	해변	땅·산·강·바다·호수·섬·숲·계곡
265	자연 (1/4)	115	đất	땅, 흙	땅·산·강·바다·호수·섬·숲·계곡
265	자연 (1/4)	115	núi	산	땅·산·강·바다·호수·섬·숲·계곡
265	자연 (1/4)	115	rừng	숲	땅·산·강·바다·호수·섬·숲·계곡
265	자연 (1/4)	115	sông	강	땅·산·강·바다·호수·섬·숲·계곡
265	자연 (1/4)	115	đỉnh	정상, 꼭대기	땅·산·강·바다·호수·섬·숲·계곡
265	자연 (1/4)	115	vịnh	만 (바다가 육지 쪽으로 들어온 곳)	땅·산·강·바다·호수·섬·숲·계곡
265	자연 (1/4)	115	bờ biển	해안선	땅·산·강·바다·호수·섬·숲·계곡
265	자연 (1/4)	115	đất liền	육지 · 본토 · 대륙	땅·산·강·바다·호수·섬·숲·계곡
265	자연 (1/4)	115	biển xanh	푸른 바다	땅·산·강·바다·호수·섬·숲·계곡
265	자연 (1/4)	115	sừng sững	우뚝 솟은, 웅장한	땅·산·강·바다·호수·섬·숲·계곡
265	자연 (1/4)	115	các đảo trên biển	바다 위에 있는 여러 섬들	땅·산·강·바다·호수·섬·숲·계곡
266	자연 (2/4)	285	nước	물	물·공기·환경·오염·자연
266	자연 (2/4)	285	trái đất	지구	물·공기·환경·오염·자연
266	자연 (2/4)	285	không khí	공기	물·공기·환경·오염·자연
266	자연 (2/4)	285	môi trường	환경	물·공기·환경·오염·자연
266	자연 (2/4)	285	Thiên nhiên	자연	물·공기·환경·오염·자연
266	자연 (2/4)	285	trong lành	맑은, 상쾌한	물·공기·환경·오염·자연
266	자연 (2/4)	285	ô nhiễm	오염	물·공기·환경·오염·자연
267	자연 (3/4)	286	cây	나무; ~그루(식물 분류사)	나무·꽃·풀·잎·뿌리
267	자연 (3/4)	286	hoa	꽃	나무·꽃·풀·잎·뿌리
267	자연 (3/4)	286	sen	연꽃	나무·꽃·풀·잎·뿌리
267	자연 (3/4)	286	cỏ	풀	나무·꽃·풀·잎·뿌리
267	자연 (3/4)	286	nở	(꽃이)피다	나무·꽃·풀·잎·뿌리
267	자연 (3/4)	286	hoa hồng	장미	나무·꽃·풀·잎·뿌리
267	자연 (3/4)	286	lá cây	나뭇잎	나무·꽃·풀·잎·뿌리
267	자연 (3/4)	286	hoa sen	연꽃	나무·꽃·풀·잎·뿌리
267	자연 (3/4)	286	rễ cây	뿌리	나무·꽃·풀·잎·뿌리
267	자연 (3/4)	286	cây xanh	초목, 푸른 나무	나무·꽃·풀·잎·뿌리
267	자연 (3/4)	286	cây cảnh	관상용 식물	나무·꽃·풀·잎·뿌리
267	자연 (3/4)	286	lá vàng	낙엽 ]	나무·꽃·풀·잎·뿌리
267	자연 (3/4)	286	hoa anh đào	벚꽃	나무·꽃·풀·잎·뿌리
268	자연 (4/4)	287	động	동굴	지진·동굴·해돋이·해넘이
268	자연 (4/4)	287	động đất	지진	지진·동굴·해돋이·해넘이
268	자연 (4/4)	287	hang động	동굴	지진·동굴·해돋이·해넘이
268	자연 (4/4)	287	hang đá	돌 동굴	지진·동굴·해돋이·해넘이
268	자연 (4/4)	287	mặt trời mọc	해돋이	지진·동굴·해돋이·해넘이
268	자연 (4/4)	287	mặt trời lặn	해질녘	지진·동굴·해돋이·해넘이
268	자연 (4/4)	287	trận động đất	지진	지진·동굴·해돋이·해넘이
269	동물 (1/2)	167	mèo	고양이	집짐승
269	동물 (1/2)	167	con mèo	고양이	집짐승
269	동물 (1/2)	167	chó	개(동물)	집짐승
269	동물 (1/2)	167	con chó	개	집짐승
269	동물 (1/2)	167	ngựa	말	집짐승
269	동물 (1/2)	167	heo	돼지(남부)	집짐승
269	동물 (1/2)	167	lợn	돼지(북부)	집짐승
269	동물 (1/2)	167	vịt	오리	집짐승
269	동물 (1/2)	167	con gà	닭	집짐승
270	동물 (2/2)	239	con cá	물고기	들짐승·새·물고기·코끼리·토끼·쥐·용
270	동물 (2/2)	239	chim	새	들짐승·새·물고기·코끼리·토끼·쥐·용
270	동물 (2/2)	239	rồng	용	들짐승·새·물고기·코끼리·토끼·쥐·용
270	동물 (2/2)	239	chuột	쥐	들짐승·새·물고기·코끼리·토끼·쥐·용
270	동물 (2/2)	239	thỏ	토끼	들짐승·새·물고기·코끼리·토끼·쥐·용
270	동물 (2/2)	239	voi	코끼리	들짐승·새·물고기·코끼리·토끼·쥐·용
270	동물 (2/2)	239	con chim	새	들짐승·새·물고기·코끼리·토끼·쥐·용
270	동물 (2/2)	239	con thỏ	토끼	들짐승·새·물고기·코끼리·토끼·쥐·용
270	동물 (2/2)	239	cá heo	돌고래	들짐승·새·물고기·코끼리·토끼·쥐·용
270	동물 (2/2)	239	con voi	코끼리	들짐승·새·물고기·코끼리·토끼·쥐·용
270	동물 (2/2)	239	con cá heo	돌고래	들짐승·새·물고기·코끼리·토끼·쥐·용
270	동물 (2/2)	239	kiến	개미	벌레
270	동물 (2/2)	239	muỗi	모기	벌레
270	동물 (2/2)	239	ruồi	파리	벌레
270	동물 (2/2)	239	động vật	동물	동물 일반
270	동물 (2/2)	239	gia súc	가축	동물 일반
270	동물 (2/2)	239	gà con	병아리	동물 일반
271	명절과 기념일 (1/3)	188	văn hóa	문화	문화·전통 일반
271	명절과 기념일 (1/3)	188	truyền thống	전통	문화·전통 일반
271	명절과 기념일 (1/3)	188	lễ hội	축제	문화·전통 일반
271	명절과 기념일 (1/3)	188	phong tục	풍속, 관례	문화·전통 일반
271	명절과 기념일 (1/3)	188	cổ truyền	전통의	문화·전통 일반
271	명절과 기념일 (1/3)	188	sản phẩm văn hoá	문화 상품	문화·전통 일반
271	명절과 기념일 (1/3)	188	Tết	설날(뗏)	설·중추절·향·명절 상
271	명절과 기념일 (1/3)	188	năm mới	새해	설·중추절·향·명절 상
271	명절과 기념일 (1/3)	188	Trung thu	중추절	설·중추절·향·명절 상
271	명절과 기념일 (1/3)	188	thắp hương	향을 피우다	설·중추절·향·명절 상
271	명절과 기념일 (1/3)	188	ngày tết	설날	설·중추절·향·명절 상
271	명절과 기념일 (1/3)	188	Tết Nguyên Đán	설날(음력 설)	설·중추절·향·명절 상
271	명절과 기념일 (1/3)	188	Tết Trung thu	중추절·추석	설·중추절·향·명절 상
271	명절과 기념일 (1/3)	188	tết cổ truyền	베트남 설날	설·중추절·향·명절 상
271	명절과 기념일 (1/3)	188	mâm cỗ Tết miền Bắc	북부 설 상차림	설·중추절·향·명절 상
272	명절과 기념일 (2/3)	254	sinh nhật	생일	생일·기념일·국경일·크리스마스
272	명절과 기념일 (2/3)	254	kỷ niệm	기념일	생일·기념일·국경일·크리스마스
272	명절과 기념일 (2/3)	254	Giáng Sinh	크리스마스	생일·기념일·국경일·크리스마스
272	명절과 기념일 (2/3)	254	ngày lễ	명절·공휴일	생일·기념일·국경일·크리스마스
272	명절과 기념일 (2/3)	254	quốc khánh	국경일	생일·기념일·국경일·크리스마스
272	명절과 기념일 (2/3)	254	Quốc tế phụ nữ	세계 여성의 날	생일·기념일·국경일·크리스마스
272	명절과 기념일 (2/3)	254	Quốc tế lao động	노동절	생일·기념일·국경일·크리스마스
272	명절과 기념일 (2/3)	254	Quốc tế thiếu nhi	어린이날	생일·기념일·국경일·크리스마스
272	명절과 기념일 (2/3)	254	Ngày Nhà giáo Việt Nam	베트남 스승의 날	생일·기념일·국경일·크리스마스
273	명절과 기념일 (3/3)	255	chúc	기원하다, 빌다	축하·선물·파티·소원
273	명절과 기념일 (3/3)	255	chúc mừng	축하하다	축하·선물·파티·소원
273	명절과 기념일 (3/3)	255	tặng	선물하다·주다	축하·선물·파티·소원
273	명절과 기념일 (3/3)	255	quà	선물	축하·선물·파티·소원
273	명절과 기념일 (3/3)	255	tiệc	파티	축하·선물·파티·소원
273	명절과 기념일 (3/3)	255	gói	싸다, 포장하다	축하·선물·파티·소원
273	명절과 기념일 (3/3)	255	trang trí	꾸미다 · 장식하다	축하·선물·파티·소원
273	명절과 기념일 (3/3)	255	điều ước	소원	축하·선물·파티·소원
273	명절과 기념일 (3/3)	255	chúc thọ	장수를 기원하는	축하·선물·파티·소원
273	명절과 기념일 (3/3)	255	chúc may mắn	행운을 빌어	축하·선물·파티·소원
273	명절과 기념일 (3/3)	255	chúc bạn khỏe mạnh	건강하세요	축하·선물·파티·소원
273	명절과 기념일 (3/3)	255	pháo hoa	불꽃놀이	세뱃돈·불꽃
273	명절과 기념일 (3/3)	255	lì xì	세뱃돈	세뱃돈·불꽃
273	명절과 기념일 (3/3)	255	mừng tuổi	세뱃돈을 주다	세뱃돈·불꽃
274	꿈과 노력 (1/2)	116	cơ	기회	기회·성공·실패·미래
274	꿈과 노력 (1/2)	116	tương lai	미래	기회·성공·실패·미래
274	꿈과 노력 (1/2)	116	đạt	달성하다	기회·성공·실패·미래
274	꿈과 노력 (1/2)	116	may mắn	운이 좋다, 다행이다	기회·성공·실패·미래
274	꿈과 노력 (1/2)	116	thành công	성공(하다)	기회·성공·실패·미래
274	꿈과 노력 (1/2)	116	cơ hội	기회	기회·성공·실패·미래
274	꿈과 노력 (1/2)	116	thất bại	실패하다	기회·성공·실패·미래
274	꿈과 노력 (1/2)	116	không may	불운한	기회·성공·실패·미래
274	꿈과 노력 (1/2)	116	mục đích	목적	꿈·소망·목표·염원
274	꿈과 노력 (1/2)	116	ước mơ	꿈, 소망	꿈·소망·목표·염원
274	꿈과 노력 (1/2)	116	mong ước	소망하다, 소망	꿈·소망·목표·염원
274	꿈과 노력 (1/2)	116	nguyện vọng	염원, 소원	꿈·소망·목표·염원
275	꿈과 노력 (2/2)	288	cố	노력하다 / 애쓰다	노력·동기·시련·분투
275	꿈과 노력 (2/2)	288	khổ	힘들다, 고생하다, 괴롭다	노력·동기·시련·분투
275	꿈과 노력 (2/2)	288	cố lên	힘내	노력·동기·시련·분투
275	꿈과 노력 (2/2)	288	thử thách	시련	노력·동기·시련·분투
275	꿈과 노력 (2/2)	288	nỗ lực	노력	노력·동기·시련·분투
275	꿈과 노력 (2/2)	288	hi sinh	희생하다	노력·동기·시련·분투
275	꿈과 노력 (2/2)	288	động lực	동기, 동력	노력·동기·시련·분투
275	꿈과 노력 (2/2)	288	công sức	노력	노력·동기·시련·분투
275	꿈과 노력 (2/2)	288	khắc phục	극복하다	노력·동기·시련·분투
275	꿈과 노력 (2/2)	288	phấn đấu	분투하다, 노력하다	노력·동기·시련·분투
275	꿈과 노력 (2/2)	288	phí công	헛수고하다	노력·동기·시련·분투
276	한자말 조각 (1/2)	289	thành	~으로(되다)	한자말 조각
276	한자말 조각 (1/2)	289	ngữ	말, 언어 (ngữ pháp, ngoại ngữ의 ngữ)	한자말 조각
276	한자말 조각 (1/2)	289	văn	문학	한자말 조각
276	한자말 조각 (1/2)	289	an	편안하다, 안전하다	한자말 조각
276	한자말 조각 (1/2)	289	ý	뜻, 의미, 생각	한자말 조각
276	한자말 조각 (1/2)	289	thị	시장 · 도시	한자말 조각
276	한자말 조각 (1/2)	289	nội	국내의	한자말 조각
276	한자말 조각 (1/2)	289	ngoại	국외의	한자말 조각
276	한자말 조각 (1/2)	289	viện	기관	한자말 조각
277	한자말 조각 (2/2)	290	lợi	이익, 잇몸	한자말 조각
277	한자말 조각 (2/2)	290	lập	세우다, 설립하다	한자말 조각
277	한자말 조각 (2/2)	290	phó	부-,차장	한자말 조각
277	한자말 조각 (2/2)	290	liên	연속된	한자말 조각
277	한자말 조각 (2/2)	290	chính	바로(강조)	한자말 조각
277	한자말 조각 (2/2)	290	phổ	보급된,널리퍼진	한자말 조각
277	한자말 조각 (2/2)	290	thất	잃어버리다	한자말 조각
277	한자말 조각 (2/2)	290	thiên	치우치다, 기울다	한자말 조각
278	그 밖의 낱말 (1/12)	134	hành động	행동	추상 명사
278	그 밖의 낱말 (1/12)	134	vật	물건, 사물	추상 명사
278	그 밖의 낱말 (1/12)	134	cách	방법	추상 명사
278	그 밖의 낱말 (1/12)	134	điều	것, 사항	추상 명사
278	그 밖의 낱말 (1/12)	134	hoạt động	활동	추상 명사
278	그 밖의 낱말 (1/12)	134	tình trạng	상태	추상 명사
278	그 밖의 낱말 (1/12)	134	tình huống	상황	추상 명사
278	그 밖의 낱말 (1/12)	134	loại	종류	추상 명사
278	그 밖의 낱말 (1/12)	134	chương trình	프로그램	추상 명사
278	그 밖의 낱말 (1/12)	134	cấp	급(수)	추상 명사
278	그 밖의 낱말 (1/12)	134	điều kiện	조건	추상 명사
279	그 밖의 낱말 (2/12)	257	cuộc sống	삶, 생활, 인생	추상 명사
279	그 밖의 낱말 (2/12)	257	đồ vật	물건 · 집기	추상 명사
279	그 밖의 낱말 (2/12)	257	quá trình	과정 · 절차	추상 명사
279	그 밖의 낱말 (2/12)	257	kiểu	유형	추상 명사
279	그 밖의 낱말 (2/12)	257	nguồn	근원, 출처	추상 명사
279	그 밖의 낱말 (2/12)	257	chuông	종	추상 명사
279	그 밖의 낱말 (2/12)	257	hệ thống	시스템	추상 명사
279	그 밖의 낱말 (2/12)	257	cơ sở	기초	추상 명사
279	그 밖의 낱말 (2/12)	257	hoàn cảnh	상황, 처지	추상 명사
279	그 밖의 낱말 (2/12)	257	thực trạng	실상 · 현황	추상 명사
280	그 밖의 낱말 (3/12)	291	ngày một	점점	변화·발전
280	그 밖의 낱말 (3/12)	291	nâng cao	향상시키다	변화·발전
280	그 밖의 낱말 (3/12)	291	biến đổi	바꾸다, 변화하다	변화·발전
280	그 밖의 낱말 (3/12)	291	mở rộng	확장하다, 넓히다	변화·발전
280	그 밖의 낱말 (3/12)	291	tiến bộ	진보	변화·발전
280	그 밖의 낱말 (3/12)	291	cải thiện	개선하다	변화·발전
280	그 밖의 낱말 (3/12)	291	bước tiến	발전 단계 · 진보	변화·발전
280	그 밖의 낱말 (3/12)	291	dần dần	점점	변화·발전
280	그 밖의 낱말 (3/12)	291	xu hướng	추세, 경향	변화·발전
280	그 밖의 낱말 (3/12)	291	cải cách	개혁하다 · 제도를 고치다	변화·발전
280	그 밖의 낱말 (3/12)	291	mọc lên	생겨나다	변화·발전
280	그 밖의 낱말 (3/12)	291	khá lên	나아지다	변화·발전
280	그 밖의 낱말 (3/12)	291	sự thay đổi	변화	변화·발전
281	그 밖의 낱말 (4/12)	292	dự	참석하다	참여·모임·조직
281	그 밖의 낱말 (4/12)	292	tham dự	참석하다, 참여하다	참여·모임·조직
281	그 밖의 낱말 (4/12)	292	tham gia	참여하다	참여·모임·조직
281	그 밖의 낱말 (4/12)	292	tổ chức	조직	참여·모임·조직
281	그 밖의 낱말 (4/12)	292	gia nhập	가입하다	참여·모임·조직
281	그 밖의 낱말 (4/12)	292	giải tán	해산시키다	참여·모임·조직
281	그 밖의 낱말 (4/12)	292	đóng góp	기여하다 · 공헌하다	참여·모임·조직
281	그 밖의 낱말 (4/12)	292	nhập hội	참가하다 · 합류하다	참여·모임·조직
281	그 밖의 낱말 (4/12)	292	góp phần	기여하다 · 일조하다	참여·모임·조직
281	그 밖의 낱말 (4/12)	292	xa lạ	낯선	적응·낯섦
281	그 밖의 낱말 (4/12)	292	thích nghi	적응하다	적응·낯섦
281	그 밖의 낱말 (4/12)	292	hòa nhập	융화되다	적응·낯섦
281	그 밖의 낱말 (4/12)	292	thích ứng	적응하다	적응·낯섦
281	그 밖의 낱말 (4/12)	292	sốc văn hóa	문화 충격	적응·낯섦
282	그 밖의 낱말 (5/12)	293	giếng	우물	농사·공예·특산
282	그 밖의 낱말 (5/12)	293	cày	쟁기	농사·공예·특산
282	그 밖의 낱말 (5/12)	293	xẻng	삽	농사·공예·특산
282	그 밖의 낱말 (5/12)	293	cuốc	괭이	농사·공예·특산
282	그 밖의 낱말 (5/12)	293	gốm	도자기	농사·공예·특산
282	그 밖의 낱말 (5/12)	293	trồng trọt	재배하다	농사·공예·특산
282	그 밖의 낱말 (5/12)	293	mỹ nghệ	공예, 미술 공예	농사·공예·특산
282	그 밖의 낱말 (5/12)	293	sơn mài	옻칠 공예	농사·공예·특산
282	그 밖의 낱말 (5/12)	293	sản vật	특산물	농사·공예·특산
282	그 밖의 낱말 (5/12)	293	cấy lúa	모내기를 하다	농사·공예·특산
282	그 밖의 낱말 (5/12)	293	đồ gốm sứ	도자기	농사·공예·특산
282	그 밖의 낱말 (5/12)	293	vải thổ cẩm	소수민족 전통 직물	농사·공예·특산
283	그 밖의 낱말 (6/12)	294	tiên	요정	종교·전설·역사
283	그 밖의 낱말 (6/12)	294	ma	귀신, 유령	종교·전설·역사
283	그 밖의 낱말 (6/12)	294	biểu tượng	상징 · 상징물 · 아이콘	종교·전설·역사
283	그 밖의 낱말 (6/12)	294	thượng đế	상제 · 하느님	종교·전설·역사
283	그 밖의 낱말 (6/12)	294	truyền thuyết	전설	종교·전설·역사
283	그 밖의 낱말 (6/12)	294	theo đạo	종교를 믿다	종교·전설·역사
283	그 밖의 낱말 (6/12)	294	lên ngôi	즉위하다	종교·전설·역사
283	그 밖의 낱말 (6/12)	294	ông trời	(베트남에서) 하늘에 있는 신	종교·전설·역사
284	그 밖의 낱말 (7/12)	295	xã hội	사회	사회·정치
284	그 밖의 낱말 (7/12)	295	chiến tranh	전쟁	사회·정치
284	그 밖의 낱말 (7/12)	295	an ninh	치안	사회·정치
284	그 밖의 낱말 (7/12)	295	chính phủ	정부	사회·정치
284	그 밖의 낱말 (7/12)	295	hòa bình	평화	사회·정치
284	그 밖의 낱말 (7/12)	295	cộng đồng	공동체	사회·정치
284	그 밖의 낱말 (7/12)	295	chính sách	정책	사회·정치
284	그 밖의 낱말 (7/12)	295	dân số	인구	사회·정치
284	그 밖의 낱말 (7/12)	295	nhà nước	국가 · 정부	사회·정치
284	그 밖의 낱말 (7/12)	295	trung ương	중앙	사회·정치
284	그 밖의 낱말 (7/12)	295	quy hoạch	기획, 계획	사회·정치
284	그 밖의 낱말 (7/12)	295	chính phủ số	디지털 정부 · 디지털 전환 정부	사회·정치
285	그 밖의 낱말 (8/12)	296	ngầm	지하의, 은밀한	상태·모양
285	그 밖의 낱말 (8/12)	296	ô	칸, 셀	상태·모양
285	그 밖의 낱말 (8/12)	296	vòng	원, 둥근모양	상태·모양
285	그 밖의 낱말 (8/12)	296	hình dạng	형태, 모양	상태·모양
285	그 밖의 낱말 (8/12)	296	cố định	고정된	상태·모양
285	그 밖의 낱말 (8/12)	296	rải rác	흩어진	상태·모양
285	그 밖의 낱말 (8/12)	296	ngất ngưỡng	비틀거리는, 흔들거리는	상태·모양
285	그 밖의 낱말 (8/12)	296	giải pháp	해결책	문제·해결
285	그 밖의 낱말 (8/12)	296	sự cố	사고, 문제	문제·해결
285	그 밖의 낱말 (8/12)	296	biện pháp	대책 · 조치	문제·해결
285	그 밖의 낱말 (8/12)	296	hút thuốc	담배피다	습관·중독
285	그 밖의 낱말 (8/12)	296	nghiện	중독되다	습관·중독
285	그 밖의 낱말 (8/12)	296	đánh bạc	도박	습관·중독
285	그 밖의 낱말 (8/12)	296	rủi	운이 나쁜	운
286	그 밖의 낱말 (9/12)	297	siêu nhân	슈퍼맨	장난감·인형
286	그 밖의 낱말 (9/12)	297	gấu bông	곰 인형	장난감·인형
286	그 밖의 낱말 (9/12)	297	con chó bông	강아지 인형	장난감·인형
286	그 밖의 낱말 (9/12)	297	đồ chơi Việt Nam	베트남 장난감	장난감·인형
287	그 밖의 낱말 (10/12)	298	kết hợp	붙이다, 결합하다	그 밖의 동사
287	그 밖의 낱말 (10/12)	298	ghép	연결시키다	그 밖의 동사
287	그 밖의 낱말 (10/12)	298	hút	빨다·흡입하다	그 밖의 동사
287	그 밖의 낱말 (10/12)	298	phá	부수다	그 밖의 동사
287	그 밖의 낱말 (10/12)	298	dành	남겨두다 · 할애하다	그 밖의 동사
287	그 밖의 낱말 (10/12)	298	hưởng	누리다, 받다	그 밖의 동사
287	그 밖의 낱말 (10/12)	298	chặn	막다, 차단하다	그 밖의 동사
287	그 밖의 낱말 (10/12)	298	mọc	자라다, 나다	그 밖의 동사
287	그 밖의 낱말 (10/12)	298	đứt	끊어지다	그 밖의 동사
287	그 밖의 낱말 (10/12)	298	thủng	구멍이 나다, 뚫리다	그 밖의 동사
287	그 밖의 낱말 (10/12)	298	mải	몰두하다, 열중하다	그 밖의 동사
287	그 밖의 낱말 (10/12)	298	kiểm soát	통제하다	그 밖의 동사
288	그 밖의 낱말 (11/12)	299	bỏ qua	건너뛰다, 넘기다	그 밖의 동사
288	그 밖의 낱말 (11/12)	299	duy trì	유지하다	그 밖의 동사
288	그 밖의 낱말 (11/12)	299	thu hút	끌어당기다 · 유치하다	그 밖의 동사
288	그 밖의 낱말 (11/12)	299	thừa kế	상속하다, 물려받다	그 밖의 동사
288	그 밖의 낱말 (11/12)	299	ra đời	태어나다 · 탄생하다	그 밖의 동사
288	그 밖의 낱말 (11/12)	299	đáp ứng	부응하다, 충족시키다	그 밖의 동사
288	그 밖의 낱말 (11/12)	299	thăm dò	탐색하다 · 조사하다	그 밖의 동사
288	그 밖의 낱말 (11/12)	299	bù đắp	보충하다, 메우다	그 밖의 동사
288	그 밖의 낱말 (11/12)	299	tranh thủ	활용하다	그 밖의 동사
288	그 밖의 낱말 (11/12)	299	lưu giữ	보존하다	그 밖의 동사
288	그 밖의 낱말 (11/12)	299	thiệt thòi	손해를 보다, 불리하다	그 밖의 동사
288	그 밖의 낱말 (11/12)	299	độc đáo	독창적인, 독특한	그 밖의 형용사
288	그 밖의 낱말 (11/12)	299	đặc điểm	특징	그 밖의 명사
288	그 밖의 낱말 (11/12)	299	nét riêng	독특한 특징, 고유한 모습	그 밖의 명사
289	그 밖의 낱말 (12/12)	300	tự	스스로, 직접	부사
289	그 밖의 낱말 (12/12)	300	nhầm	잘못, 실수로	부사
289	그 밖의 낱말 (12/12)	300	kỹ	자세히, 꼼꼼히	부사
289	그 밖의 낱말 (12/12)	300	trực tiếp	직접(의), 직접적으로	부사
289	그 밖의 낱말 (12/12)	300	cố tình	일부러	부사
289	그 밖의 낱말 (12/12)	300	đích thân	본인 스스로	부사
289	그 밖의 낱말 (12/12)	300	tận mắt	직접 눈으로, 두 눈으로	부사
289	그 밖의 낱말 (12/12)	300	tự túc đi	알아서 해	부사
