메인 교	hôm nay	오늘	hôm(그날, 요전날 (hôm) + nay(지금, 오늘 (hôm )	사전O
메인 교	xin lỗi	죄송합니다, 실례합니다	xin((정중하게 부탁할 때)) + lỗi(잘못, 실수)	사전O
메인 교	tiếng Việt	베트남어	tiếng(언어, 소리) + Việt(베트남(의) (ngườ)	사전O
메인 교	thanh điệu	성조	thanh(성조, 소리; 막대 모) + điệu(춤 / 동작)	사전O
메인 교	trả lời	대답하다	trả(돌려주다, 지불하다) + lời(말, 말씀; 이익)	사전O
메인 교	học viên	학습자, 학생	học(배우다, 공부하다) + viên(알 (알약·사탕 등을 )	사전O
메인 교	bên cạnh	옆(의), 곁(의)	bên(옆, 쪽) + cạnh(옆)	사전O
메인 교	thích hợp	적절하다, 알맞다	thích(좋아하다) + hợp(어울리다)	사전O
메인 교	bài tập	연습문제	bài(과, 단원) + tập(연습하다, 익히다)	사전O
메인 교	lặp lại	반복하다, 따라 하다	lặp(반복하다) + lại(다시; 되돌아 (viế)	사전O
메인 교	câu hỏi	질문	câu(문장) + hỏi(묻다, 질문하다)	사전O
메인 교	chính tả	받아쓰기	chính(바로(강조)) + tả(묘사하다)	사전O
메인 교	tìm hiểu	알아보다, 탐구하다	tìm(찾다) + hiểu(이해하다)	사전O
메인 교	ngữ pháp	문법	ngữ(말, 언어 (ngữ p) + pháp(프랑스)	사전O
메인 교	hành động	행동	hành(파, 양파) + động(동굴)	사전O
메인 교	cách nói	화법, 표현하는 방법	cách(방법, 방식; 떨어져 ) + nói(말하다)	사전O
메인 교	sức khỏe	건강	sức(힘/건강) + khỏe(건강하다, 잘 지내다)	사전O
메인 교	hỏi thăm	안부를 묻다, 문안하다	hỏi(묻다, 질문하다) + thăm(방문하다(사람을))	사전O
메인 교	a lô	여보세요 (전화 받을 때)	a(아 (입을 크게)) + lô(구획(lô đất))	사전O
메인 교	xin chào	안녕하세요(정중한 인사)	xin((정중하게 부탁할 때)) + chào(인사하다; 안녕하세요()	사전O
메인 교	không sao	괜찮습니다	không(영(0); 아니다, ~) + sao(왜)	사전O
메인 교	rất tốt	아주 좋다	rất(매우, 아주) + tốt(좋다)	사전X
메인 교	bảng chữ cái	알파벳, 자모표	bảng(칠판) + chữ(글자) + cái((사물 앞에 붙는 종별)	사전O
메인 교	theo mẫu	보기(예시)대로	theo(~에 따라, ~에 따르) + mẫu(견본, 본보기 (the)	사전X
메인 교	từ ngữ	어휘, 단어	từ(단어) + ngữ(말, 언어 (ngữ p)	사전O
메인 교	dưới đây	아래의, 다음의	dưới(아래, ~의 형태로) + đây(여기; 이 사람, 이것)	사전X
메인 교	còn thiếu	부족한, 빠진	còn(그런데, ~는(요)?) + thiếu(부족하다, 빠지다 (c)	사전X
메인 교	đọc hiểu	독해	đọc(읽다) + hiểu(이해하다)	사전X
메인 교	đoạn văn	지문, 문단	đoạn(단락, 구간) + văn(문학)	사전X
메인 교	dựa vào	~에 근거하다, ~을 바탕으로	dựa(의지하다, 근거하다) + vào(~안으로, ~에)	사전O
메인 교	bài đọc	읽기 지문, 독해 본문	bài(과, 단원) + đọc(읽다)	사전X
메인 교	ngôi thứ nhất	1인칭	ngôi(채, 동 (건물·시장 ) + thứ(종류, 가지) + nhất(가장, 제일)	사전X
메인 교	ngôi thứ hai	2인칭	ngôi(채, 동 (건물·시장 ) + thứ(종류, 가지) + hai(둘(2))	사전X
메인 교	số ít	단수	số(숫자) + ít(적은)	사전O
메인 교	người nghe	청자, 듣는 사람	người(사람) + nghe(듣다)	사전X
메인 교	chỉ định từ	지시사, 지시대명사	chỉ(가리키다) + định(~하려고 하다) + từ(단어)	사전X
메인 교	người nói	화자, 말하는 사람	người(사람) + nói(말하다)	사전X
메인 교	thời điểm	시점	thời(때, 시대) + điểm(점수)	사전O
메인 교	nào đó	어떤, 그 어떤	nào(어느, 어떤) + đó(그것, 그곳(지시대명사)	사전X
메인 교	câu trả lời	대답, 답변	câu(문장) + trả(돌려주다, 지불하다) + lời(말, 말씀; 이익)	사전X
메인 교	chỉ định	지시하다, 지정하다	chỉ(가리키다) + định(~하려고 하다)	사전O
메인 교	chào hỏi	인사하다, 안부를 묻다	chào(인사하다; 안녕하세요() + hỏi(묻다, 질문하다)	사전O
메인 교	số đếm	기수 (셈하는 수)	số(숫자) + đếm(세다)	사전O
메인 교	thứ nhất	첫째, 첫 번째 (ngôi thứ nhất: 1인칭)	thứ(종류, 가지) + nhất(가장, 제일)	사전O
메인 교	thanh ngang	평성 (ngang 성조, 성조 부호 없음)	thanh(성조, 소리; 막대 모) + ngang(가로의, 수평의; 평성)	사전O
메인 교	thanh huyền	huyền 성조 (`)	thanh(성조, 소리; 막대 모) + huyền(huyền 성조(`);)	사전O
메인 교	thanh ngã	ngã 성조 (~)	thanh(성조, 소리; 막대 모) + ngã(넘어지다)	사전O
메인 교	thanh hỏi	hỏi 성조 (?)	thanh(성조, 소리; 막대 모) + hỏi(묻다, 질문하다)	사전O
메인 교	thanh sắc	sắc 성조 (´)	thanh(성조, 소리; 막대 모) + sắc(sắc 성조(´); 날)	사전O
메인 교	thanh nặng	nặng 성조 (밑점)	thanh(성조, 소리; 막대 모) + nặng(무겁다)	사전O
메인 교	áo dài	아오자이(베트남 전통 의상)	áo(옷, 상의) + dài(길다)	사전O
메인 교	sinh viên	대학생	sinh(태어나다) + viên(알 (알약·사탕 등을 )	사전O
메인 교	đi bộ	걷다	đi(가다) + bộ(벌, 세트(옷 등을 세)	사전O
메인 교	chị ấy	그녀 (누나/언니뻘)	chị(언니/누나; (여성을 ) + ấy(그(3인칭 지시형용사:)	사전O
메인 교	phải không	~이죠?, ~맞죠? (확인 의문)	phải(옳다, 맞다) + không(영(0); 아니다, ~)	사전O
메인 교	anh ấy	그 (형/오빠뻘)	anh(형/오빠; (남성을 부) + ấy(그(3인칭 지시형용사:)	사전O
메인 교	cô ấy	그녀 (아가씨/여선생뻘)	cô(아가씨; (미혼 여성·) + ấy(그(3인칭 지시형용사:)	사전O
메인 교	em ấy	그, 그녀 (동생뻘)	em(동생; (손아랫사람을 ) + ấy(그(3인칭 지시형용사:)	사전X
메인 교	ông ấy	그 (할아버지/아저씨뻘)	ông(할아버지; (연장자 남) + ấy(그(3인칭 지시형용사:)	사전O
메인 교	bà ấy	그녀 (할머니/아주머니뻘)	bà(할머니; (연장자 여성) + ấy(그(3인칭 지시형용사:)	사전O
메인 교	ông bà	조부모님, 어르신들	ông(할아버지; (연장자 남) + bà(할머니; (연장자 여성)	사전O
메인 교	ở nhà	집에(서)	ở(~에 있다, ~에서) + nhà(집)	사전O
메인 교	nước ngoài	외국	nước(나라; 물) + ngoài(밖, ~밖에)	사전O
메인 교	có mặt	참석하다, 자리에 있다	có(있다, 가지다; (긍정) + mặt(얼굴; 표면)	사전O
메인 교	trường hợp	경우, 상황	trường(학교) + hợp(어울리다)	사전O
메인 교	mười lăm	열다섯(15)	mười(열(10)) + lăm((11 이상에서 '5')	사전O
메인 교	hôm qua	어제	hôm(그날, 요전날 (hôm) + qua(건너다, 지나다)	사전O
메인 교	phó từ	부사	phó(부-,차장) + từ(단어)	사전O
메인 교	sau đó	그 후에, 그다음에	sau(뒤, ~뒤에, ~후에;) + đó(그것, 그곳(지시대명사)	사전O
메인 교	lần này	이번(에)	lần(번, 회 (횟수)) + này(이 (이것, 이 ~))	사전X
메인 교	mười một	열하나(11)	mười(열(10)) + một(하나(1))	사전O
메인 교	mười hai	열둘(12)	mười(열(10)) + hai(둘(2))	사전O
메인 교	mười ba	열셋(13)	mười(열(10)) + ba(셋(3))	사전O
메인 교	mười bốn	열넷(14)	mười(열(10)) + bốn(넷(4))	사전O
메인 교	mười sáu	열여섯(16)	mười(열(10)) + sáu(여섯(6))	사전O
메인 교	mười bảy	열일곱(17)	mười(열(10)) + bảy(일곱(7))	사전O
메인 교	mười tám	열여덟(18)	mười(열(10)) + tám(여덟(8))	사전O
메인 교	mười chín	열아홉(19)	mười(열(10)) + chín(아홉(9))	사전O
메인 교	hai mươi	스물(20)	hai(둘(2)) + mươi((20 이상에서 '10)	사전O
메인 교	người Mỹ	미국 사람	người(사람) + Mỹ(미국)	사전O
메인 교	người Úc	호주 사람	người(사람) + Úc(호주)	사전X
메인 교	người Nhật	일본 사람	người(사람) + Nhật(일본)	사전X
메인 교	người Anh	영국 사람	người(사람) + Anh(형/오빠; (남성을 부)	사전X
메인 교	không phải	아니다(부정)	không(영(0); 아니다, ~) + phải(옳다, 맞다)	사전X
메인 교	người nước nào	어느 나라 사람	người(사람) + nước(나라; 물) + nào(어느, 어떤)	사전X
메인 교	người Việt	베트남 사람	người(사람) + Việt(베트남(의) (ngườ)	사전O
메인 교	người Chile	칠레 사람	người(사람) + Chile(칠레)	사전X
메인 교	người Pháp	프랑스 사람	người(사람) + Pháp(프랑스)	사전O
메인 교	người Canada	캐나다 사람	người(사람) + Canada(캐나다)	사전X
메인 교	người Singapore	싱가포르 사람	người(사람) + Singapore(싱가포르)	사전X
메인 교	người nước ngoài	외국인	người(사람) + nước(나라; 물) + ngoài(밖, ~밖에)	사전O
메인 교	lượng từ	수량사	lượng(양, 분량) + từ(단어)	사전O
메인 교	số lượng	수량	số(숫자) + lượng(양, 분량)	사전O
메인 교	ngôi thứ ba	3인칭	ngôi(채, 동 (건물·시장 ) + thứ(종류, 가지) + ba(셋(3))	사전X
메인 교	số nhiều	복수	số(숫자) + nhiều(많은)	사전O
메인 교	ăn cơm	밥을 먹다, 식사하다	ăn(먹다) + cơm(밥)	사전O
메인 교	ngược lại	거꾸로, 반대로	ngược(반대의) + lại(다시; 되돌아 (viế)	사전O
메인 교	hiện diện	존재하다, 현존	hiện(현재, 지금; 나타나다) + diện(차려입다, 말쑥한)	사전O
메인 교	nhìn thấy	보이다, 눈에 띄다	nhìn(보다, 바라보다) + thấy(보다, 느끼다)	사전O
메인 교	trước đây	예전에, 전에	trước(앞, ~앞에, ~전에) + đây(여기; 이 사람, 이것)	사전O
메인 교	đi học	공부하러 가다, 등교하다	đi(가다) + học(배우다, 공부하다)	사전X
메인 교	hiện nay	현재, 지금	hiện(현재, 지금; 나타나다) + nay(지금, 오늘 (hôm )	사전O
메인 교	chăm chỉ	부지런한, 열심히 하는	chăm(공부에 / 열중하다) + chỉ(가리키다)	사전O
메인 교	nổi tiếng	유명한	nổi(물 위에 뜨다, 올라오) + tiếng(언어, 소리)	사전O
메인 교	làm việc	일하다	làm(하다, 일하다) + việc(일 (동명사화 표지))	사전O
메인 교	buổi chiều	오후	buổi(때, 시간대) + chiều(오후)	사전O
메인 교	buổi tối	저녁	buổi(때, 시간대) + tối(저녁, 밤)	사전O
메인 교	khoa học	과학	khoa(학과, 단과대학) + học(배우다, 공부하다)	사전O
메인 교	thành phố	도시	thành(~으로(되다)) + phố(거리, 번화가)	사전O
메인 교	chúng tôi	우리(청자 제외)	chúng(그들, 그것들) + tôi(저, 나)	사전O
메인 교	ở đó	거기에서	ở(~에 있다, ~에서) + đó(그것, 그곳(지시대명사)	사전X
메인 교	phòng học	교실	phòng(방, 호실) + học(배우다, 공부하다)	사전X
메인 교	đi chơi	놀러 가다	đi(가다) + chơi(놀다)	사전O
메인 교	thư ký	비서	thư(편지) + ký(킬로그램(kg))	사전O
메인 교	giải thích	설명하다	giải(상; 풀다) + thích(좋아하다)	사전O
메인 교	uống thuốc	약을 먹다	uống(마시다) + thuốc(약)	사전O
메인 교	một trăm	100	một(하나(1)) + trăm(백(100))	사전O
메인 교	tiếng Anh	영어	tiếng(언어, 소리) + Anh(형/오빠; (남성을 부)	사전O
메인 교	tiếng Nhật	일본어	tiếng(언어, 소리) + Nhật(일본)	사전O
메인 교	thân mật	친밀하다, 다정하다	thân(몸; 친한) + mật(꿀; 담즙; 비밀의)	사전O
메인 교	yêu cầu	요구하다	yêu(사랑하다) + cầu(다리)	사전O
메인 교	nước nào	어느 나라	nước(나라; 물) + nào(어느, 어떤)	사전X
메인 교	ở đâu	어디에서	ở(~에 있다, ~에서) + đâu(어디)	사전O
메인 교	đúng rồi	맞아요, 맞다	đúng(맞다, 옳다) + rồi(이미, 벌써 (완료);)	사전X
메인 교	đi đâu	어디 가다	đi(가다) + đâu(어디)	사전X
메인 교	một năm	1년	một(하나(1)) + năm(다섯(5))	사전X
메인 교	bài số	~과, ~번 과	bài(과, 단원) + số(숫자)	사전X
메인 교	thế nào	어떻게, 어떤지	thế(그러면, 그렇게 (말머) + nào(어느, 어떤)	사전O
메인 교	không khỏe	몸이 안 좋다, 아프다	không(영(0); 아니다, ~) + khỏe(건강하다, 잘 지내다)	사전X
메인 교	chia lìa	헤어지다, 이별하다	chia(나누다) + lìa(떠나다, 헤어지다)	사전O
메인 교	đêm khuya	심야, 깊은 밤	đêm(밤) + khuya((밤이) 깊다, 늦은)	사전X
메인 교	mùa lúa	벼농사철	mùa(계절, 철) + lúa(벼)	사전X
메인 교	mua cua	게를 사다	mua(사다) + cua(게)	사전X
메인 교	mưa nữa	또 비가 오다	mưa(비) + nữa(더, 또)	사전X
메인 교	tựa cửa	문에 기대다	tựa(기대다; 닮다; 서문) + cửa(문)	사전X
메인 교	biển xanh	푸른 바다	biển(바다) + xanh(파란, 초록의)	사전X
메인 교	hiểu biết	이해하고 알다, 알다	hiểu(이해하다) + biết(알다)	사전O
메인 교	yêu thương	아끼고 사랑하다	yêu(사랑하다) + thương(아끼다, 사랑하다)	사전O
메인 교	mười người	열 사람	mười(열(10)) + người(사람)	사전X
메인 교	bưởi tươi	신선한 자몽	bưởi(자몽 (포멜로)) + tươi(신선한)	사전X
메인 교	hai mươi mốt	21	hai(둘(2)) + mươi((20 이상에서 '10) + mốt((21처럼 끝자리 1을)	사전O
메인 교	hai mươi hai	22	hai(둘(2)) + mươi((20 이상에서 '10) + hai(둘(2))	사전O
메인 교	hai mươi ba	23	hai(둘(2)) + mươi((20 이상에서 '10) + ba(셋(3))	사전O
메인 교	hai mươi bốn	24	hai(둘(2)) + mươi((20 이상에서 '10) + bốn(넷(4))	사전X
메인 교	hai mươi lăm	25	hai(둘(2)) + mươi((20 이상에서 '10) + lăm((11 이상에서 '5')	사전X
메인 교	hai mươi sáu	26	hai(둘(2)) + mươi((20 이상에서 '10) + sáu(여섯(6))	사전X
메인 교	hai mươi bảy	27	hai(둘(2)) + mươi((20 이상에서 '10) + bảy(일곱(7))	사전X
메인 교	hai mươi tám	28	hai(둘(2)) + mươi((20 이상에서 '10) + tám(여덟(8))	사전X
메인 교	hai mươi chín	29	hai(둘(2)) + mươi((20 이상에서 '10) + chín(아홉(9))	사전X
메인 교	ba mươi	30	ba(셋(3)) + mươi((20 이상에서 '10)	사전X
메인 교	bốn mươi	40	bốn(넷(4)) + mươi((20 이상에서 '10)	사전X
메인 교	năm mươi	50	năm(다섯(5)) + mươi((20 이상에서 '10)	사전X
메인 교	sáu mươi	60	sáu(여섯(6)) + mươi((20 이상에서 '10)	사전X
메인 교	bảy mươi	70	bảy(일곱(7)) + mươi((20 이상에서 '10)	사전O
메인 교	tám mươi	80	tám(여덟(8)) + mươi((20 이상에서 '10)	사전X
메인 교	chín mươi	90	chín(아홉(9)) + mươi((20 이상에서 '10)	사전O
메인 교	ba mươi mốt	31	ba(셋(3)) + mươi((20 이상에서 '10) + mốt((21처럼 끝자리 1을)	사전X
메인 교	bốn mươi mốt	41	bốn(넷(4)) + mươi((20 이상에서 '10) + mốt((21처럼 끝자리 1을)	사전X
메인 교	năm mươi mốt	51	năm(다섯(5)) + mươi((20 이상에서 '10) + mốt((21처럼 끝자리 1을)	사전X
메인 교	chín mươi mốt	91	chín(아홉(9)) + mươi((20 이상에서 '10) + mốt((21처럼 끝자리 1을)	사전X
메인 교	ba mươi lăm	35	ba(셋(3)) + mươi((20 이상에서 '10) + lăm((11 이상에서 '5')	사전X
메인 교	bốn mươi lăm	45	bốn(넷(4)) + mươi((20 이상에서 '10) + lăm((11 이상에서 '5')	사전X
메인 교	năm mươi lăm	55	năm(다섯(5)) + mươi((20 이상에서 '10) + lăm((11 이상에서 '5')	사전X
메인 교	sáu mươi lăm	65	sáu(여섯(6)) + mươi((20 이상에서 '10) + lăm((11 이상에서 '5')	사전X
메인 교	bảy mươi lăm	75	bảy(일곱(7)) + mươi((20 이상에서 '10) + lăm((11 이상에서 '5')	사전X
메인 교	tám mươi lăm	85	tám(여덟(8)) + mươi((20 이상에서 '10) + lăm((11 이상에서 '5')	사전X
메인 교	chín mươi lăm	95	chín(아홉(9)) + mươi((20 이상에서 '10) + lăm((11 이상에서 '5')	사전X
메인 교	tiếng Pháp	프랑스어	tiếng(언어, 소리) + Pháp(프랑스)	사전O
메인 교	đồng nhất	동일하다, 한결같다	đồng(동(베트남 화폐 단위)) + nhất(가장, 제일)	사전O
메인 교	lớp học	교실, 수업(반)	lớp(교실, 반) + học(배우다, 공부하다)	사전O
메인 교	người Việt Nam	베트남 사람	người(사람) + Việt(베트남(의) (ngườ) + Nam(남쪽)	사전O
메인 교	cho là	~라고 여기다, ~라고 간주하다	cho(~을 위해, ~에게; ) + là(~이다)	사전O
메인 교	cấp cứu	응급 처치하다, 구조하다	cấp(급(수)) + cứu(구조하다)	사전O
메인 교	bố mẹ	부모	bố(아버지, 아빠) + mẹ(엄마)	사전O
메인 교	buổi sáng	아침때	buổi(때, 시간대) + sáng(아침)	사전O
메인 교	kế toán	회계사, 회계	kế(다음(kế tiếp)) + toán(수학)	사전O
메인 교	dạo này	요즘	dạo(거닐다·산책하다) + này(이 (이것, 이 ~))	사전O
메인 교	đi làm	일하러 가다, 출근하다	đi(가다) + làm(하다, 일하다)	사전O
메인 교	văn phòng	사무실	văn(문학) + phòng(방, 호실)	사전O
메인 교	bệnh viện	병원	bệnh(병, 아프다) + viện(기관)	사전O
메인 교	lái xe	운전하다, 차를 몰다	lái(운전하다, 몰다) + xe(차, 탈것)	사전O
메인 교	bắt đầu	시작하다	bắt(잡다, 체포하다) + đầu(머리; 처음, 맨 앞)	사전O
메인 교	nấu ăn	요리하다, 밥을 짓다	nấu(요리하다) + ăn(먹다)	사전O
메인 교	trước khi	~하기 전에	trước(앞, ~앞에, ~전에) + khi(~할 때)	사전O
메인 교	máy tính	컴퓨터	máy(기계, 기기(컴퓨터 등) + tính(성질, ~성; 계산하다)	사전O
메인 교	nhà hàng	식당	nhà(집) + hàng(줄, 열; 가게; 상품)	사전O
메인 교	ngoại ngữ	외국어	ngoại(국외의) + ngữ(말, 언어 (ngữ p)	사전O
메인 교	cố gắng	노력하다, 애쓰다	cố(노력하다 / 애쓰다) + gắng(애쓰다, 노력하다)	사전O
메인 교	một số	일부, 몇몇	một(하나(1)) + số(숫자)	사전O
메인 교	mức độ	정도, 수준	mức(수준, 정도) + độ(정도, 도)	사전O
메인 교	tính từ	형용사	tính(성질, ~성; 계산하다) + từ(단어)	사전O
메인 교	động từ	동사	động(동굴) + từ(단어)	사전O
메인 교	cau có	찌푸리다, 화난 얼굴을 하다	cau(빈랑나무) + có(있다, 가지다; (긍정)	사전O
메인 교	cây cầu	다리(교량)	cây(나무; ~그루(식물 분) + cầu(다리)	사전X
메인 교	kiểu cách	격식을 차리는, 까다로운 스타일의	kiểu(방식, 스타일) + cách(방법, 방식; 떨어져 )	사전O
메인 교	cũ kỹ	낡고 오래된	cũ(낡은, 오래된) + kỹ(꼼꼼한, 세심한)	사전O
메인 교	quanh co	구불구불한	quanh(주위에, 둘레에) + co(오그라들다)	사전O
메인 교	quán cơm	밥집, 식당	quán(가게, 작은 식당) + cơm(밥)	사전X
메인 교	quyền quý	권세 있고 존귀한	quyền(권리, 권한) + quý(귀한, 소중한)	사전X
메인 교	gan dạ	대담한, 배짱 있는	gan(간(장기), 용기, 담) + dạ(네(공손한 대답))	사전O
메인 교	ghi chép	기록하다, 필기하다	ghi(적다, 기록하다) + chép(베끼다, 복사하다)	사전O
메인 교	ngon ngọt	달콤한, (말로) 살살 구슬리는	ngon(맛있는) + ngọt(단, 달콤한)	사전O
메인 교	hai trăm	200	hai(둘(2)) + trăm(백(100))	사전X
메인 교	ba trăm	300	ba(셋(3)) + trăm(백(100))	사전X
메인 교	bốn trăm	400	bốn(넷(4)) + trăm(백(100))	사전X
메인 교	năm trăm	500	năm(다섯(5)) + trăm(백(100))	사전X
메인 교	sáu trăm	600	sáu(여섯(6)) + trăm(백(100))	사전X
메인 교	bảy trăm	700	bảy(일곱(7)) + trăm(백(100))	사전X
메인 교	tám trăm	800	tám(여덟(8)) + trăm(백(100))	사전X
메인 교	chín trăm	900	chín(아홉(9)) + trăm(백(100))	사전X
메인 교	một trăm lẻ một	101	một(하나(1)) + trăm(백(100)) + lẻ((101처럼 자릿수가 ) + một(하나(1))	사전X
메인 교	một trăm lẻ hai	102	một(하나(1)) + trăm(백(100)) + lẻ((101처럼 자릿수가 ) + hai(둘(2))	사전X
메인 교	một trăm lẻ ba	103	một(하나(1)) + trăm(백(100)) + lẻ((101처럼 자릿수가 ) + ba(셋(3))	사전X
메인 교	một trăm lẻ bốn	104	một(하나(1)) + trăm(백(100)) + lẻ((101처럼 자릿수가 ) + bốn(넷(4))	사전X
메인 교	một trăm lẻ năm	105	một(하나(1)) + trăm(백(100)) + lẻ((101처럼 자릿수가 ) + năm(다섯(5))	사전X
메인 교	một trăm lẻ sáu	106	một(하나(1)) + trăm(백(100)) + lẻ((101처럼 자릿수가 ) + sáu(여섯(6))	사전X
메인 교	một trăm lẻ bảy	107	một(하나(1)) + trăm(백(100)) + lẻ((101처럼 자릿수가 ) + bảy(일곱(7))	사전X
메인 교	một trăm lẻ tám	108	một(하나(1)) + trăm(백(100)) + lẻ((101처럼 자릿수가 ) + tám(여덟(8))	사전X
메인 교	một trăm lẻ chín	109	một(하나(1)) + trăm(백(100)) + lẻ((101처럼 자릿수가 ) + chín(아홉(9))	사전X
메인 교	một trăm mười	110	một(하나(1)) + trăm(백(100)) + mười(열(10))	사전X
메인 교	một trăm mười một	111	một(하나(1)) + trăm(백(100)) + mười(열(10)) + một(하나(1))	사전X
메인 교	một trăm mười hai	112	một(하나(1)) + trăm(백(100)) + mười(열(10)) + hai(둘(2))	사전X
메인 교	một trăm hai mươi	120	một(하나(1)) + trăm(백(100)) + hai(둘(2)) + mươi((20 이상에서 '10)	사전X
메인 교	một trăm hai mươi lăm	125	một(하나(1)) + trăm(백(100)) + hai(둘(2)) + mươi((20 이상에서 '10) + lăm((11 이상에서 '5')	사전X
메인 교	một trăm ba mươi	130	một(하나(1)) + trăm(백(100)) + ba(셋(3)) + mươi((20 이상에서 '10)	사전X
메인 교	một trăm chín mươi	190	một(하나(1)) + trăm(백(100)) + chín(아홉(9)) + mươi((20 이상에서 '10)	사전X
메인 교	một trăm chín mươi chín	199	một(하나(1)) + trăm(백(100)) + chín(아홉(9)) + mươi((20 이상에서 '10) + chín(아홉(9))	사전X
메인 교	hai giờ chiều	오후 2시	hai(둘(2)) + giờ(시, 시간) + chiều(오후)	사전X
메인 교	bảy giờ tối	저녁 7시	bảy(일곱(7)) + giờ(시, 시간) + tối(저녁, 밤)	사전X
메인 교	phòng số	~호실	phòng(방, 호실) + số(숫자)	사전X
메인 교	một ngày	하루	một(하나(1)) + ngày(날, 하루)	사전X
메인 교	để làm gì	무엇을 하려고, 뭐 하러	để(~하기 위해서) + làm(하다, 일하다) + gì(무엇, 뭐)	사전X
메인 교	thứ tiếng	언어의 종류, ~개 언어	thứ(종류, 가지) + tiếng(언어, 소리)	사전X
메인 교	mấy giờ	몇 시	mấy(몇) + giờ(시, 시간)	사전O
메인 교	một vài	몇몇	một(하나(1)) + vài(몇몇의, 여러)	사전O
메인 교	chuyển đổi	바꾸다, 전환하다	chuyển(바꾸다, 전환하다) + đổi(바꾸다, 교환하다)	사전O
메인 교	nhà sách	서점	nhà(집) + sách(책)	사전O
메인 교	giảm giá	할인하다	giảm(줄이다, 줄어들다) + giá(가격)	사전O
메인 교	phần trăm	퍼센트	phần(부분; 몫, 인분) + trăm(백(100))	사전O
메인 교	món ăn	음식, 요리	món(음식, 요리 (가짓수를) + ăn(먹다)	사전O
메인 교	tối nay	오늘 밤	tối(저녁, 밤) + nay(지금, 오늘 (hôm )	사전X
메인 교	đài truyền hình	방송국, 텔레비전 방송국	đài(라디오) + truyền(전하다, 전파하다) + hình(그림, 사진)	사전O
메인 교	sau khi	~한 후에	sau(뒤, ~뒤에, ~후에;) + khi(~할 때)	사전O
메인 교	phố đi bộ	보행자 거리, 도보 거리	phố(거리, 번화가) + đi(가다) + bộ(벌, 세트(옷 등을 세)	사전X
메인 교	đi dạo	산책하다	đi(가다) + dạo(거닐다·산책하다)	사전O
메인 교	nói chuyện	이야기하다, 대화하다	nói(말하다) + chuyện(일, 이야기)	사전O
메인 교	cuối tuần	주말	cuối(끝, 마지막; 끝에) + tuần(주 (일주일))	사전O
메인 교	tiệm ăn	식당, 음식점(남부 방언)	tiệm(가게, 상점) + ăn(먹다)	사전O
메인 교	chuyển nhà	이사하다	chuyển(바꾸다, 전환하다) + nhà(집)	사전O
메인 교	tiện lợi	편리한	tiện(편리한) + lợi(이익, 잇몸)	사전O
메인 교	bao lâu	얼마나 오래	bao(봉지, 가방, 케이스) + lâu(오래)	사전O
메인 교	bình thường	보통의, 평범한	bình(보통) + thường(보통, 자주)	사전O
메인 교	tuần sau	다음 주	tuần(주 (일주일)) + sau(뒤, ~뒤에, ~후에;)	사전O
메인 교	tại sao	왜	tại(~에서) + sao(왜)	사전O
메인 교	ngày mai	내일	ngày(날, 하루) + mai(내일)	사전O
메인 교	thuê nhà	집을 세내다, 임대하다	thuê(빌리다, 임대하다) + nhà(집)	사전O
메인 교	nghe nói	듣자 하니	nghe(듣다) + nói(말하다)	사전O
메인 교	một triệu	1,000,000	một(하나(1)) + triệu(백만)	사전O
메인 교	tốt quá	아주 좋다	tốt(좋다) + quá(너무, 지나치게)	사전X
메인 교	quê quán	고향, 출신지	quê(고향) + quán(가게, 작은 식당)	사전O
메인 교	tính toán	계산하다	tính(성질, ~성; 계산하다) + toán(수학)	사전O
메인 교	chan chứa	가득 넘치는, 충만한	chan((국물 등을) 끼얹다,) + chứa(담다, 포함하다)	사전O
메인 교	chán chê	물리도록, 싫증 나도록	chán(지루한, 싫증난) + chê(흉보다, 나쁘게 평하다)	사전O
메인 교	thành thật	정직한, 솔직한	thành(~으로(되다)) + thật(정말, 진짜의)	사전O
메인 교	thương thuyết	협상하다, 교섭하다	thương(아끼다, 사랑하다) + thuyết(이론)	사전O
메인 교	thật sự	정말로, 진짜로	thật(정말, 진짜의) + sự(~함, ~것 (동사·형)	사전O
메인 교	qua loa	대충, 건성으로	qua(건너다, 지나다) + loa(스피커)	사전O
메인 교	sự việc	일, 사건	sự(~함, ~것 (동사·형) + việc(일 (동명사화 표지))	사전O
메인 교	dự kiến	예상하다, 예정하다	dự(참석하다) + kiến(개미)	사전O
메인 교	một ngàn	1,000	một(하나(1)) + ngàn(천(1000))	사전O
메인 교	hai ngàn	2,000	hai(둘(2)) + ngàn(천(1000))	사전X
메인 교	ba ngàn	3,000	ba(셋(3)) + ngàn(천(1000))	사전X
메인 교	năm ngàn	5,000	năm(다섯(5)) + ngàn(천(1000))	사전X
메인 교	mười ngàn	10,000	mười(열(10)) + ngàn(천(1000))	사전X
메인 교	mười sáu ngàn	16,000	mười(열(10)) + sáu(여섯(6)) + ngàn(천(1000))	사전X
메인 교	hai mươi ngàn	20,000	hai(둘(2)) + mươi((20 이상에서 '10) + ngàn(천(1000))	사전X
메인 교	một trăm ngàn	100,000	một(하나(1)) + trăm(백(100)) + ngàn(천(1000))	사전X
메인 교	một ngàn không trăm lẻ một	1,001	một(하나(1)) + ngàn(천(1000)) + không(영(0); 아니다, ~) + trăm(백(100)) + lẻ((101처럼 자릿수가 ) + một(하나(1))	사전X
메인 교	một ngàn không trăm lẻ hai	1,002	một(하나(1)) + ngàn(천(1000)) + không(영(0); 아니다, ~) + trăm(백(100)) + lẻ((101처럼 자릿수가 ) + hai(둘(2))	사전X
메인 교	một ngàn không trăm lẻ bảy	1,007	một(하나(1)) + ngàn(천(1000)) + không(영(0); 아니다, ~) + trăm(백(100)) + lẻ((101처럼 자릿수가 ) + bảy(일곱(7))	사전X
메인 교	một ngàn không trăm lẻ chín	1,009	một(하나(1)) + ngàn(천(1000)) + không(영(0); 아니다, ~) + trăm(백(100)) + lẻ((101처럼 자릿수가 ) + chín(아홉(9))	사전X
메인 교	một ngàn không trăm mười	1,010	một(하나(1)) + ngàn(천(1000)) + không(영(0); 아니다, ~) + trăm(백(100)) + mười(열(10))	사전X
메인 교	một ngàn không trăm mười lăm	1,015	một(하나(1)) + ngàn(천(1000)) + không(영(0); 아니다, ~) + trăm(백(100)) + mười(열(10)) + lăm((11 이상에서 '5')	사전X
메인 교	một ngàn không trăm hai mươi	1,020	một(하나(1)) + ngàn(천(1000)) + không(영(0); 아니다, ~) + trăm(백(100)) + hai(둘(2)) + mươi((20 이상에서 '10)	사전X
메인 교	hai triệu	2,000,000	hai(둘(2)) + triệu(백만)	사전X
메인 교	ba triệu	3,000,000	ba(셋(3)) + triệu(백만)	사전X
메인 교	năm triệu	5,000,000	năm(다섯(5)) + triệu(백만)	사전X
메인 교	mười triệu	10,000,000	mười(열(10)) + triệu(백만)	사전O
메인 교	ba mươi triệu	30,000,000	ba(셋(3)) + mươi((20 이상에서 '10) + triệu(백만)	사전X
메인 교	một trăm triệu	100,000,000	một(하나(1)) + trăm(백(100)) + triệu(백만)	사전O
메인 교	năm trăm triệu	500,000,000	năm(다섯(5)) + trăm(백(100)) + triệu(백만)	사전X
메인 교	một triệu không trăm lẻ một ngàn	1,001,000	một(하나(1)) + triệu(백만) + không(영(0); 아니다, ~) + trăm(백(100)) + lẻ((101처럼 자릿수가 ) + một(하나(1)) + ngàn(천(1000))	사전X
메인 교	một triệu không trăm lẻ chín ngàn	1,009,000	một(하나(1)) + triệu(백만) + không(영(0); 아니다, ~) + trăm(백(100)) + lẻ((101처럼 자릿수가 ) + chín(아홉(9)) + ngàn(천(1000))	사전X
메인 교	một triệu một trăm hai mươi sáu ngàn	1,126,000	một(하나(1)) + triệu(백만) + một(하나(1)) + trăm(백(100)) + hai(둘(2)) + mươi((20 이상에서 '10) + sáu(여섯(6)) + ngàn(천(1000))	사전X
메인 교	một triệu chín trăm ngàn	1,900,000	một(하나(1)) + triệu(백만) + chín(아홉(9)) + trăm(백(100)) + ngàn(천(1000))	사전X
메인 교	một tỷ	1,000,000,000	một(하나(1)) + tỷ(십억)	사전O
메인 교	hai tỷ	2,000,000,000	hai(둘(2)) + tỷ(십억)	사전X
메인 교	ba tỷ	3,000,000,000	ba(셋(3)) + tỷ(십억)	사전X
메인 교	mười tỷ	10,000,000,000	mười(열(10)) + tỷ(십억)	사전X
메인 교	một trăm tỷ	100,000,000,000	một(하나(1)) + trăm(백(100)) + tỷ(십억)	사전X
메인 교	sân bay	공항	sân(운동장 / 장소) + bay(날다)	사전O
메인 교	mở cửa	문을 열다, 영업을 시작하다	mở(열다) + cửa(문)	사전O
메인 교	máy bay	비행기	máy(기계, 기기(컴퓨터 등) + bay(날다)	사전O
메인 교	chương trình	프로그램, 행사	chương(메달) + trình(제시하다, / 제출하다)	사전O
메인 교	từ từ	천천히, 차차	từ(단어) + từ(단어)	사전O
메인 교	tuần trước	지난주	tuần(주 (일주일)) + trước(앞, ~앞에, ~전에)	사전O
메인 교	quán ăn	식당, 음식점	quán(가게, 작은 식당) + ăn(먹다)	사전O
메인 교	ăn tối	저녁을 먹다	ăn(먹다) + tối(저녁, 밤)	사전O
메인 교	con gái	딸	con(자식, 아이) + gái(여자, 딸(구어))	사전O
메인 교	tất cả	모두, 전부	tất(다, 모두) + cả(전부, 모두, ~도)	사전O
메인 교	đi một vòng	한 바퀴 돌다	đi(가다) + một(하나(1)) + vòng(고리, 한 바퀴)	사전X
메인 교	giảng viên	강사, 강의자	giảng(설명하다) + viên(알 (알약·사탕 등을 )	사전O
메인 교	như trước	예전처럼	như(~처럼, ~같이; ~와) + trước(앞, ~앞에, ~전에)	사전X
메인 교	cất cánh	이륙하다	cất(보관하다, 치우다) + cánh(날개)	사전O
메인 교	chú ý	주의하다, 신경 쓰다	chú(아버지의 남동생) + ý(뜻, 의미, 생각)	사전O
메인 교	kia kìa	저기 저기(저쪽을 가리킴)	kia(저것, 저기(지시대명사) + kìa(저기 봐 (감탄사))	사전O
메인 교	thế thì	그렇다면, 그러면	thế(그러면, 그렇게 (말머) + thì(~하면 (조건의 뒤 절)	사전O
메인 교	dự định	계획하다, ~할 예정이다	dự(참석하다) + định(~하려고 하다)	사전O
메인 교	rảnh rỗi	한가한, 여유 있는	rảnh(한가한) + rỗi(한가하다)	사전O
메인 교	thế à	그래요?	thế(그러면, 그렇게 (말머) + à(아! 아… (감탄); )	사전O
메인 교	đọc sách	책을 읽다	đọc(읽다) + sách(책)	사전O
메인 교	giảng dạy	강의하다, 가르치다	giảng(설명하다) + dạy(가르치다)	사전O
메인 교	giúp đỡ	돕다, 도와주다	giúp(돕다) + đỡ((병이) 나아지다, 호)	사전O
메인 교	trông chờ	기다리다, 고대하다	trông(~해 보이다) + chờ(기다리다)	사전X
메인 교	tươi cười	활짝 웃는, 웃음 띤	tươi(신선한) + cười(웃다)	사전O
메인 교	nước mía	사탕수수 즙	nước(나라; 물) + mía(사탕수수)	사전O
메인 교	hay là	혹은, 아니면	hay(또는; (hay khô) + là(~이다)	사전O
메인 교	tháng hai	2월	tháng(월, 개월) + hai(둘(2))	사전O
메인 교	trong khi	~하는 동안, ~인 반면	trong(~안에, ~중에) + khi(~할 때)	사전O
메인 교	cũng được	괜찮아요, 그런대로 돼요	cũng(또한, ~도) + được(~하게 되다, ~할 수)	사전O
메인 교	ăn sáng	아침을 먹다	ăn(먹다) + sáng(아침)	사전O
메인 교	ăn trưa	점심을 먹다	ăn(먹다) + trưa(정오, 낮)	사전O
메인 교	buồn ngủ	졸리다	buồn(슬픈) + ngủ(자다)	사전O
메인 교	đi ngủ	자러 가다	đi(가다) + ngủ(자다)	사전X
메인 교	một mình	혼자	một(하나(1)) + mình(자기 자신, 스스로 ()	사전O
메인 교	lên mạng	인터넷을 하다	lên(오르다, 타다; (동사) + mạng(네트워크, 인터넷)	사전O
메인 교	chuẩn bị	준비하다	chuẩn(표준, 정확한) + bị(~당하다, ~되다(좋지)	사전O
메인 교	bữa ăn sáng	아침 식사	bữa(끼니, 식사(한 끼)) + ăn(먹다) + sáng(아침)	사전X
메인 교	thứ bảy	토요일	thứ(종류, 가지) + bảy(일곱(7))	사전O
메인 교	rửa mặt	세수하다	rửa(씻다, 닦다) + mặt(얼굴; 표면)	사전O
메인 교	hàng ngày	매일, 날마다	hàng(줄, 열; 가게; 상품) + ngày(날, 하루)	사전O
메인 교	bài hát	노래	bài(과, 단원) + hát(노래하다)	사전O
메인 교	bữa sáng	아침 식사	bữa(끼니, 식사(한 끼)) + sáng(아침)	사전O
메인 교	bàn ăn	식탁	bàn(책상, 탁자; 논의하다) + ăn(먹다)	사전O
메인 교	sáng nay	오늘 아침	sáng(아침) + nay(지금, 오늘 (hôm )	사전X
메인 교	đi ra ngoài	밖으로 나가다	đi(가다) + ra(나가다, 나오다) + ngoài(밖, ~밖에)	사전X
메인 교	bạn cùng lớp	같은 반 친구	bạn(친구) + cùng(함께, 같이) + lớp(교실, 반)	사전X
메인 교	đi mua sắm	쇼핑하러 가다	đi(가다) + mua(사다) + sắm(장만하다·사들이다)	사전O
메인 교	thay thế	대체하다, 바꾸어 넣다	thay(바꾸다, 대신하다) + thế(그러면, 그렇게 (말머)	사전O
메인 교	học xong	공부를 다 마치다	học(배우다, 공부하다) + xong(끝나다, 다 하다)	사전X
메인 교	xem phim	영화를 보다	xem(보다) + phim(영화)	사전O
메인 교	xem tivi	TV를 보다	xem(보다) + tivi(텔레비전)	사전X
메인 교	nghe nhạc	음악을 듣다	nghe(듣다) + nhạc(음악)	사전O
메인 교	trên mạng	인터넷에서	trên(위, ~위에) + mạng(네트워크, 인터넷)	사전O
메인 교	về nhà	집에 가다	về(돌아가다, 돌아오다; ) + nhà(집)	사전X
메인 교	đi đến	~로 가다	đi(가다) + đến(도착하다, ~까지)	사전O
메인 교	người bạn	친구	người(사람) + bạn(친구)	사전X
메인 교	ngày nào	어느 날	ngày(날, 하루) + nào(어느, 어떤)	사전X
메인 교	đọc báo	신문을 읽다	đọc(읽다) + báo(신문)	사전X
메인 교	các bạn	친구들	các(여러, ~들(복수 표지) + bạn(친구)	사전X
메인 교	trong lớp	반 안에서	trong(~안에, ~중에) + lớp(교실, 반)	사전X
메인 교	đông khách	손님이 많은	đông((사람이) 붐비는, 많) + khách(손님)	사전X
메인 교	làm thêm	부업하다, 아르바이트하다	làm(하다, 일하다) + thêm(더하다, 추가하다; 더)	사전O
메인 교	các anh chị	형/오빠, 언니/누나 들	các(여러, ~들(복수 표지) + anh(형/오빠; (남성을 부) + chị(언니/누나; (여성을 )	사전X
메인 교	đi về nhà	집으로 돌아가다	đi(가다) + về(돌아가다, 돌아오다; ) + nhà(집)	사전X
메인 교	nhạc Pháp	프랑스 음악	nhạc(음악) + Pháp(프랑스)	사전X
메인 교	mua sắm	쇼핑하다	mua(사다) + sắm(장만하다·사들이다)	사전O
메인 교	mỗi ngày	매일	mỗi(각, ~마다) + ngày(날, 하루)	사전O
메인 교	tiếng Đức	독일어	tiếng(언어, 소리) + Đức(독일)	사전O
메인 교	các con	얘들아 (호칭)	các(여러, ~들(복수 표지) + con(자식, 아이)	사전X
메인 교	ý nghĩa	의미	ý(뜻, 의미, 생각) + nghĩa(뜻, 의미)	사전O
메인 교	đầu câu	문장 앞	đầu(머리; 처음, 맨 앞) + câu(문장)	사전X
메인 교	gạch dưới	밑줄을 긋다, 밑줄	gạch(벽돌) + dưới(아래, ~의 형태로)	사전O
메인 교	buổi trưa	점심때, 낮	buổi(때, 시간대) + trưa(정오, 낮)	사전O
메인 교	chiều nay	오늘 오후	chiều(오후) + nay(지금, 오늘 (hôm )	사전O
메인 교	tiếng Hàn	한국어	tiếng(언어, 소리) + Hàn(용접하다; 차가운)	사전O
메인 교	hình như	~인 것 같다	hình(그림, 사진) + như(~처럼, ~같이; ~와)	사전O
메인 교	một chút	조금	một(하나(1)) + chút(조금, 약간)	사전O
메인 교	người bán	파는 사람, 상인	người(사람) + bán(팔다)	사전O
메인 교	nhỏ tuổi	나이가 어린	nhỏ(작은) + tuổi(나이)	사전X
메인 교	kiểm tra	시험, 검사	kiểm(검사하다(어근, kiể) + tra(찾아보다)	사전O
메인 교	năm sau	내년	năm(다섯(5)) + sau(뒤, ~뒤에, ~후에;)	사전O
메인 교	bạn thân	친한 친구	bạn(친구) + thân(몸; 친한)	사전O
메인 교	tự tin	자신 있다	tự(스스로, 직접) + tin(A tin B : A가)	사전O
메인 교	ý kiến	의견	ý(뜻, 의미, 생각) + kiến(개미)	사전O
메인 교	bà ngoại	외할머니	bà(할머니; (연장자 여성) + ngoại(국외의)	사전O
메인 교	đầu tiên	처음, 첫 번째	đầu(머리; 처음, 맨 앞) + tiên(요정)	사전O
메인 교	ở đây	여기에(서)	ở(~에 있다, ~에서) + đây(여기; 이 사람, 이것)	사전X
메인 교	vắng khách	손님이 없는, 한산한	vắng(한산한, 사람이 적은) + khách(손님)	사전X
메인 교	với nhau	서로	với(~와 함께, ~에게) + nhau(서로)	사전O
메인 교	đã từng	~한 적이 있다	đã(이미(과거 시제 표지)) + từng(~해 본 적이 있다 ()	사전O
메인 교	nói được	말할 수 있다	nói(말하다) + được(~하게 되다, ~할 수)	사전X
메인 교	viết gì vậy	뭘 쓰고 있어요	viết(쓰다) + gì(무엇, 뭐) + vậy(그래서, 그러면(어조사)	사전X
메인 교	nghĩa là	뜻은 ~이다	nghĩa(뜻, 의미) + là(~이다)	사전X
메인 교	một tháng	한 달	một(하나(1)) + tháng(월, 개월)	사전X
메인 교	tiếng Nga	러시아어	tiếng(언어, 소리) + Nga(러시아)	사전O
메인 교	tiếng Ý	이탈리아어	tiếng(언어, 소리) + Ý(뜻, 의미, 생각)	사전O
메인 교	tiếng Indonesia	인도네시아어	tiếng(언어, 소리) + Indonesia(인도네시아)	사전X
메인 교	tên là	이름이 ~이다	tên(이름) + là(~이다)	사전X
메인 교	không phải là	~이 아니다	không(영(0); 아니다, ~) + phải(옳다, 맞다) + là(~이다)	사전X
메인 교	cuối khóa	과정 마지막, 기말	cuối(끝, 마지막; 끝에) + khóa(과정, 기간)	사전X
메인 교	nói với	~에게 말하다	nói(말하다) + với(~와 함께, ~에게)	사전X
메인 교	ôn tập	복습하다	ôn(복습하다, 다시 익히다) + tập(연습하다, 익히다)	사전O
메인 교	tháng trước	지난달	tháng(월, 개월) + trước(앞, ~앞에, ~전에)	사전X
메인 교	thời lượng	시간량, 기간	thời(때, 시대) + lượng(양, 분량)	사전O
메인 교	thời điểm mốc	기준 시점	thời(때, 시대) + điểm(점수) + mốc(기준점, 분기점)	사전X
메인 교	cùng với	~와 함께	cùng(함께, 같이) + với(~와 함께, ~에게)	사전O
메인 교	được không	가능해요?, 될까요?	được(~하게 되다, ~할 수) + không(영(0); 아니다, ~)	사전O
메인 교	đơn xin	신청서, 지원서	đơn(신청서, 서류) + xin((정중하게 부탁할 때))	사전O
메인 교	thứ hai	월요일	thứ(종류, 가지) + hai(둘(2))	사전O
메인 교	thứ ba	화요일	thứ(종류, 가지) + ba(셋(3))	사전O
메인 교	thứ năm	목요일	thứ(종류, 가지) + năm(다섯(5))	사전O
메인 교	thứ sáu	금요일	thứ(종류, 가지) + sáu(여섯(6))	사전O
메인 교	chủ nhật	일요일	chủ(주인, 소유주) + nhật(일본)	사전O
메인 교	tuần này	이번 주	tuần(주 (일주일)) + này(이 (이것, 이 ~))	사전X
메인 교	năm trước	작년	năm(다섯(5)) + trước(앞, ~앞에, ~전에)	사전X
메인 교	lúc đó	그때	lúc(~시에, ~할 때) + đó(그것, 그곳(지시대명사)	사전O
메인 교	chúc mừng	축하하다	chúc(기원하다, 빌다) + mừng(기쁜, 축하하다)	사전O
메인 교	trở lại	돌아오다, 되돌아가다	trở(돌아가다) + lại(다시; 되돌아 (viế)	사전O
메인 교	dọn dẹp	청소하다, 정리하다	dọn(정리하다,치우다) + dẹp(치우다)	사전O
메인 교	cảm thấy	느끼다	cảm(감기, 독감) + thấy(보다, 느끼다)	사전O
메인 교	khó tính	까다로운	khó(어려운) + tính(성질, ~성; 계산하다)	사전O
메인 교	khách hàng	고객	khách(손님) + hàng(줄, 열; 가게; 상품)	사전O
메인 교	sinh nhật	생일	sinh(태어나다) + nhật(일본)	사전O
메인 교	ba mẹ	부모님	ba(셋(3)) + mẹ(엄마)	사전X
메인 교	xe lửa	기차	xe(차, 탈것) + lửa(불)	사전O
메인 교	bao giờ	언제	bao(봉지, 가방, 케이스) + giờ(시, 시간)	사전O
메인 교	tháng sáu	6월	tháng(월, 개월) + sáu(여섯(6))	사전O
메인 교	tháng tám	8월	tháng(월, 개월) + tám(여덟(8))	사전O
메인 교	đặt vé	표를 예매하다	đặt(놓다, 두다; 주문하다) + vé(표, 티켓)	사전O
메인 교	năm nay	올해	năm(다섯(5)) + nay(지금, 오늘 (hôm )	사전O
메인 교	thứ mấy	무슨 요일	thứ(종류, 가지) + mấy(몇)	사전X
메인 교	đầu tuần	주초, 주 시작	đầu(머리; 처음, 맨 앞) + tuần(주 (일주일))	사전O
메인 교	tháng này	이번 달	tháng(월, 개월) + này(이 (이것, 이 ~))	사전X
메인 교	đến trường	학교에 가다	đến(도착하다, ~까지) + trường(학교)	사전X
메인 교	về nước	귀국하다	về(돌아가다, 돌아오다; ) + nước(나라; 물)	사전O
메인 교	làm bài tập	숙제하다	làm(하다, 일하다) + bài(과, 단원) + tập(연습하다, 익히다)	사전O
메인 교	đi chợ	시장에 가다, 장보다	đi(가다) + chợ(시장)	사전X
메인 교	đến lớp	수업에 가다, 등교하다	đến(도착하다, ~까지) + lớp(교실, 반)	사전X
메인 교	vé máy bay	비행기표	vé(표, 티켓) + máy(기계, 기기(컴퓨터 등) + bay(날다)	사전X
메인 교	vé xe lửa	기차표	vé(표, 티켓) + xe(차, 탈것) + lửa(불)	사전X
메인 교	ngày tháng	날짜	ngày(날, 하루) + tháng(월, 개월)	사전O
메인 교	chúc mừng sinh nhật	생일 축하해요	chúc(기원하다, 빌다) + mừng(기쁜, 축하하다) + sinh(태어나다) + nhật(일본)	사전O
메인 교	trời ơi	세상에!, 맙소사!	trời(하늘, 날씨) + ơi(야, ~아(부르는 소리)	사전O
메인 교	sinh năm	~년에 태어나다	sinh(태어나다) + năm(다섯(5))	사전O
메인 교	bia hơi	생맥주(베트남식)	bia(맥주) + hơi(약간, 조금)	사전O
메인 교	cảnh báo	경고하다, 경고	cảnh(경치, 장면) + báo(신문)	사전O
메인 교	tháng ba	3월	tháng(월, 개월) + ba(셋(3))	사전O
메인 교	lớn tuổi	나이가 든, 연세 드신	lớn(큰) + tuổi(나이)	사전O
메인 교	con một	외동	con(자식, 아이) + một(하나(1))	사전O
메인 교	chị gái	누나, 언니	chị(언니/누나; (여성을 ) + gái(여자, 딸(구어))	사전O
메인 교	em gái	여동생	em(동생; (손아랫사람을 ) + gái(여자, 딸(구어))	사전O
메인 교	nhỏ hơn	~보다 어린(작은)	nhỏ(작은) + hơn(더, ~보다, ~이상)	사전X
메인 교	họ hàng	친척	họ(그들) + hàng(줄, 열; 가게; 상품)	사전O
메인 교	lớn hơn	~보다 나이 많은(큰)	lớn(큰) + hơn(더, ~보다, ~이상)	사전O
메인 교	cùng tuổi	동갑인	cùng(함께, 같이) + tuổi(나이)	사전X
메인 교	ngày nghỉ	휴일	ngày(날, 하루) + nghỉ(쉬다)	사전O
메인 교	mọi người	모든 사람, 다들	mọi(모든) + người(사람)	사전O
메인 교	học sinh	학생(초중고)	học(배우다, 공부하다) + sinh(태어나다)	사전O
메인 교	nghỉ hè	여름방학	nghỉ(쉬다) + hè(여름)	사전O
메인 교	anh cả	맏형(큰오빠)	anh(형/오빠; (남성을 부) + cả(전부, 모두, ~도)	사전O
메인 교	chị cả	맏언니, 큰누나	chị(언니/누나; (여성을 ) + cả(전부, 모두, ~도)	사전X
메인 교	thành viên	구성원, 가족 구성원	thành(~으로(되다)) + viên(알 (알약·사탕 등을 )	사전O
메인 교	con cả	맏이	con(자식, 아이) + cả(전부, 모두, ~도)	사전O
메인 교	con út	막내	con(자식, 아이) + út(막내)	사전O
메인 교	về quê	고향에 가다	về(돌아가다, 돌아오다; ) + quê(고향)	사전O
메인 교	luôn luôn	항상, 언제나	luôn(늘, 언제나) + luôn(늘, 언제나)	사전O
메인 교	đi thăm	방문하러 가다	đi(가다) + thăm(방문하다(사람을))	사전O
메인 교	mấy người	몇 명	mấy(몇) + người(사람)	사전X
메인 교	anh chị em	형제자매	anh(형/오빠; (남성을 부) + chị(언니/누나; (여성을 ) + em(동생; (손아랫사람을 )	사전O
메인 교	bằng tuổi nhau	서로 동갑인	bằng(~로, ~로써 (수단·) + tuổi(나이) + nhau(서로)	사전X
메인 교	bữa ăn tối	저녁 식사	bữa(끼니, 식사(한 끼)) + ăn(먹다) + tối(저녁, 밤)	사전X
메인 교	vẽ tranh	그림을 그리다	vẽ(그리다) + tranh(그림)	사전X
메인 교	cuối năm	연말	cuối(끝, 마지막; 끝에) + năm(다섯(5))	사전O
메인 교	chưa bao giờ	한 번도 ~한 적 없다	chưa(아직) + bao(봉지, 가방, 케이스) + giờ(시, 시간)	사전X
메인 교	sống một mình	혼자 살다	sống(살다) + một(하나(1)) + mình(자기 자신, 스스로 ()	사전O
메인 교	anh em	형제(남자 형제들)	anh(형/오빠; (남성을 부) + em(동생; (손아랫사람을 )	사전O
메인 교	chị em	자매	chị(언니/누나; (여성을 ) + em(동생; (손아랫사람을 )	사전O
메인 교	nêu ra	제시하다, 꺼내다	nêu(제시하다, 밝히다) + ra(나가다, 나오다)	사전O
메인 교	xe máy	오토바이	xe(차, 탈것) + máy(기계, 기기(컴퓨터 등)	사전O
메인 교	xe đạp	자전거	xe(차, 탈것) + đạp(밟다·페달을 밟다)	사전O
메인 교	xe ôm	쎄옴 (오토바이 택시)	xe(차, 탈것) + ôm(안다·껴안다)	사전O
메인 교	xe điện	전차, 전기차	xe(차, 탈것) + điện(전기, 전력)	사전O
메인 교	xe điện ngầm	지하철	xe(차, 탈것) + điện(전기, 전력) + ngầm(지하의, 은밀한)	사전X
메인 교	kẹt xe	차가 막히다, 교통체증	kẹt(끼다, 막히다) + xe(차, 탈것)	사전O
메인 교	xe đạp điện	전기 자전거	xe(차, 탈것) + đạp(밟다·페달을 밟다) + điện(전기, 전력)	사전X
메인 교	người lái xe	운전기사	người(사람) + lái(운전하다, 몰다) + xe(차, 탈것)	사전X
메인 교	đúng giờ	시간에 맞게, 정각에	đúng(맞다, 옳다) + giờ(시, 시간)	사전O
메인 교	bến xe	터미널, 정류장	bến(선착장, 터미널, 나루) + xe(차, 탈것)	사전O
메인 교	xe khách	시외버스, 고속버스	xe(차, 탈것) + khách(손님)	사전O
메인 교	đường phố	거리, 도로	đường(길, 도로) + phố(거리, 번화가)	사전O
메인 교	tự do	자유로운	tự(스스로, 직접) + do(~때문에 / ~로 인해)	사전O
메인 교	vì vậy	그래서, 그렇기 때문에	vì(왜냐하면, ~때문에) + vậy(그래서, 그러면(어조사)	사전O
메인 교	một chiều	편도	một(하나(1)) + chiều(오후)	사전O
메인 교	xe hơi	자동차	xe(차, 탈것) + hơi(약간, 조금)	사전O
메인 교	nhanh lên	서둘러요	nhanh(빠른) + lên(오르다, 타다; (동사)	사전O
메인 교	đi vào	들어가다	đi(가다) + vào(~안으로, ~에)	사전O
메인 교	kéo dài	이어지다, 길어지다	kéo(끌다, 당기다) + dài(길다)	사전O
메인 교	phải đến	~에 가야 하다	phải(옳다, 맞다) + đến(도착하다, ~까지)	사전O
메인 교	vé xe điện	전차표	vé(표, 티켓) + xe(차, 탈것) + điện(전기, 전력)	사전X
메인 교	vé xe điện ngầm	지하철표	vé(표, 티켓) + xe(차, 탈것) + điện(전기, 전력) + ngầm(지하의, 은밀한)	사전X
메인 교	vé một chiều	편도표	vé(표, 티켓) + một(하나(1)) + chiều(오후)	사전X
메인 교	rất ít	아주 적은	rất(매우, 아주) + ít(적은)	사전X
메인 교	chắc là	아마 ~일 것이다, 틀림없이	chắc(아마, 틀림없이) + là(~이다)	사전O
메인 교	gọi cho	~에게 전화하다	gọi(부르다) + cho(~을 위해, ~에게; )	사전X
메인 교	đến trễ	늦게 도착하다	đến(도착하다, ~까지) + trễ(늦은(남부 방언))	사전X
메인 교	mất bao lâu	얼마나 걸리다	mất((시간이) 걸리다) + bao(봉지, 가방, 케이스) + lâu(오래)	사전X
메인 교	có hẹn với	~와 약속이 있다	có(있다, 가지다; (긍정) + hẹn(약속(하다)) + với(~와 함께, ~에게)	사전X
메인 교	mệt lắm	너무 피곤하다	mệt(피곤하다) + lắm(매우, 몹시)	사전X
메인 교	sắp trễ	곧 늦다	sắp(곧 ~하려 하다) + trễ(늦은(남부 방언))	사전X
메인 교	không ai trả lời	아무도 대답하지 않다	không(영(0); 아니다, ~) + ai(누구) + trả(돌려주다, 지불하다) + lời(말, 말씀; 이익)	사전X
메인 교	đông xe	차가 붐비다	đông((사람이) 붐비는, 많) + xe(차, 탈것)	사전X
메인 교	điều đó	그 일, 그것	điều(것, 사항) + đó(그것, 그곳(지시대명사)	사전X
메인 교	lái xe máy	오토바이를 몰다	lái(운전하다, 몰다) + xe(차, 탈것) + máy(기계, 기기(컴퓨터 등)	사전X
메인 교	trời mưa	비가 오다	trời(하늘, 날씨) + mưa(비)	사전X
메인 교	thuê xe máy	오토바이를 빌리다	thuê(빌리다, 임대하다) + xe(차, 탈것) + máy(기계, 기기(컴퓨터 등)	사전X
메인 교	gọi lại	다시 전화하다	gọi(부르다) + lại(다시; 되돌아 (viế)	사전O
메인 교	chạy xe máy	오토바이를 몰다/타다	chạy(뛰다, 달리다) + xe(차, 탈것) + máy(기계, 기기(컴퓨터 등)	사전X
메인 교	sao không	왜 ~하지 않다	sao(왜) + không(영(0); 아니다, ~)	사전X
메인 교	ảnh cũ	옛날 사진	ảnh(사진) + cũ(낡은, 오래된)	사전X
메인 교	tập cho	~에게 훈련시키다, 가르쳐 주다	tập(연습하다, 익히다) + cho(~을 위해, ~에게; )	사전X
메인 교	từ...đến giờ	~부터 지금까지	từ...đến(~부터 ~까지) + giờ(시, 시간)	사전X
메인 교	gọi điện	전화하다	gọi(부르다) + điện(전기, 전력)	사전O
메인 교	lúc nào	언제	lúc(~시에, ~할 때) + nào(어느, 어떤)	사전O
메인 교	xem lại	다시 보다, 살펴보다	xem(보다) + lại(다시; 되돌아 (viế)	사전O
메인 교	không ai	아무도 ~않다	không(영(0); 아니다, ~) + ai(누구)	사전O
메인 교	làm cho	~하게 만들다	làm(하다, 일하다) + cho(~을 위해, ~에게; )	사전O
메인 교	nhận định	판단, 견해	nhận(받다) + định(~하려고 하다)	사전O
메인 교	nghe lại	다시 듣다	nghe(듣다) + lại(다시; 되돌아 (viế)	사전X
메인 교	đặt lại	다시 예약하다	đặt(놓다, 두다; 주문하다) + lại(다시; 되돌아 (viế)	사전X
메인 교	nói lại	다시 말하다	nói(말하다) + lại(다시; 되돌아 (viế)	사전X
메인 교	làm lại	다시 하다	làm(하다, 일하다) + lại(다시; 되돌아 (viế)	사전O
메인 교	đọc lại	다시 읽다	đọc(읽다) + lại(다시; 되돌아 (viế)	사전X
메인 교	trái cây	과일	trái(개 (과일을 세는 종별) + cây(나무; ~그루(식물 분)	사전O
메인 교	bao xa	얼마나 멀리 (거리를 묻는 표현)	bao(봉지, 가방, 케이스) + xa(먼)	사전O
메인 교	cây số	킬로미터	cây(나무; ~그루(식물 분) + số(숫자)	사전O
메인 교	chắc hẳn	틀림없이, 분명히	chắc(아마, 틀림없이) + hẳn(분명히, 완전히)	사전O
메인 교	nhà cửa	집안, 집 (전체적인)	nhà(집) + cửa(문)	사전O
메인 교	sáng sớm	이른 아침	sáng(아침) + sớm(일찍)	사전O
메인 교	thư viện	도서관	thư(편지) + viện(기관)	사전O
메인 교	vừa rồi	방금, 최근	vừa(방금 ~하다; 알맞은) + rồi(이미, 벌써 (완료);)	사전O
메인 교	xe cộ	차량들	xe(차, 탈것) + cộ(여럿이 타는 수레/차)	사전O
메인 교	bánh mì	반미(베트남식 바게트 샌드위치)	bánh(빵, 과자) + mì(국수)	사전O
메인 교	giá cả	가격, 물가	giá(가격) + cả(전부, 모두, ~도)	사전O
메인 교	khi nào	언제	khi(~할 때) + nào(어느, 어떤)	사전O
메인 교	lần đầu tiên	처음(으로)	lần(번, 회 (횟수)) + đầu(머리; 처음, 맨 앞) + tiên(요정)	사전O
메인 교	khoảng cách	거리, 간격	khoảng(대략, 약) + cách(방법, 방식; 떨어져 )	사전O
메인 교	lâu quá không gặp	오랜만이에요	lâu(오래) + quá(너무, 지나치게) + không(영(0); 아니다, ~) + gặp(만나다)	사전X
메인 교	đông con	자녀가 많다	đông((사람이) 붐비는, 많) + con(자식, 아이)	사전X
메인 교	nước suối	생수	nước(나라; 물) + suối(계곡물, 시내)	사전O
메인 교	bằng nhau	서로 같은, 동일한	bằng(~로, ~로써 (수단·) + nhau(서로)	사전X
메인 교	lỗi sai	잘못, 오류	lỗi(잘못, 실수) + sai(틀리다)	사전X
메인 교	không bao giờ	결코 ~않다	không(영(0); 아니다, ~) + bao(봉지, 가방, 케이스) + giờ(시, 시간)	사전O
메인 교	đến nơi	목적지에 도착하다	đến(도착하다, ~까지) + nơi(장소, 곳)	사전O
메인 교	ba má	아빠 엄마 (남부에서 부모님)	ba(셋(3)) + má(볼, 뺨)	사전O
메인 교	cầu khiến	명령·요청(문형)	cầu(다리) + khiến(~하게 만들다)	사전O
메인 교	vậy hả	그래요?	vậy(그래서, 그러면(어조사) + hả(~하니?, ~인가(반문)	사전O
메인 교	cơm sen	연잎밥(연잎에 싸거나 얹은 밥)	cơm(밥) + sen(연꽃)	사전X
메인 교	chả giò	짜조(튀긴 스프링롤, 남부식 명칭)	chả(~하지 않다) + giò(지오(베트남식 돼지고기)	사전O
메인 교	gỏi cá	생선 고이(베트남식 생선 무침)	gỏi((베트남식) 무침 요리) + cá(물고기, 생선)	사전X
메인 교	lẩu cua	게 전골	lẩu(전골, 훠궈) + cua(게)	사전X
메인 교	nước mắm	느억맘(피시소스, 액젓)	nước(나라; 물) + mắm(젓갈)	사전O
메인 교	gia vị	조미료, 양념	gia(집안(gia đình)) + vị(맛, 풍미)	사전O
메인 교	rau thơm	향채, 허브	rau(채소) + thơm(향기로운, 냄새 좋은)	사전O
메인 교	tính tiền	계산하다	tính(성질, ~성; 계산하다) + tiền(돈)	사전O
메인 교	trả tiền	돈을 내다, 계산하다	trả(돌려주다, 지불하다) + tiền(돈)	사전O
메인 교	miền Nam	남부	miền(지방, 지역(남·중·북) + Nam(남쪽)	사전O
메인 교	miền Bắc	북부	miền(지방, 지역(남·중·북) + Bắc(북쪽)	사전O
메인 교	hằng ngày	매일, 일상의	hằng(늘, 항상; 매~) + ngày(날, 하루)	사전O
메인 교	bữa ăn	식사, 끼니	bữa(끼니, 식사(한 끼)) + ăn(먹다)	사전O
메인 교	mùi vị	맛, 풍미	mùi(냄새) + vị(맛, 풍미)	사전O
메인 교	chủ quán	가게 주인	chủ(주인, 소유주) + quán(가게, 작은 식당)	사전X
메인 교	nước chấm	(찍어먹는) 소스	nước(나라; 물) + chấm((양념에) 찍다)	사전O
메인 교	đồng ý	동의하다	đồng(동(베트남 화폐 단위)) + ý(뜻, 의미, 생각)	사전O
메인 교	chả cá	생선 구이 요리(다진 생선을 구운 것)	chả(~하지 않다) + cá(물고기, 생선)	사전O
메인 교	đàn ông	남자, 남성	đàn(악기) + ông(할아버지; (연장자 남)	사전O
메인 교	đặt trước	미리 예약하다	đặt(놓다, 두다; 주문하다) + trước(앞, ~앞에, ~전에)	사전O
메인 교	vì sao	왜, 어째서	vì(왜냐하면, ~때문에) + sao(왜)	사전O
메인 교	luyện tập	연습하다, 훈련하다	luyện(연습하다) + tập(연습하다, 익히다)	사전O
메인 교	chẳng hạn	예를 들어	chẳng(~하지 않다(부정 강조) + hạn(기한·마감)	사전O
메인 교	bánh mì thịt	고기 넣은 반미	bánh(빵, 과자) + mì(국수) + thịt(고기)	사전X
메인 교	canh chua	칸쭈어(새콤한 국)	canh(국물) + chua((맛이) 시다)	사전O
메인 교	bún bò Huế	분보후에(후에식 매운 소고기 쌀국수)	bún(분(가는 쌀국수 면)) + bò(소, 소고기) + Huế(후에)	사전O
메인 교	phòng riêng	별실, 개인실	phòng(방, 호실) + riêng(따로의, 개인의, 전용)	사전X
메인 교	đặt bàn	자리(테이블)를 예약하다	đặt(놓다, 두다; 주문하다) + bàn(책상, 탁자; 논의하다)	사전O
메인 교	ăn thử	먹어보다	ăn(먹다) + thử(시도해 보다)	사전X
메인 교	ăn no	배부르게 먹다	ăn(먹다) + no(배부른)	사전X
메인 교	bữa tối	저녁 식사	bữa(끼니, 식사(한 끼)) + tối(저녁, 밤)	사전X
메인 교	nhà hát	극장, 공연장	nhà(집) + hát(노래하다)	사전O
메인 교	một triệu đồng	백만 동(베트남 화폐)	một(하나(1)) + triệu(백만) + đồng(동(베트남 화폐 단위))	사전X
메인 교	đi về	돌아가다, 집에 가다	đi(가다) + về(돌아가다, 돌아오다; )	사전X
메인 교	uống rượu	술을 마시다	uống(마시다) + rượu(술)	사전O
메인 교	cả nhà	온 가족, 집안 전체	cả(전부, 모두, ~도) + nhà(집)	사전O
메인 교	nhất là	특히, 무엇보다도	nhất(가장, 제일) + là(~이다)	사전O
메인 교	say rượu	술에 취하다	say(취한) + rượu(술)	사전O
메인 교	đồng thời	동시에	đồng(동(베트남 화폐 단위)) + thời(때, 시대)	사전O
메인 교	làm nên	이루다, 만들어 내다	làm(하다, 일하다) + nên(그래서 (원인-결과 접)	사전O
메인 교	phòng đơn	싱글룸(1인실)	phòng(방, 호실) + đơn(신청서, 서류)	사전O
메인 교	phòng đôi	더블룸(2인실)	phòng(방, 호실) + đôi(켤레, 쌍 (종별사))	사전O
메인 교	miễn phí	무료의	miễn(면제하다) + phí(요금, 비용)	사전O
메인 교	thang máy	엘리베이터	thang(사다리) + máy(기계, 기기(컴퓨터 등)	사전O
메인 교	chụp ảnh	사진을 찍다	chụp((사진을) 찍다) + ảnh(사진)	사전O
메인 교	hồ bơi	수영장	hồ(호수) + bơi(수영하다)	사전O
메인 교	tủ quần áo	옷장	tủ(장, 캐비닛) + quần(바지) + áo(옷, 상의)	사전X
메인 교	chung quanh	주위, 주변	chung(공통의, 함께) + quanh(주위에, 둘레에)	사전O
메인 교	mùa hè	여름	mùa(계절, 철) + hè(여름)	사전O
메인 교	hài lòng	만족하다	hài(코미디 / 우스운) + lòng(마음)	사전O
메인 교	gần đây	최근에	gần(가깝다) + đây(여기; 이 사람, 이것)	사전O
메인 교	nhận phòng	체크인하다	nhận(받다) + phòng(방, 호실)	사전O
메인 교	mong đợi	기대하다	mong(바라다, 기대하다) + đợi(기다리다)	사전O
메인 교	mỗi khi	~할 때마다	mỗi(각, ~마다) + khi(~할 때)	사전X
메인 교	đứa bé	아이, 꼬마	đứa((아이·동생 등을 세는) + bé(아기, 꼬마)	사전O
메인 교	ngày thường	평일, 평소	ngày(날, 하루) + thường(보통, 자주)	사전O
메인 교	ngày lễ	공휴일, 명절	ngày(날, 하루) + lễ(명절, 기념일, 예식)	사전O
메인 교	bên phải	오른쪽	bên(옆, 쪽) + phải(옳다, 맞다)	사전O
메인 교	bên trái	왼쪽	bên(옆, 쪽) + trái(개 (과일을 세는 종별)	사전O
메인 교	làm ơn	부디, ~해 주세요 (부탁할 때)	làm(하다, 일하다) + ơn(은혜, 신세(cám ơ)	사전O
메인 교	sạch sẽ	깨끗하다	sạch(깨끗한) + sẽ(~할 것이다(미래 표지)	사전O
메인 교	nửa đêm	한밤중, 자정	nửa(절반) + đêm(밤)	사전O
메인 교	miền Tây	서부 지방(메콩 델타 지역)	miền(지방, 지역(남·중·북) + Tây(서쪽)	사전O
메인 교	bức ảnh	사진	bức(폭, 장 (그림·사진을) + ảnh(사진)	사전X
메인 교	cửa hàng	가게, 상점	cửa(문) + hàng(줄, 열; 가게; 상품)	사전O
메인 교	con chó	개	con(자식, 아이) + chó(개(동물))	사전O
메인 교	cửa sổ	창문	cửa(문) + sổ(수첩, 공책)	사전O
메인 교	khỏe mạnh	건강하다	khỏe(건강하다, 잘 지내다) + mạnh(강한)	사전O
메인 교	bắt buộc	반드시 해야 하는, 필수의	bắt(잡다, 체포하다) + buộc(묶다, 강제하다)	사전O
메인 교	cảm ơn	감사합니다, 고맙다	cảm(감기, 독감) + ơn(은혜, 신세(cám ơ)	사전O
메인 교	trở thành	~이 되다	trở(돌아가다) + thành(~으로(되다))	사전O
메인 교	điền vào	(빈칸 등에) 써 넣다, 채우다	điền((빈칸을) 채우다, 기) + vào(~안으로, ~에)	사전O
메인 교	con mèo	고양이	con(자식, 아이) + mèo(고양이)	사전O
메인 교	đặt phòng	방을 예약하다	đặt(놓다, 두다; 주문하다) + phòng(방, 호실)	사전O
메인 교	vậy à	그래요?, 그렇군요(놀람·확인)	vậy(그래서, 그러면(어조사) + à(아! 아… (감탄); )	사전X
메인 교	số một	1등, 최고	số(숫자) + một(하나(1))	사전X
메인 교	chợ đêm	야시장	chợ(시장) + đêm(밤)	사전O
메인 교	quyển sách	책	quyển(권 (책을 세는 종별사) + sách(책)	사전X
메인 교	đôi dép	슬리퍼 한 켤레	đôi(켤레, 쌍 (종별사)) + dép(슬리퍼, 샌들)	사전X
메인 교	một đêm	하룻밤	một(하나(1)) + đêm(밤)	사전X
메인 교	gần biển	바다에서 가깝다	gần(가깝다) + biển(바다)	사전X
메인 교	bến xe khách	시외버스 터미널	bến(선착장, 터미널, 나루) + xe(차, 탈것) + khách(손님)	사전X
메인 교	khác với	~와 다르게	khác(다르다, 다른) + với(~와 함께, ~에게)	사전X
메인 교	lần trước	지난번	lần(번, 회 (횟수)) + trước(앞, ~앞에, ~전에)	사전X
메인 교	giờ nghỉ	쉬는 시간	giờ(시, 시간) + nghỉ(쉬다)	사전X
메인 교	nước uống	마실 것, 음료수	nước(나라; 물) + uống(마시다)	사전O
메인 교	một tiếng	한 시간	một(하나(1)) + tiếng(언어, 소리)	사전X
메인 교	vợ con	아내와 자식	vợ(아내) + con(자식, 아이)	사전X
메인 교	từ mới	새 단어	từ(단어) + mới(새로운; 막, 방금 ()	사전X
메인 교	gặp nhau	서로 만나다	gặp(만나다) + nhau(서로)	사전O
메인 교	chỗ cũ	늘 만나던 곳, 원래 자리	chỗ(곳, 장소) + cũ(낡은, 오래된)	사전X
메인 교	tùy chọn	선택적인	tùy(따라 다르다) + chọn(고르다, 선택하다)	사전X
메인 교	vị từ	서술어(동사·형용사 등)	vị(맛, 풍미) + từ(단어)	사전X
메인 교	ghi chú	메모, 주석, 참고	ghi(적다, 기록하다) + chú(아버지의 남동생)	사전O
메인 교	tùy thuộc	~에 달려 있다, ~에 따르다	tùy(따라 다르다) + thuộc(속하다, ~에 속한; )	사전X
메인 교	góc nhìn	관점, 보는 각도	góc(모퉁이, 각) + nhìn(보다, 바라보다)	사전O
메인 교	thay đổi	바꾸다, 변하다	thay(바꾸다, 대신하다) + đổi(바꾸다, 교환하다)	사전O
메인 교	sự vật	사물	sự(~함, ~것 (동사·형) + vật(물건, 사물)	사전O
메인 교	tiền thối	거스름돈	tiền(돈) + thối(악취가 나다·썩다)	사전O
메인 교	giao hàng	배달하다	giao(인도하다, 넘겨주다) + hàng(줄, 열; 가게; 상품)	사전O
메인 교	đồng hồ	시계	đồng(동(베트남 화폐 단위)) + hồ(호수)	사전O
메인 교	máy lạnh	에어컨	máy(기계, 기기(컴퓨터 등) + lạnh(춥다, 차갑다)	사전O
메인 교	quần áo	옷, 의류	quần(바지) + áo(옷, 상의)	사전O
메인 교	giày dép	신발류	giày(신발, 구두) + dép(슬리퍼, 샌들)	사전O
메인 교	trả giá	흥정하다, 값을 깎다	trả(돌려주다, 지불하다) + giá(가격)	사전O
메인 교	chào mời	손님을 부르다, 호객하다	chào(인사하다; 안녕하세요() + mời(초대하다, 권하다)	사전O
메인 교	món uống	음료	món(음식, 요리 (가짓수를) + uống(마시다)	사전X
메인 교	mặt hàng	품목, 상품	mặt(얼굴; 표면) + hàng(줄, 열; 가게; 상품)	사전O
메인 교	xinh đẹp	예쁜, 아름다운	xinh(예쁘다) + đẹp(예쁘다, 아름답다)	사전O
메인 교	màu nâu	갈색	màu(색) + nâu(갈색)	사전O
메인 교	người lớn	어른, 성인	người(사람) + lớn(큰)	사전O
메인 교	cửa hàng tiện lợi	편의점	cửa(문) + hàng(줄, 열; 가게; 상품) + tiện(편리한) + lợi(이익, 잇몸)	사전O
메인 교	tốt bụng	마음씨 좋은, 착한	tốt(좋다) + bụng(배(신체 부위))	사전O
메인 교	cuối cùng	마지막으로, 결국	cuối(끝, 마지막; 끝에) + cùng(함께, 같이)	사전O
메인 교	mang theo	지니고 가다, 가지고 오다	mang(가지고 가다, 나르다) + theo(~에 따라, ~에 따르)	사전O
메인 교	người mua	사는 사람, 손님, 구매자	người(사람) + mua(사다)	사전O
메인 교	trẻ em	어린이	trẻ(어린, 젊은) + em(동생; (손아랫사람을 )	사전O
메인 교	bức tranh	그림(작품)	bức(폭, 장 (그림·사진을) + tranh(그림)	사전O
메인 교	bác bỏ	반박하다, 부정하다	bác(큰아버지·큰어머니; () + bỏ(넣다, 버리다, 그만두)	사전O
메인 교	đôi khi	때로는, 가끔	đôi(켤레, 쌍 (종별사)) + khi(~할 때)	사전O
메인 교	vừa mới	방금, 막	vừa(방금 ~하다; 알맞은) + mới(새로운; 막, 방금 ()	사전O
메인 교	bao giờ chưa	이제까지 ~한 적 있어요? (경험 의문)	bao(봉지, 가방, 케이스) + giờ(시, 시간) + chưa(아직)	사전X
메인 교	mua một tặng một	하나 사면 하나 더 주다 (1+1)	mua(사다) + một(하나(1)) + tặng(선물하다, 주다) + một(하나(1))	사전X
메인 교	được tặng	선물로 받다, 증정받다	được(~하게 되다, ~할 수) + tặng(선물하다, 주다)	사전X
메인 교	hết mốt	유행이 지나다, 촌스러워지다	hết(끝나다, 다 떨어지다) + mốt((21처럼 끝자리 1을)	사전X
메인 교	không đâu	전혀 아니다 (강한 부정)	không(영(0); 아니다, ~) + đâu(어디)	사전X
메인 교	nước ngọt	탄산음료, 청량음료	nước(나라; 물) + ngọt(단, 달콤한)	사전O
메인 교	tốt cho sức khỏe	건강에 좋다	tốt(좋다) + cho(~을 위해, ~에게; ) + sức(힘/건강) + khỏe(건강하다, 잘 지내다)	사전X
메인 교	quần tây	정장 바지, 양복바지	quần(바지) + tây(서쪽)	사전O
메인 교	kiểu áo	옷 스타일	kiểu(방식, 스타일) + áo(옷, 상의)	사전X
메인 교	thịt bò	소고기	thịt(고기) + bò(소, 소고기)	사전X
메인 교	đến nhà	집까지, 집으로	đến(도착하다, ~까지) + nhà(집)	사전X
메인 교	rẻ nhất	가장 싼	rẻ((값이) 싼, 저렴한) + nhất(가장, 제일)	사전X
메인 교	chợ Bến Thành	벤타인 시장 (호치민시)	chợ(시장) + Bến(선착장, 터미널, 나루) + Thành(~으로(되다))	사전X
메인 교	con đường	길, 도로	con(자식, 아이) + đường(길, 도로)	사전X
메인 교	nói giá	값을 말하다, 가격을 부르다	nói(말하다) + giá(가격)	사전X
메인 교	khu ăn uống	먹거리 구역, 먹자골목	khu(구역) + ăn(먹다) + uống(마시다)	사전X
메인 교	bún bò	분보 (소고기 쌀국수)	bún(분(가는 쌀국수 면)) + bò(소, 소고기)	사전X
메인 교	làm bằng tay	손으로 만든, 수제의	làm(하다, 일하다) + bằng(~로, ~로써 (수단·) + tay(손)	사전X
메인 교	nước cam	오렌지 주스	nước(나라; 물) + cam(오렌지)	사전X
메인 교	đô la	달러	đô(수도, 도시) + la(소리치다)	사전O
메인 교	túi xách	가방, 핸드백	túi(봉지, 가방) + xách((손에) 들다)	사전O
메인 교	có sao không	괜찮아요?, 문제 있어요?	có(있다, 가지다; (긍정) + sao(왜) + không(영(0); 아니다, ~)	사전X
메인 교	chợ nhỏ	작은 시장	chợ(시장) + nhỏ(작은)	사전X
메인 교	loại từ	분류사, 양사	loại(종류, 부류) + từ(단어)	사전O
메인 교	giỏi nhất	가장 잘하는, 최고의	giỏi(잘하는, 능숙한) + nhất(가장, 제일)	사전X
메인 교	cây bút	펜	cây(나무; ~그루(식물 분) + bút(펜)	사전O
메인 교	cô gái	아가씨, 여자	cô(아가씨; (미혼 여성·) + gái(여자, 딸(구어))	사전O
메인 교	ăn uống	먹고 마시다, 식사하다	ăn(먹다) + uống(마시다)	사전O
메인 교	vị ngữ	서술어	vị(맛, 풍미) + ngữ(말, 언어 (ngữ p)	사전O
메인 교	đặt hàng	주문하다	đặt(놓다, 두다; 주문하다) + hàng(줄, 열; 가게; 상품)	사전O
메인 교	không những	~뿐만 아니라	không(영(0); 아니다, ~) + những(~들(복수 관형사))	사전O
메인 교	đôi giày	신발 한 켤레	đôi(켤레, 쌍 (종별사)) + giày(신발, 구두)	사전O
메인 교	đơn vị	단위	đơn(신청서, 서류) + vị(맛, 풍미)	사전O
메인 교	bó hoa	꽃다발	bó(다발, 묶음) + hoa(꽃)	사전O
메인 교	thì giờ	시간, 겨를	thì(~하면 (조건의 뒤 절) + giờ(시, 시간)	사전O
메인 교	gọi là	~라고 부르다	gọi(부르다) + là(~이다)	사전O
메인 교	số từ	수사(숫자를 나타내는 말)	số(숫자) + từ(단어)	사전O
메인 교	mong muốn	바라다; 바람	mong(바라다, 기대하다) + muốn(원하다)	사전O
메인 교	cho biết	알려 주다, ~라고 밝히다	cho(~을 위해, ~에게; ) + biết(알다)	사전O
메인 교	như vậy	그렇게, 그와 같이	như(~처럼, ~같이; ~와) + vậy(그래서, 그러면(어조사)	사전O
메인 교	tạo thành	이루다, 만들어 내다	tạo(만들다, 조성하다) + thành(~으로(되다))	사전O
메인 교	chủ ý	고의, 의도	chủ(주인, 소유주) + ý(뜻, 의미, 생각)	사전O
메인 교	một lần nữa	한 번 더	một(하나(1)) + lần(번, 회 (횟수)) + nữa(더, 또)	사전O
메인 교	bức thư	편지 한 통	bức(폭, 장 (그림·사진을) + thư(편지)	사전O
메인 교	nhưng mà	그렇지만, 하지만	nhưng(그러나, 하지만) + mà(~인데, ~지만 (관계)	사전O
메인 교	mà thôi	그만두자; ~일 뿐이야	mà(~인데, ~지만 (관계) + thôi(~뿐, 만)	사전O
메인 교	đầu dây	전화선 저쪽, 수화기 너머	đầu(머리; 처음, 맨 앞) + dây(줄, 끈, 선)	사전X
메인 교	bắt máy	전화를 받다	bắt(잡다, 체포하다) + máy(기계, 기기(컴퓨터 등)	사전O
메인 교	nhắn tin	문자를 보내다	nhắn((메시지를) 남기다, ) + tin(A tin B : A가)	사전O
메인 교	hết pin	배터리가 다 되다	hết(끝나다, 다 떨어지다) + pin(배터리, 건전지)	사전O
메인 교	họp mặt	모임, 모이다	họp(회의하다) + mặt(얼굴; 표면)	사전O
메인 교	trung học	중고등학교	trung(쭝 (사람 이름)) + học(배우다, 공부하다)	사전O
메인 교	tập trung	집중하다	tập(연습하다, 익히다) + trung(쭝 (사람 이름))	사전O
메인 교	thời sinh viên	대학생 시절	thời(때, 시대) + sinh(태어나다) + viên(알 (알약·사탕 등을 )	사전X
메인 교	tin nhắn	문자메시지	tin(A tin B : A가) + nhắn((메시지를) 남기다, )	사전O
메인 교	hình ảnh	사진, 이미지	hình(그림, 사진) + ảnh(사진)	사전O
메인 교	ngoài ra	그 외에, 게다가	ngoài(밖, ~밖에) + ra(나가다, 나오다)	사전O
메인 교	hơn nữa	게다가	hơn(더, ~보다, ~이상) + nữa(더, 또)	사전O
메인 교	cuộc gọi	통화, 전화 한 통	cuộc(회, 판 (대화·모임·) + gọi(부르다)	사전O
메인 교	người giao hàng	배달원	người(사람) + giao(인도하다, 넘겨주다) + hàng(줄, 열; 가게; 상품)	사전X
메인 교	tiền lương	월급, 급여	tiền(돈) + lương(월급, 급여)	사전O
메인 교	giống như	~와 같이, ~처럼	giống(닮다, ~와 같다) + như(~처럼, ~같이; ~와)	사전O
메인 교	liên lạc	연락하다	liên(연속된) + lạc(땅콩)	사전O
메인 교	càng ngày càng	날이 갈수록, 점점 더	càng(더욱, ~할수록) + ngày(날, 하루) + càng(더욱, ~할수록)	사전O
메인 교	mất ngủ	잠을 못 자다, 불면	mất((시간이) 걸리다) + ngủ(자다)	사전O
메인 교	nghỉ học	결석하다, 휴학하다	nghỉ(쉬다) + học(배우다, 공부하다)	사전O
메인 교	ít khi	좀처럼 ~하지 않다, 드물게	ít(적은) + khi(~할 때)	사전O
메인 교	quyết định	결정하다	quyết(결심하다, 결정하다) + định(~하려고 하다)	사전O
메인 교	kiếm tiền	돈을 벌다	kiếm((돈을) 벌다, 찾다) + tiền(돈)	사전O
메인 교	bóng đá	축구	bóng(공) + đá(돌; 얼음; (발로) )	사전O
메인 교	ngày càng	날이 갈수록, 점점	ngày(날, 하루) + càng(더욱, ~할수록)	사전O
메인 교	phân chia	나누다	phân(나누다, 분) + chia(나누다)	사전O
메인 교	dự báo	예보(하다)	dự(참석하다) + báo(신문)	사전O
메인 교	đầy đủ	충분한, 빠짐없는	đầy(가득 차다, 가득한) + đủ(충분하다)	사전O
메인 교	bao gồm	포함하다	bao(봉지, 가방, 케이스) + gồm(~로 이루어지다, 포함)	사전O
메인 교	hiếm khi	좀처럼 ~하지 않다	hiếm(드문) + khi(~할 때)	사전O
메인 교	đến chơi	놀러 오다	đến(도착하다, ~까지) + chơi(놀다)	사전O
메인 교	giao cơm	밥을 배달하다	giao(인도하다, 넘겨주다) + cơm(밥)	사전X
메인 교	kiểm tra lại	다시 확인하다	kiểm(검사하다(어근, kiể) + tra(찾아보다) + lại(다시; 되돌아 (viế)	사전O
메인 교	đặt cơm	밥을 주문하다	đặt(놓다, 두다; 주문하다) + cơm(밥)	사전X
메인 교	cả tháng	한 달 내내	cả(전부, 모두, ~도) + tháng(월, 개월)	사전X
메인 교	bà chủ quán	가게 여사장님	bà(할머니; (연장자 여성) + chủ(주인, 소유주) + quán(가게, 작은 식당)	사전X
메인 교	số mấy	몇 번	số(숫자) + mấy(몇)	사전X
메인 교	nghỉ mát	휴양하다, 피서 가다	nghỉ(쉬다) + mát(시원하다)	사전O
메인 교	làm bài kiểm tra	시험을 보다	làm(하다, 일하다) + bài(과, 단원) + kiểm(검사하다(어근, kiể) + tra(찾아보다)	사전O
메인 교	nghỉ trưa	점심 휴식을 취하다	nghỉ(쉬다) + trưa(정오, 낮)	사전O
메인 교	quay phim	촬영하다, 영상을 찍다	quay(돌리다) + phim(영화)	사전X
메인 교	uống trà	차를 마시다	uống(마시다) + trà(차 (마시는 차))	사전X
메인 교	việc bận	바쁜 일	việc(일 (동명사화 표지)) + bận(바쁜)	사전X
메인 교	tìm đường đi	길을 찾다	tìm(찾다) + đường(길, 도로) + đi(가다)	사전X
메인 교	ghi âm	녹음하다	ghi(적다, 기록하다) + âm(음, 소리)	사전O
메인 교	sạc pin	배터리를 충전하다	sạc(충전하다) + pin(배터리, 건전지)	사전X
메인 교	cục sạc	충전기	cục(덩어리, 개(덩이 모양) + sạc(충전하다)	사전X
메인 교	học trung học	중고등학교에 다니다	học(배우다, 공부하다) + trung(쭝 (사람 이름)) + học(배우다, 공부하다)	사전X
메인 교	việc học	공부, 학업	việc(일 (동명사화 표지)) + học(배우다, 공부하다)	사전X
메인 교	mới nhất	최신의, 가장 새로운	mới(새로운; 막, 방금 () + nhất(가장, 제일)	사전X
메인 교	món quà	선물	món(음식, 요리 (가짓수를) + quà(선물)	사전O
메인 교	lưu lại	저장하다, 간직하다	lưu(저장하다, 보관하다) + lại(다시; 되돌아 (viế)	사전X
메인 교	chuyến đi chơi	놀러 간 여행, 나들이	chuyến((여행·운행의) 편, ) + đi(가다) + chơi(놀다)	사전X
메인 교	cùng lớp	같은 반의	cùng(함께, 같이) + lớp(교실, 반)	사전X
메인 교	học kém	공부를 못하다	học(배우다, 공부하다) + kém(부족한, 약한)	사전X
메인 교	tiền Internet	인터넷 요금	tiền(돈) + Internet(인터넷)	사전X
메인 교	báo mạng	인터넷 신문	báo(신문) + mạng(네트워크, 인터넷)	사전X
메인 교	được thưởng	상을 받다, 보너스를 받다	được(~하게 되다, ~할 수) + thưởng(상, 보너스; 상을 주)	사전X
메인 교	tủ sách	책장, 서재	tủ(장, 캐비닛) + sách(책)	사전O
메인 교	dọn dẹp nhà cửa	집을 청소하다	dọn(정리하다,치우다) + dẹp(치우다) + nhà(집) + cửa(문)	사전X
메인 교	cha mẹ	부모님	cha(아버지) + mẹ(엄마)	사전O
메인 교	tốt hơn	더 좋다	tốt(좋다) + hơn(더, ~보다, ~이상)	사전X
메인 교	con cái	자녀	con(자식, 아이) + cái((사물 앞에 붙는 종별)	사전O
메인 교	nghe máy	전화를 받다	nghe(듣다) + máy(기계, 기기(컴퓨터 등)	사전O
메인 교	bà chủ	여주인, 사장님(여)	bà(할머니; (연장자 여성) + chủ(주인, 소유주)	사전O
메인 교	giải đáp	답해 주다, 풀이하다	giải(상; 풀다) + đáp(답하다)	사전O
메인 교	chú thích	설명을 달다; 주석	chú(아버지의 남동생) + thích(좋아하다)	사전O
메인 교	dựa theo	~에 따라, ~을 바탕으로	dựa(의지하다, 근거하다) + theo(~에 따라, ~에 따르)	사전X
메인 교	tập hợp	모이다, 모으다	tập(연습하다, 익히다) + hợp(어울리다)	사전O
메인 교	thuộc tính	속성	thuộc(속하다, ~에 속한; ) + tính(성질, ~성; 계산하다)	사전O
메인 교	chóng mặt	어지럽다	chóng(빨리, 신속하게) + mặt(얼굴; 표면)	사전O
메인 교	đau đầu	머리가 아프다, 두통	đau(아프다) + đầu(머리; 처음, 맨 앞)	사전O
메인 교	buồn nôn	구역질 나다, 메스껍다	buồn(슬픈) + nôn(토하다)	사전O
메인 교	đau mắt	눈이 아프다, 눈병 나다	đau(아프다) + mắt(눈)	사전X
메인 교	nhà trường	학교(기관)	nhà(집) + trường(학교)	사전O
메인 교	thuốc nhỏ mắt	안약	thuốc(약) + nhỏ(작은) + mắt(눈)	사전X
메인 교	đau bụng	배가 아프다, 복통	đau(아프다) + bụng(배(신체 부위))	사전X
메인 교	đau họng	목이 아프다, 인후통	đau(아프다) + họng(목구멍)	사전O
메인 교	hỏi ý kiến	의견을 묻다, 상담하다	hỏi(묻다, 질문하다) + ý(뜻, 의미, 생각) + kiến(개미)	사전X
메인 교	đau tim	심장병, 가슴이 아프다	đau(아프다) + tim(심장)	사전X
메인 교	tăng lương	월급이 오르다, 승급하다	tăng(오르다, 늘다) + lương(월급, 급여)	사전O
메인 교	hết bệnh	병이 낫다, 완쾌되다	hết(끝나다, 다 떨어지다) + bệnh(병, 아프다)	사전X
메인 교	ăn kiêng	다이어트하다, 식이 조절하다	ăn(먹다) + kiêng((음식을) 가리다, 절)	사전O
메인 교	sổ mũi	콧물이 나다	sổ(수첩, 공책) + mũi(코)	사전O
메인 교	đau răng	이가 아프다, 치통	đau(아프다) + răng(이)	사전O
메인 교	đau lưng	허리가 아프다, 요통	đau(아프다) + lưng(등, 허리)	사전O
메인 교	khó chịu	불편하다, (몸이) 힘들다	khó(어려운) + chịu(견디다, 참다)	사전O
메인 교	phòng khám	진료실, 병원	phòng(방, 호실) + khám(진찰하다, 검사하다)	사전O
메인 교	tăng cân	체중이 늘다, 살찌다	tăng(오르다, 늘다) + cân(킬로그램)	사전X
메인 교	khám sức khỏe	건강검진을 받다	khám(진찰하다, 검사하다) + sức(힘/건강) + khỏe(건강하다, 잘 지내다)	사전O
메인 교	mắc mưa	비를 맞다	mắc(비싼(남부 방언)) + mưa(비)	사전X
메인 교	bị cảm	감기에 걸리다	bị(~당하다, ~되다(좋지) + cảm(감기, 독감)	사전O
메인 교	bụng yếu	배가 약하다(소화가 약하다)	bụng(배(신체 부위)) + yếu(약한)	사전X
메인 교	hồi sáng	아침에, 오늘 아침	hồi(~할 때, ~시절에) + sáng(아침)	사전X
메인 교	mặc dù	비록 ~이지만	mặc(입다) + dù(우산)	사전O
메인 교	thằng bé	사내아이, 꼬마	thằng((남자아이·낮춤말) 녀) + bé(아기, 꼬마)	사전X
메인 교	đơn thuốc	처방전	đơn(신청서, 서류) + thuốc(약)	사전O
메인 교	ra ngoài	밖에 나가다	ra(나가다, 나오다) + ngoài(밖, ~밖에)	사전O
메인 교	còn trẻ	아직 젊다	còn(그런데, ~는(요)?) + trẻ(어린, 젊은)	사전O
메인 교	khám bệnh	진찰받다, 병원에 가다	khám(진찰하다, 검사하다) + bệnh(병, 아프다)	사전O
메인 교	mệt mỏi	피곤하다, 지치다	mệt(피곤하다) + mỏi(뻐근하다, 피곤하다)	사전O
메인 교	hiện tại	현재	hiện(현재, 지금; 나타나다) + tại(~에서)	사전O
메인 교	bị sao vậy	어디가 아파요?, 왜 그래요? (몸이 안 좋을 때 묻는 표현)	bị(~당하다, ~되다(좋지) + sao(왜) + vậy(그래서, 그러면(어조사)	사전X
메인 교	từ khi nào	언제부터	từ(단어) + khi(~할 때) + nào(어느, 어떤)	사전X
메인 교	người đàn ông	남자, 남성	người(사람) + đàn(악기) + ông(할아버지; (연장자 남)	사전X
메인 교	từ hồi sáng	아침부터	từ(단어) + hồi(~할 때, ~시절에) + sáng(아침)	사전X
메인 교	đeo kính	안경을 쓰다	đeo((안경·시계 등을) 쓰) + kính(안경)	사전X
메인 교	hút thuốc	담배를 피우다	hút(빨다·흡입하다) + thuốc(약)	사전O
메인 교	loại thuốc	약의 종류	loại(종류, 부류) + thuốc(약)	사전X
메인 교	sưng chân	다리가 붓다	sưng(붓다) + chân(다리, 발)	사전X
메인 교	trầy chân	다리가 긁히다, 까지다	trầy(긁히다, 까지다) + chân(다리, 발)	사전X
메인 교	đi ăn tối	저녁 먹으러 가다	đi(가다) + ăn(먹다) + tối(저녁, 밤)	사전X
메인 교	trong người	몸 상태가, 컨디션이	trong(~안에, ~중에) + người(사람)	사전X
메인 교	đói bụng	배고프다	đói(배고픈) + bụng(배(신체 부위))	사전O
메인 교	thịt nướng	구운 고기, 불고기	thịt(고기) + nướng(굽다)	사전X
메인 교	cả người	온몸	cả(전부, 모두, ~도) + người(사람)	사전X
메인 교	sốt cao	고열	sốt(열(이 나다)) + cao(높은, (가격이) 비싼)	사전X
메인 교	lên đến	~까지 오르다	lên(오르다, 타다; (동사) + đến(도착하다, ~까지)	사전X
메인 교	thay quần áo	옷을 갈아입다	thay(바꾸다, 대신하다) + quần(바지) + áo(옷, 상의)	사전X
메인 교	cảm nhẹ	가벼운 감기	cảm(감기, 독감) + nhẹ(가볍다, (병이) 경미)	사전X
메인 교	giữ ấm	따뜻하게 하다, 보온하다	giữ(가지고 있다, 보관하다) + ấm(따뜻하다)	사전X
메인 교	uống đá	얼음물(찬 것)을 마시다	uống(마시다) + đá(돌; 얼음; (발로) )	사전X
메인 교	cho nghỉ làm	(회사가) 휴가를 주다	cho(~을 위해, ~에게; ) + nghỉ(쉬다) + làm(하다, 일하다)	사전X
메인 교	cảm nặng	심한 감기, 독감	cảm(감기, 독감) + nặng(무겁다)	사전X
메인 교	bỏ thuốc lá	담배를 끊다	bỏ(넣다, 버리다, 그만두) + thuốc(약) + lá(장 (잎 모양을 세는 )	사전O
메인 교	thuốc lá	담배	thuốc(약) + lá(장 (잎 모양을 세는 )	사전O
메인 교	chạy xe	차를 몰다, 운전하다	chạy(뛰다, 달리다) + xe(차, 탈것)	사전X
메인 교	trễ học	학교에 지각하다	trễ(늦은(남부 방언)) + học(배우다, 공부하다)	사전X
메인 교	định kỳ	정기적으로	định(~하려고 하다) + kỳ(이상한)	사전O
메인 교	ngày nào cũng	매일같이, 날마다	ngày(날, 하루) + nào(어느, 어떤) + cũng(또한, ~도)	사전X
메인 교	đi nước ngoài	해외에 나가다	đi(가다) + nước(나라; 물) + ngoài(밖, ~밖에)	사전X
메인 교	lần cuối cùng	마지막으로	lần(번, 회 (횟수)) + cuối(끝, 마지막; 끝에) + cùng(함께, 같이)	사전X
메인 교	cách đây	~전에 (시간)	cách(방법, 방식; 떨어져 ) + đây(여기; 이 사람, 이것)	사전O
메인 교	từ đó	그때부터	từ(단어) + đó(그것, 그곳(지시대명사)	사전O
메인 교	với lại	게다가, 그리고	với(~와 함께, ~에게) + lại(다시; 되돌아 (viế)	사전O
메인 교	cá biển	바닷물고기	cá(물고기, 생선) + biển(바다)	사전O
메인 교	việc làm	일자리, 직업	việc(일 (동명사화 표지)) + làm(하다, 일하다)	사전O
메인 교	tiếp nhận	받아들이다, 접수하다	tiếp(계속하다) + nhận(받다)	사전O
메인 교	bổ ngữ	보어	bổ(영양분이 많은) + ngữ(말, 언어 (ngữ p)	사전O
메인 교	ngủ nướng	늦잠 자다	ngủ(자다) + nướng(굽다)	사전O
메인 교	làm sao	어떻게, 어쩌지	làm(하다, 일하다) + sao(왜)	사전O
메인 교	phòng thường	일반실, 보통 객실	phòng(방, 호실) + thường(보통, 자주)	사전X
메인 교	trở nên	~하게 되다, ~해지다	trở(돌아가다) + nên(그래서 (원인-결과 접)	사전O
메인 교	bệnh tật	질병, 병	bệnh(병, 아프다) + tật(병, 장애, 결함)	사전O
메인 교	giống nhau	서로 같다, 비슷하다	giống(닮다, ~와 같다) + nhau(서로)	사전O
메인 교	tủ áo	옷장	tủ(장, 캐비닛) + áo(옷, 상의)	사전O
메인 교	cùng loại	같은 종류	cùng(함께, 같이) + loại(종류, 부류)	사전O
메인 교	cả ngày	하루 종일	cả(전부, 모두, ~도) + ngày(날, 하루)	사전O
메인 교	hẹn gặp lại	다시 만나기로 하다, 또 뵙겠습니다	hẹn(약속(하다)) + gặp(만나다) + lại(다시; 되돌아 (viế)	사전O
메인 교	túi áo	(옷) 주머니	túi(봉지, 가방) + áo(옷, 상의)	사전X
메인 교	phòng ngủ	침실	phòng(방, 호실) + ngủ(자다)	사전O
메인 교	phòng làm việc	작업실, 사무실(업무를 보는 방)	phòng(방, 호실) + làm(하다, 일하다) + việc(일 (동명사화 표지))	사전O
메인 교	nhập viện	입원하다	nhập(수입하다, 들어가다) + viện(기관)	사전O
메인 교	ngủ quên	늦잠 자다, 자기도 모르게 잠들다	ngủ(자다) + quên(잊다)	사전O
메인 교	đi lại	오가다, 왕래하다	đi(가다) + lại(다시; 되돌아 (viế)	사전O
메인 교	thân nhau	서로 친하다	thân(몸; 친한) + nhau(서로)	사전X
메인 교	rau sống	생채소, 쌈채소	rau(채소) + sống(살다)	사전X
메인 교	muỗi đốt	모기에 물리다	muỗi(모기) + đốt((벌레가) 물다; 태우)	사전X
메인 교	thành phần	성분, 구성 요소	thành(~으로(되다)) + phần(부분; 몫, 인분)	사전O
메인 교	có dịp	기회가 있다	có(있다, 가지다; (긍정) + dịp(시기, 때, 기회)	사전O
메인 교	đi ngang	(옆을) 지나가다	đi(가다) + ngang(가로의, 수평의; 평성)	사전X
메인 교	chỉ đường	길을 알려주다	chỉ(가리키다) + đường(길, 도로)	사전O
메인 교	đi thẳng	직진하다	đi(가다) + thẳng(곧다, 똑바르다)	사전O
메인 교	cuối đường	길 끝	cuối(끝, 마지막; 끝에) + đường(길, 도로)	사전X
메인 교	rẽ phải	우회전하다	rẽ(꺾어지다, 돌아가다) + phải(옳다, 맞다)	사전O
메인 교	rẽ trái	좌회전하다	rẽ(꺾어지다, 돌아가다) + trái(개 (과일을 세는 종별)	사전O
메인 교	tiệm bánh mì	빵집	tiệm(가게, 상점) + bánh(빵, 과자) + mì(국수)	사전X
메인 교	trạm xăng	주유소	trạm(정류장, 역, 소) + xăng(휘발유, 기름)	사전O
메인 교	tiệm sách	서점	tiệm(가게, 상점) + sách(책)	사전X
메인 교	nhà thuốc	약국	nhà(집) + thuốc(약)	사전O
메인 교	cửa hàng thời trang	패션 매장, 옷가게	cửa(문) + hàng(줄, 열; 가게; 상품) + thời(때, 시대) + trang(쪽, 페이지)	사전X
메인 교	người đi đường	행인, 지나가는 사람	người(사람) + đi(가다) + đường(길, 도로)	사전O
메인 교	lạc đường	길을 잃다	lạc(땅콩) + đường(길, 도로)	사전O
메인 교	cậu bé	소년	cậu(소년; 너(친구 사이)) + bé(아기, 꼬마)	사전O
메인 교	mỏi chân	다리가 아프다(피곤하다)	mỏi(뻐근하다, 피곤하다) + chân(다리, 발)	사전X
메인 교	đi qua	지나가다	đi(가다) + qua(건너다, 지나다)	사전X
메인 교	phần lớn	대부분	phần(부분; 몫, 인분) + lớn(큰)	사전O
메인 교	mắc cỡ	부끄럽다, 창피하다	mắc(비싼(남부 방언)) + cỡ(크기, 사이즈)	사전O
메인 교	cây ATM	현금인출기(ATM)	cây(나무; ~그루(식물 분) + ATM(현금인출기(ATM))	사전X
메인 교	dừng lại	멈추다, 서다	dừng(멈추다) + lại(다시; 되돌아 (viế)	사전O
메인 교	đi vòng vòng	빙빙 돌아다니다	đi(가다) + vòng(고리, 한 바퀴) + vòng(고리, 한 바퀴)	사전X
메인 교	đường tắt	지름길	đường(길, 도로) + tắt(끄다; 지름(길)의)	사전X
메인 교	hỏi đường	길을 묻다	hỏi(묻다, 질문하다) + đường(길, 도로)	사전X
메인 교	hướng dẫn	안내하다, 안내	hướng(방향) + dẫn(이끌다, 데려가다)	사전O
메인 교	hiệu thuốc	약국	hiệu((전문적인 품목을 취급) + thuốc(약)	사전O
메인 교	quay lại	돌아오다, 되돌아가다	quay(돌리다) + lại(다시; 되돌아 (viế)	사전O
메인 교	trước mặt	바로 앞	trước(앞, ~앞에, ~전에) + mặt(얼굴; 표면)	사전O
메인 교	vòng qua	돌아서 지나가다	vòng(고리, 한 바퀴) + qua(건너다, 지나다)	사전X
메인 교	nằm ở	~에 위치하다	nằm(눕다, (동물이) 엎드) + ở(~에 있다, ~에서)	사전O
메인 교	giờ cao điểm	러시아워, 혼잡 시간대	giờ(시, 시간) + cao(높은, (가격이) 비싼) + điểm(점수)	사전O
메인 교	trường học	학교	trường(학교) + học(배우다, 공부하다)	사전O
메인 교	ngã ba	삼거리	ngã(넘어지다) + ba(셋(3))	사전O
메인 교	áo khoác	겉옷, 자켓	áo(옷, 상의) + khoác(걸치다)	사전O
메인 교	đưa ra	내놓다, 제시하다	đưa(건네주다, 주다) + ra(나가다, 나오다)	사전O
메인 교	xuống xe	(차에서) 내리다	xuống(내려가다) + xe(차, 탈것)	사전O
메인 교	đủ thứ	온갖 것	đủ(충분하다) + thứ(종류, 가지)	사전X
메인 교	phía trước	앞쪽	phía(쪽, 방향) + trước(앞, ~앞에, ~전에)	사전X
메인 교	ra về	귀가하다, 돌아가다	ra(나가다, 나오다) + về(돌아가다, 돌아오다; )	사전X
메인 교	quay xe lại	차를 돌리다	quay(돌리다) + xe(차, 탈것) + lại(다시; 되돌아 (viế)	사전X
메인 교	con đường tắt	지름길	con(자식, 아이) + đường(길, 도로) + tắt(끄다; 지름(길)의)	사전X
메인 교	góc đường	길모퉁이	góc(모퉁이, 각) + đường(길, 도로)	사전X
메인 교	gần nhất	가장 가까운	gần(가깝다) + nhất(가장, 제일)	사전X
메인 교	giải thưởng	상, 수상	giải(상; 풀다) + thưởng(상, 보너스; 상을 주)	사전O
메인 교	quán phở	쌀국수 집	quán(가게, 작은 식당) + phở(쌀국수(퍼))	사전X
메인 교	tiệm giày	신발 가게	tiệm(가게, 상점) + giày(신발, 구두)	사전X
메인 교	ngừng lại	멈추다, 정차하다	ngừng(멈추다) + lại(다시; 되돌아 (viế)	사전X
메인 교	nơi đến	목적지, 도착지	nơi(장소, 곳) + đến(도착하다, ~까지)	사전X
메인 교	dẫn đi học	데리고 등교하다	dẫn(이끌다, 데려가다) + đi(가다) + học(배우다, 공부하다)	사전X
메인 교	một hôm	어느 날	một(하나(1)) + hôm(그날, 요전날 (hôm)	사전X
메인 교	lần đầu	처음	lần(번, 회 (횟수)) + đầu(머리; 처음, 맨 앞)	사전X
메인 교	đi một mình	혼자 가다	đi(가다) + một(하나(1)) + mình(자기 자신, 스스로 ()	사전X
메인 교	chỉ tay	가리키다	chỉ(가리키다) + tay(손)	사전X
메인 교	có hai cách	두 가지 방법이 있다	có(있다, 가지다; (긍정) + hai(둘(2)) + cách(방법, 방식; 떨어져 )	사전X
메인 교	hơi xa	약간 멀다	hơi(약간, 조금) + xa(먼)	사전X
메인 교	qua cầu	다리를 건너다	qua(건너다, 지나다) + cầu(다리)	사전X
메인 교	ngắn hơn	더 짧다	ngắn(짧은) + hơn(더, ~보다, ~이상)	사전X
메인 교	con hẻm trước mặt	바로 앞 골목	con(자식, 아이) + hẻm(골목) + trước(앞, ~앞에, ~전에) + mặt(얼굴; 표면)	사전X
메인 교	nhìn hướng	방향을 보다	nhìn(보다, 바라보다) + hướng(방향)	사전X
메인 교	hiểu ra	깨닫다, 알아차리다	hiểu(이해하다) + ra(나가다, 나오다)	사전X
메인 교	đi lạc	길을 잃고 헤매다	đi(가다) + lạc(땅콩)	사전O
메인 교	ga ra	차고	ga(기차역) + ra(나가다, 나오다)	사전X
메인 교	nghỉ Tết	설 연휴를 보내다	nghỉ(쉬다) + Tết(설, 명절)	사전X
메인 교	nấu cơm	밥을 짓다, 요리하다	nấu(요리하다) + cơm(밥)	사전X
메인 교	mây đen	먹구름	mây(구름) + đen(검은)	사전X
메인 교	tiếng xe	차 소리	tiếng(언어, 소리) + xe(차, 탈것)	사전X
메인 교	trước cửa	문 앞	trước(앞, ~앞에, ~전에) + cửa(문)	사전X
메인 교	quay xe	차를 돌리다	quay(돌리다) + xe(차, 탈것)	사전O
메인 교	chậm lại	느려지다, 속도를 늦추다	chậm(느린) + lại(다시; 되돌아 (viế)	사전O
메인 교	con hẻm	골목	con(자식, 아이) + hẻm(골목)	사전O
메인 교	cả hai	둘 다	cả(전부, 모두, ~도) + hai(둘(2))	사전O
메인 교	không dám	감히 ~하지 못하다	không(영(0); 아니다, ~) + dám(감히 ~하다)	사전O
메인 교	định ngữ	한정어	định(~하려고 하다) + ngữ(말, 언어 (ngữ p)	사전O
메인 교	đừng ngại	주저하지 마세요	đừng(~하지 마라) + ngại(꺼리다, 부끄러워하다)	사전O
메인 교	trước tiên	우선, 먼저	trước(앞, ~앞에, ~전에) + tiên(요정)	사전O
메인 교	không có gì	아무것도 아니에요, 괜찮아요	không(영(0); 아니다, ~) + có(있다, 가지다; (긍정) + gì(무엇, 뭐)	사전O
메인 교	chia tay	헤어지다	chia(나누다) + tay(손)	사전O
메인 교	trễ hẹn	약속에 늦다	trễ(늦은(남부 방언)) + hẹn(약속(하다))	사전X
메인 교	đi làm thêm	아르바이트하다, 잔업하다	đi(가다) + làm(하다, 일하다) + thêm(더하다, 추가하다; 더)	사전X
메인 교	hết tiền	돈이 떨어지다	hết(끝나다, 다 떨어지다) + tiền(돈)	사전X
메인 교	cô đơn	외롭다	cô(아가씨; (미혼 여성·) + đơn(신청서, 서류)	사전O
메인 교	bữa tiệc	파티, 잔치	bữa(끼니, 식사(한 끼)) + tiệc(파티, 잔치)	사전O
메인 교	có lỗi	잘못이 있다, 미안하다	có(있다, 가지다; (긍정) + lỗi(잘못, 실수)	사전X
메인 교	tiền nhà	집세	tiền(돈) + nhà(집)	사전X
메인 교	việc nhà	집안일	việc(일 (동명사화 표지)) + nhà(집)	사전X
메인 교	khó khăn	어려움	khó(어려운) + khăn(수건, 스카프)	사전O
메인 교	động vật	동물	động(동굴) + vật(물건, 사물)	사전O
메인 교	cuộc sống	생활, 삶	cuộc(회, 판 (대화·모임·) + sống(살다)	사전O
메인 교	câu chuyện	이야기	câu(문장) + chuyện(일, 이야기)	사전O
메인 교	hồi hộp	두근거리다, 긴장되다	hồi(~할 때, ~시절에) + hộp(상자, 갑 (종별사))	사전O
메인 교	kí lô	킬로그램	kí(서명하다 / kg(킬로) + lô(구획(lô đất))	사전O
메인 교	lịch sự	예의 바르다	lịch(일정, 스케줄) + sự(~함, ~것 (동사·형)	사전O
메인 교	mát xa	마사지(하다)	mát(시원하다) + xa(먼)	사전O
메인 교	môi trường	환경	môi(입술) + trường(학교)	사전O
메인 교	máy tính xách tay	노트북	máy(기계, 기기(컴퓨터 등) + tính(성질, ~성; 계산하다) + xách((손에) 들다) + tay(손)	사전O
메인 교	tài liệu	자료, 문서	tài(재능 있는, 재주) + liệu(과연 ~일까?)	사전O
메인 교	thêm nữa	더 (추가로)	thêm(더하다, 추가하다; 더) + nữa(더, 또)	사전O
메인 교	ở bên	~곁에 있다	ở(~에 있다, ~에서) + bên(옆, 쪽)	사전X
메인 교	chịu được	견디다, 참다	chịu(견디다, 참다) + được(~하게 되다, ~할 수)	사전X
메인 교	chẳng hạn như	예를 들면	chẳng(~하지 않다(부정 강조) + hạn(기한·마감) + như(~처럼, ~같이; ~와)	사전X
메인 교	giờ làm	근무 시간	giờ(시, 시간) + làm(하다, 일하다)	사전X
메인 교	uống bia	맥주를 마시다	uống(마시다) + bia(맥주)	사전X
메인 교	nhà mới	새 집	nhà(집) + mới(새로운; 막, 방금 ()	사전X
메인 교	rơi xuống	떨어지다	rơi(떨어지다) + xuống(내려가다)	사전X
메인 교	bay thấp	낮게 날다	bay(날다) + thấp((키가) 작은)	사전X
메인 교	suốt ngày đêm	밤낮으로, 하루 종일	suốt(내내, 줄곧) + ngày(날, 하루) + đêm(밤)	사전X
메인 교	đứa nhỏ	아이, 꼬마	đứa((아이·동생 등을 세는) + nhỏ(작은)	사전X
메인 교	trường lớp	학교, 학급	trường(학교) + lớp(교실, 반)	사전X
메인 교	không chịu được	견딜 수 없다	không(영(0); 아니다, ~) + chịu(견디다, 참다) + được(~하게 되다, ~할 수)	사전X
메인 교	mùi nước mắm	느억맘(피시소스) 냄새	mùi(냄새) + nước(나라; 물) + mắm(젓갈)	사전X
메인 교	sự cô đơn	외로움	sự(~함, ~것 (동사·형) + cô(아가씨; (미혼 여성·) + đơn(신청서, 서류)	사전X
메인 교	cái nóng	더위	cái((사물 앞에 붙는 종별) + nóng(뜨겁다, 덥다)	사전O
메인 교	thấy mệt	피곤함을 느끼다	thấy(보다, 느끼다) + mệt(피곤하다)	사전X
메인 교	tự mua thuốc	스스로 약을 사다	tự(스스로, 직접) + mua(사다) + thuốc(약)	사전X
메인 교	ở ngoài	밖에서	ở(~에 있다, ~에서) + ngoài(밖, ~밖에)	사전X
메인 교	uống nước	물을 마시다	uống(마시다) + nước(나라; 물)	사전X
메인 교	nghỉ việc	일을 그만두다, 퇴사하다	nghỉ(쉬다) + việc(일 (동명사화 표지))	사전O
메인 교	trả lời email	이메일에 답장하다	trả(돌려주다, 지불하다) + lời(말, 말씀; 이익) + email(이메일)	사전X
메인 교	khó chịu với	~에게 짜증 내다	khó(어려운) + chịu(견디다, 참다) + với(~와 함께, ~에게)	사전X
메인 교	lo sợ	걱정하다, 두려워하다	lo(걱정하다) + sợ(무서워하다, 두려워하다)	사전O
메인 교	nhớ rõ	뚜렷이 기억하다	nhớ(기억하다) + rõ(명확한)	사전X
메인 교	bạn cũ	옛 친구	bạn(친구) + cũ(낡은, 오래된)	사전X
메인 교	gặp lại	다시 만나다	gặp(만나다) + lại(다시; 되돌아 (viế)	사전X
메인 교	quên mất	깜빡 잊다	quên(잊다) + mất((시간이) 걸리다)	사전X
메인 교	nhóm bạn	친구 무리	nhóm(그룹, 모임) + bạn(친구)	사전X
메인 교	tìm mua	찾아서 사다	tìm(찾다) + mua(사다)	사전X
메인 교	làm quà	선물로 삼다	làm(하다, 일하다) + quà(선물)	사전X
메인 교	bộ phim	영화	bộ(벌, 세트(옷 등을 세) + phim(영화)	사전X
메인 교	cho thêm	더 넣다	cho(~을 위해, ~에게; ) + thêm(더하다, 추가하다; 더)	사전X
메인 교	nhanh hơn	더 빠르다	nhanh(빠른) + hơn(더, ~보다, ~이상)	사전X
메인 교	mùi thuốc lá	담배 냄새	mùi(냄새) + thuốc(약) + lá(장 (잎 모양을 세는 )	사전X
메인 교	mét rưỡi	1.5미터	mét(미터) + rưỡi(반, 30분)	사전X
메인 교	tiếng Trung	중국어	tiếng(언어, 소리) + Trung(쭝 (사람 이름))	사전O
메인 교	dầu mỡ	기름기	dầu(기름, 오일) + mỡ(기름, 지방)	사전O
메인 교	khác nhau	서로 다르다	khác(다르다, 다른) + nhau(서로)	사전O
메인 교	sách báo	책과 신문	sách(책) + báo(신문)	사전O
메인 교	bàn ghế	책상과 의자	bàn(책상, 탁자; 논의하다) + ghế(의자)	사전O
메인 교	ngôi nhà	집(건물)	ngôi(채, 동 (건물·시장 ) + nhà(집)	사전O
메인 교	trâu bò	소 떼(물소와 소)	trâu(물소) + bò(소, 소고기)	사전O
메인 교	nhầm lẫn	착각(하다), 혼동	nhầm(잘못, 실수로) + lẫn(섞이다; ~와 ~ 모두)	사전O
메인 교	lo ngại	걱정, 우려	lo(걱정하다) + ngại(꺼리다, 부끄러워하다)	사전O
메인 교	gương mặt	얼굴, 표정	gương(거울 / 본보기) + mặt(얼굴; 표면)	사전O
메인 교	hiện giờ	지금, 현재	hiện(현재, 지금; 나타나다) + giờ(시, 시간)	사전X
메인 교	thời hạn	기간, 만기	thời(때, 시대) + hạn(기한·마감)	사전O
메인 교	thẻ căn cước	신분증	thẻ(카드) + căn((집·방을 세는 단위)) + cước(요금)	사전O
메인 교	ký tên	서명하다	ký(킬로그램(kg)) + tên(이름)	사전O
메인 교	chuyển tiền	송금하다	chuyển(바꾸다, 전환하다) + tiền(돈)	사전O
메인 교	đổi tiền	환전하다	đổi(바꾸다, 교환하다) + tiền(돈)	사전O
메인 교	quý khách	고객님	quý(귀한, 소중한) + khách(손님)	사전O
메인 교	khóa cửa	문을 잠그다	khóa(과정, 기간) + cửa(문)	사전X
메인 교	tủ lạnh	냉장고	tủ(장, 캐비닛) + lạnh(춥다, 차갑다)	사전O
메인 교	bằng lái xe	운전면허증	bằng(~로, ~로써 (수단·) + lái(운전하다, 몰다) + xe(차, 탈것)	사전O
메인 교	đếm tiền	돈을 세다	đếm(세다) + tiền(돈)	사전X
메인 교	giao dịch	거래(하다)	giao(인도하다, 넘겨주다) + dịch(통역하다, 번역하다)	사전O
메인 교	ông xã	남편(구어)	ông(할아버지; (연장자 남) + xã(마을, 읍, 사회)	사전O
메인 교	tết âm lịch	음력설	tết(설, 명절) + âm(음, 소리) + lịch(일정, 스케줄)	사전O
메인 교	ngày nghỉ lễ	공휴일	ngày(날, 하루) + nghỉ(쉬다) + lễ(명절, 기념일, 예식)	사전X
메인 교	tiền mặt	현금	tiền(돈) + mặt(얼굴; 표면)	사전O
메인 교	tiền thưởng	보너스, 상금	tiền(돈) + thưởng(상, 보너스; 상을 주)	사전O
메인 교	tỷ giá	환율	tỷ(십억) + giá(가격)	사전O
메인 교	mọi thứ	모든 것	mọi(모든) + thứ(종류, 가지)	사전O
메인 교	bài kiểm tra	시험	bài(과, 단원) + kiểm(검사하다(어근, kiể) + tra(찾아보다)	사전X
메인 교	ngày sinh	생년월일, 생일	ngày(날, 하루) + sinh(태어나다)	사전O
메인 교	suốt ngày	하루 종일	suốt(내내, 줄곧) + ngày(날, 하루)	사전O
메인 교	thanh toán	결제하다	thanh(성조, 소리; 막대 모) + toán(수학)	사전O
메인 교	tiền thưởng Tết	설 보너스	tiền(돈) + thưởng(상, 보너스; 상을 주) + Tết(설, 명절)	사전X
메인 교	đừng quên	잊지 마	đừng(~하지 마라) + quên(잊다)	사전X
메인 교	ngồi chờ	앉아서 기다리다	ngồi(앉다) + chờ(기다리다)	사전X
메인 교	vào quầy	창구로 가다	vào(~안으로, ~에) + quầy(카운터, 창구)	사전X
메인 교	quầy giao dịch	거래 창구	quầy(카운터, 창구) + giao(인도하다, 넘겨주다) + dịch(통역하다, 번역하다)	사전X
메인 교	thay từ ngữ	단어 바꾸기	thay(바꾸다, 대신하다) + từ(단어) + ngữ(말, 언어 (ngữ p)	사전X
메인 교	miễn phí chuyển tiền	무료 송금	miễn(면제하다) + phí(요금, 비용) + chuyển(바꾸다, 전환하다) + tiền(돈)	사전X
메인 교	vui lòng	~해 주세요(정중한 부탁)	vui(기쁘다, 즐겁다) + lòng(마음)	사전O
메인 교	uống hết thuốc	약을 다 먹다	uống(마시다) + hết(끝나다, 다 떨어지다) + thuốc(약)	사전X
메인 교	đi khám lại	재진을 받으러 가다	đi(가다) + khám(진찰하다, 검사하다) + lại(다시; 되돌아 (viế)	사전X
메인 교	khỏi bệnh	병이 낫다	khỏi(낫다; ~할 필요 없다) + bệnh(병, 아프다)	사전X
메인 교	có visa	비자가 있다	có(있다, 가지다; (긍정) + visa(비자)	사전X
메인 교	mua vé máy bay	비행기표를 사다	mua(사다) + vé(표, 티켓) + máy(기계, 기기(컴퓨터 등) + bay(날다)	사전X
메인 교	đưa cho	~에게 건네주다	đưa(건네주다, 주다) + cho(~을 위해, ~에게; )	사전X
메인 교	trả bằng tiền mặt	현금으로 계산하다	trả(돌려주다, 지불하다) + bằng(~로, ~로써 (수단·) + tiền(돈) + mặt(얼굴; 표면)	사전X
메인 교	dùng thẻ	카드를 쓰다	dùng(사용하다, 쓰다) + thẻ(카드)	사전X
메인 교	tiền Việt	베트남 돈	tiền(돈) + Việt(베트남(의) (ngườ)	사전X
메인 교	ngừng giao dịch	거래를 중단하다	ngừng(멈추다) + giao(인도하다, 넘겨주다) + dịch(통역하다, 번역하다)	사전X
메인 교	giao dịch trở lại	거래를 재개하다	giao(인도하다, 넘겨주다) + dịch(통역하다, 번역하다) + trở(돌아가다) + lại(다시; 되돌아 (viế)	사전X
메인 교	giao dịch qua thẻ	카드 거래	giao(인도하다, 넘겨주다) + dịch(통역하다, 번역하다) + qua(건너다, 지나다) + thẻ(카드)	사전X
메인 교	nghỉ lễ	명절 휴가, 공휴일	nghỉ(쉬다) + lễ(명절, 기념일, 예식)	사전O
메인 교	đông người	사람이 붐비다	đông((사람이) 붐비는, 많) + người(사람)	사전X
메인 교	nhiều màu	색깔이 다양하다	nhiều(많은) + màu(색)	사전X
메인 교	quần áo trẻ em	아동복	quần(바지) + áo(옷, 상의) + trẻ(어린, 젊은) + em(동생; (손아랫사람을 )	사전X
메인 교	than đói bụng	배고프다고 투덜대다	than(석탄, 숯; 불평하다) + đói(배고픈) + bụng(배(신체 부위))	사전X
메인 교	lương cao	높은 월급	lương(월급, 급여) + cao(높은, (가격이) 비싼)	사전X
메인 교	hợp chuyên môn	전공에 맞다	hợp(어울리다) + chuyên(전공하다, 전문으로 하) + môn(과목)	사전X
메인 교	chưa quyết định được	아직 결정하지 못하다	chưa(아직) + quyết(결심하다, 결정하다) + định(~하려고 하다) + được(~하게 되다, ~할 수)	사전X
메인 교	béo ra	살이 찌다	béo(뚱뚱한) + ra(나가다, 나오다)	사전X
메인 교	đi xe máy	오토바이를 타다	đi(가다) + xe(차, 탈것) + máy(기계, 기기(컴퓨터 등)	사전X
메인 교	tắt đèn	불을 끄다	tắt(끄다; 지름(길)의) + đèn(전등, 불)	사전X
메인 교	ăn kem	아이스크림을 먹다	ăn(먹다) + kem(아이스크림; 크림)	사전X
메인 교	đổi ra tiền Việt	베트남 돈으로 바꾸다	đổi(바꾸다, 교환하다) + ra(나가다, 나오다) + tiền(돈) + Việt(베트남(의) (ngườ)	사전X
메인 교	giỏi ngoại ngữ	외국어를 잘하다	giỏi(잘하는, 능숙한) + ngoại(국외의) + ngữ(말, 언어 (ngữ p)	사전X
메인 교	rửa tay	손을 씻다	rửa(씻다, 닦다) + tay(손)	사전X
메인 교	vợ chồng	부부	vợ(아내) + chồng(남편)	사전O
메인 교	vậy thì	그렇다면	vậy(그래서, 그러면(어조사) + thì(~하면 (조건의 뒤 절)	사전O
메인 교	chuyên môn	전문(분야)	chuyên(전공하다, 전문으로 하) + môn(과목)	사전O
메인 교	kêu gọi	호소하다, 촉구하다	kêu((음식을) 주문하다, ) + gọi(부르다)	사전O
메인 교	nửa tiếng	30분	nửa(절반) + tiếng(언어, 소리)	사전O
메인 교	đồng tiền	화폐, 돈	đồng(동(베트남 화폐 단위)) + tiền(돈)	사전O
메인 교	miền Trung	중부 지방	miền(지방, 지역(남·중·북) + Trung(쭝 (사람 이름))	사전O
메인 교	nhớ nhà	집이 그립다, 향수병	nhớ(기억하다) + nhà(집)	사전O
메인 교	hồi chiều	아까 오후에	hồi(~할 때, ~시절에) + chiều(오후)	사전X
메인 교	chạy bộ	조깅하다	chạy(뛰다, 달리다) + bộ(벌, 세트(옷 등을 세)	사전O
메인 교	nhạc đồng quê	컨트리 음악	nhạc(음악) + đồng(동(베트남 화폐 단위)) + quê(고향)	사전X
메인 교	lên giường	잠자리에 들다	lên(오르다, 타다; (동사) + giường(침대)	사전O
메인 교	truyện tranh	만화책	truyện(이야기, 소설) + tranh(그림)	사전O
메인 교	cầm lên	집어 들다	cầm(잡다, 들다) + lên(오르다, 타다; (동사)	사전X
메인 교	có hại	해롭다	có(있다, 가지다; (긍정) + hại(해로움 / 해치다)	사전O
메인 교	có lợi	이롭다, 유리하다	có(있다, 가지다; (긍정) + lợi(이익, 잇몸)	사전O
메인 교	đi ăn ngoài	외식하다	đi(가다) + ăn(먹다) + ngoài(밖, ~밖에)	사전X
메인 교	điều khó hiểu	이해하기 어려운 것	điều(것, 사항) + khó(어려운) + hiểu(이해하다)	사전X
메인 교	học tập	학습하다, 공부	học(배우다, 공부하다) + tập(연습하다, 익히다)	사전O
메인 교	lớn lên	자라다	lớn(큰) + lên(오르다, 타다; (동사)	사전O
메인 교	móng tay	손톱	móng(기초) + tay(손)	사전O
메인 교	nâng cao	높이다, 향상시키다	nâng(올리다, 높이다) + cao(높은, (가격이) 비싼)	사전O
메인 교	phim hài	코미디 영화	phim(영화) + hài(코미디 / 우스운)	사전O
메인 교	ra khỏi	~에서 나가다	ra(나가다, 나오다) + khỏi(낫다; ~할 필요 없다)	사전O
메인 교	than phiền	불평하다	than(석탄, 숯; 불평하다) + phiền(귀찮게 하다, 불편하게)	사전O
메인 교	thời trẻ	젊은 시절	thời(때, 시대) + trẻ(어린, 젊은)	사전X
메인 교	ý chính	요점, 핵심 내용	ý(뜻, 의미, 생각) + chính(바로(강조))	사전X
메인 교	yêu thích	좋아하다, 즐겨 하는	yêu(사랑하다) + thích(좋아하다)	사전O
메인 교	bị ốm	아프다	bị(~당하다, ~되다(좋지) + ốm(마르다, 여위다)	사전O
메인 교	người nào	어느 사람, 누구든	người(사람) + nào(어느, 어떤)	사전O
메인 교	quá trình	과정	quá(너무, 지나치게) + trình(제시하다, / 제출하다)	사전O
메인 교	bạn gái	여자 친구	bạn(친구) + gái(여자, 딸(구어))	사전O
메인 교	đến giờ ăn	밥때가 되다	đến(도착하다, ~까지) + giờ(시, 시간) + ăn(먹다)	사전X
메인 교	đặt món ăn	음식을 주문하다	đặt(놓다, 두다; 주문하다) + món(음식, 요리 (가짓수를) + ăn(먹다)	사전X
메인 교	mang đến	가져다주다, 배달하다	mang(가지고 가다, 나르다) + đến(도착하다, ~까지)	사전X
메인 교	món Việt	베트남 음식	món(음식, 요리 (가짓수를) + Việt(베트남(의) (ngườ)	사전X
메인 교	loại rượu	술의 종류	loại(종류, 부류) + rượu(술)	사전X
메인 교	uống một mình	혼자 마시다	uống(마시다) + một(하나(1)) + mình(자기 자신, 스스로 ()	사전X
메인 교	chuyển qua	~로 바꾸다, 옮기다	chuyển(바꾸다, 전환하다) + qua(건너다, 지나다)	사전X
메인 교	đá cầu	제기차기	đá(돌; 얼음; (발로) ) + cầu(다리)	사전O
메인 교	mai mốt	나중에, 조만간	mai(내일) + mốt((21처럼 끝자리 1을)	사전O
메인 교	chơi giỏi	(운동·놀이를) 잘하다	chơi(놀다) + giỏi(잘하는, 능숙한)	사전X
메인 교	mới tập	이제 막 연습하다	mới(새로운; 막, 방금 () + tập(연습하다, 익히다)	사전X
메인 교	chưa về nhà	아직 집에 안 오다	chưa(아직) + về(돌아가다, 돌아오다; ) + nhà(집)	사전X
메인 교	ra quán	가게에 나가다	ra(나가다, 나오다) + quán(가게, 작은 식당)	사전X
메인 교	tốn tiền	돈이 들다	tốn((비용이) 들다, 소모) + tiền(돈)	사전X
메인 교	gặp chuyện không vui	안 좋은 일을 겪다	gặp(만나다) + chuyện(일, 이야기) + không(영(0); 아니다, ~) + vui(기쁘다, 즐겁다)	사전X
메인 교	sau giờ làm việc	퇴근 후	sau(뒤, ~뒤에, ~후에;) + giờ(시, 시간) + làm(하다, 일하다) + việc(일 (동명사화 표지))	사전X
메인 교	cảm thấy mệt	피곤함을 느끼다	cảm(감기, 독감) + thấy(보다, 느끼다) + mệt(피곤하다)	사전X
메인 교	ra khỏi nhà	집을 나서다	ra(나가다, 나오다) + khỏi(낫다; ~할 필요 없다) + nhà(집)	사전X
메인 교	về đến nhà	집에 도착하다	về(돌아가다, 돌아오다; ) + đến(도착하다, ~까지) + nhà(집)	사전X
메인 교	đi tắm	씻으러 가다, 샤워하다	đi(가다) + tắm(목욕하다, 물놀이하다)	사전X
메인 교	cắn móng tay	손톱을 물어뜯다	cắn(물다, 깨물다) + móng(기초) + tay(손)	사전X
메인 교	sau bữa ăn	식사 후	sau(뒤, ~뒤에, ~후에;) + bữa(끼니, 식사(한 끼)) + ăn(먹다)	사전X
메인 교	xem phim hài	코미디 영화를 보다	xem(보다) + phim(영화) + hài(코미디 / 우스운)	사전X
메인 교	rung đùi	다리를 떨다	rung(진동하다) + đùi(허벅지)	사전X
메인 교	dậy sớm	일찍 일어나다	dậy(일어나다) + sớm(일찍)	사전X
메인 교	sách khoa học	과학책	sách(책) + khoa(학과, 단과대학) + học(배우다, 공부하다)	사전X
메인 교	có trong tay	손에 있다, 가지고 있다	có(있다, 가지다; (긍정) + trong(~안에, ~중에) + tay(손)	사전X
메인 교	khó hiểu	이해하기 어렵다	khó(어려운) + hiểu(이해하다)	사전X
메인 교	cầm sách lên	책을 손에 들다	cầm(잡다, 들다) + sách(책) + lên(오르다, 타다; (동사)	사전X
메인 교	đĩa nhạc	음반, 앨범	đĩa(접시) + nhạc(음악)	사전O
메인 교	món ngon	맛있는 요리	món(음식, 요리 (가짓수를) + ngon(맛있는)	사전X
메인 교	thành phố biển	해안 도시	thành(~으로(되다)) + phố(거리, 번화가) + biển(바다)	사전X
메인 교	trả lời đúng	정확히 대답하다	trả(돌려주다, 지불하다) + lời(말, 말씀; 이익) + đúng(맞다, 옳다)	사전X
메인 교	sửa được	고칠 수 있다	sửa(수리하다, 고치다) + được(~하게 되다, ~할 수)	사전O
메인 교	các loại xe	각종 차량	các(여러, ~들(복수 표지) + loại(종류, 부류) + xe(차, 탈것)	사전X
메인 교	bị bệnh	병이 나다	bị(~당하다, ~되다(좋지) + bệnh(병, 아프다)	사전X
메인 교	tắt máy lạnh	에어컨을 끄다	tắt(끄다; 지름(길)의) + máy(기계, 기기(컴퓨터 등) + lạnh(춥다, 차갑다)	사전X
메인 교	lau bảng	칠판을 닦다	lau(닦다) + bảng(칠판)	사전X
메인 교	loa bị hư	스피커가 고장 나다	loa(스피커) + bị(~당하다, ~되다(좋지) + hư(고장 난)	사전X
메인 교	xuống văn phòng	사무실로 내려가다	xuống(내려가다) + văn(문학) + phòng(방, 호실)	사전X
메인 교	người bán hàng	판매원	người(사람) + bán(팔다) + hàng(줄, 열; 가게; 상품)	사전X
메인 교	xách túi nặng	무거운 가방을 들다	xách((손에) 들다) + túi(봉지, 가방) + nặng(무겁다)	사전X
메인 교	hết giờ	시간이 다 되다	hết(끝나다, 다 떨어지다) + giờ(시, 시간)	사전X
메인 교	đi xem kịch	연극을 보러 가다	đi(가다) + xem(보다) + kịch(연극)	사전X
메인 교	nằm bệnh viện	입원하다	nằm(눕다, (동물이) 엎드) + bệnh(병, 아프다) + viện(기관)	사전X
메인 교	khỏe chưa	다 나았어?	khỏe(건강하다, 잘 지내다) + chưa(아직)	사전X
메인 교	đi bộ về nhà	걸어서 집에 가다	đi(가다) + bộ(벌, 세트(옷 등을 세) + về(돌아가다, 돌아오다; ) + nhà(집)	사전X
메인 교	hơi lạnh	약간 춥다, 서늘하다	hơi(약간, 조금) + lạnh(춥다, 차갑다)	사전X
메인 교	đâu có	~하지 않아요(부정·반박)	đâu(어디) + có(있다, 가지다; (긍정)	사전O
메인 교	biết chữ	글을 읽을 줄 알다	biết(알다) + chữ(글자)	사전O
메인 교	bữa cơm	식사, 밥 한 끼	bữa(끼니, 식사(한 끼)) + cơm(밥)	사전O
메인 교	bán hàng	장사하다, 물건을 팔다	bán(팔다) + hàng(줄, 열; 가게; 상품)	사전O
메인 교	đắt tiền	값비싼	đắt(비싸다) + tiền(돈)	사전O
메인 교	phiếm chỉ	불특정하게 가리키는(부정칭)	phiếm(잡담하다) + chỉ(가리키다)	사전O
메인 교	cây cỏ	초목	cây(나무; ~그루(식물 분) + cỏ(풀)	사전O
메인 교	xanh tươi	푸릇푸릇하다	xanh(파란, 초록의) + tươi(신선한)	사전O
메인 교	ban đầu	처음, 초기	ban(부서) + đầu(머리; 처음, 맨 앞)	사전O
메인 교	từ khi	~한 이래로	từ(단어) + khi(~할 때)	사전O
메인 교	tóc bạc	흰머리, 새치머리	tóc(머리카락) + bạc(은; 돈; 바랜)	사전X
메인 교	bé gái	여자아이	bé(아기, 꼬마) + gái(여자, 딸(구어))	사전X
메인 교	buộc tóc	머리 묶기	buộc(묶다, 강제하다) + tóc(머리카락)	사전X
메인 교	cầu hôn	청혼하다	cầu(다리) + hôn(키스하다, 입맞추다)	사전O
메인 교	cẩu thả	부주의한, 대충하는	cẩu(크레인) + thả(놓다, 풀다)	사전O
메인 교	cười luôn miệng	항상 웃는 얼굴이다	cười(웃다) + luôn(늘, 언제나) + miệng(입)	사전X
메인 교	dáng người	몸매, 체형	dáng(몸매, 자태) + người(사람)	사전O
메인 교	dễ thương	귀여운	dễ(쉬운) + thương(아끼다, 사랑하다)	사전O
메인 교	hoa tai	귀걸이	hoa(꽃) + tai(귀)	사전O
메인 교	ít nói	말수가 적은, 과묵한	ít(적은) + nói(말하다)	사전O
메인 교	khuôn mặt	얼굴(형)	khuôn(모양, 형태) + mặt(얼굴; 표면)	사전O
메인 교	màu tối	어두운 색	màu(색) + tối(저녁, 밤)	사전X
메인 교	màu sáng	밝은 색	màu(색) + sáng(아침)	사전X
메인 교	mắt hai mí	쌍꺼풀눈	mắt(눈) + hai(둘(2)) + mí(눈꺼풀)	사전X
메인 교	mắt một mí	외꺼풀눈	mắt(눈) + một(하나(1)) + mí(눈꺼풀)	사전X
메인 교	mặt nhọn	뾰족한 얼굴형	mặt(얼굴; 표면) + nhọn(뾰족하다)	사전O
메인 교	miệng rộng	큰 입	miệng(입) + rộng(넓다)	사전X
메인 교	mọi chuyện	모든 일	mọi(모든) + chuyện(일, 이야기)	사전X
메인 교	ngang trán	이마선 길이의(앞머리가 이마를 덮는)	ngang(가로의, 수평의; 평성) + trán(이마)	사전X
메인 교	nóng tính	성급한, 다혈질인	nóng(뜨겁다, 덥다) + tính(성질, ~성; 계산하다)	사전O
메인 교	nước da	피부(색)	nước(나라; 물) + da(피부, 가죽)	사전O
메인 교	ổn định	안정적인	ổn(괜찮다) + định(~하려고 하다)	사전O
메인 교	thon thả	날씬한	thon(가늘다·날씬하다) + thả(놓다, 풀다)	사전O
메인 교	tính cách	성격	tính(성질, ~성; 계산하다) + cách(방법, 방식; 떨어져 )	사전O
메인 교	tóc thẳng	생머리	tóc(머리카락) + thẳng(곧다, 똑바르다)	사전X
메인 교	trái lại	반대로	trái(개 (과일을 세는 종별) + lại(다시; 되돌아 (viế)	사전O
메인 교	vui tính	유쾌한, 명랑한	vui(기쁘다, 즐겁다) + tính(성질, ~성; 계산하다)	사전O
메인 교	ngoại hình	외모, 겉모습	ngoại(국외의) + hình(그림, 사진)	사전O
메인 교	dễ chịu	편안한, 기분 좋은	dễ(쉬운) + chịu(견디다, 참다)	사전O
메인 교	đầu gối	무릎	đầu(머리; 처음, 맨 앞) + gối(베개)	사전O
메인 교	người yêu	애인	người(사람) + yêu(사랑하다)	사전O
메인 교	dần dần	점점, 차츰	dần(점차, 점점) + dần(점차, 점점)	사전O
메인 교	trang điểm	화장하다	trang(쪽, 페이지) + điểm(점수)	사전O
메인 교	cho thuê	임대하다	cho(~을 위해, ~에게; ) + thuê(빌리다, 임대하다)	사전O
메인 교	dài ngang vai	어깨까지 오는 길이(머리)	dài(길다) + ngang(가로의, 수평의; 평성) + vai(역할; 어깨)	사전X
메인 교	trọc đầu	삭발한, 빡빡머리	trọc(대머리의, 삭발한) + đầu(머리; 처음, 맨 앞)	사전X
메인 교	bàn tay	손	bàn(책상, 탁자; 논의하다) + tay(손)	사전O
메인 교	mũi cao	오뚝한 코	mũi(코) + cao(높은, (가격이) 비싼)	사전X
메인 교	mũi thấp	낮은 코	mũi(코) + thấp((키가) 작은)	사전X
메인 교	tóc muối tiêu	희끗희끗한 머리(소금후추 머리)	tóc(머리카락) + muối(소금) + tiêu(소비하다)	사전X
메인 교	để râu	수염을 기르다	để(~하기 위해서) + râu(수염)	사전X
메인 교	được quý mến	사랑받다, 인기 있다	được(~하게 되다, ~할 수) + quý(귀한, 소중한) + mến(정들다, 좋아하다)	사전X
메인 교	sinh con	아이를 낳다, 출산하다	sinh(태어나다) + con(자식, 아이)	사전X
메인 교	thật ra	사실은	thật(정말, 진짜의) + ra(나가다, 나오다)	사전O
메인 교	chủ nhà	집주인	chủ(주인, 소유주) + nhà(집)	사전O
메인 교	tên gọi	이름, 명칭	tên(이름) + gọi(부르다)	사전O
메인 교	mái tóc	머리(카락 전체)	mái(지붕) + tóc(머리카락)	사전X
메인 교	còn lại	남은, 나머지	còn(그런데, ~는(요)?) + lại(다시; 되돌아 (viế)	사전O
메인 교	sinh ra	태어나다	sinh(태어나다) + ra(나가다, 나오다)	사전O
메인 교	làm đẹp	예쁘게 꾸미다	làm(하다, 일하다) + đẹp(예쁘다, 아름답다)	사전O
메인 교	cắt tóc	머리를 자르다	cắt(자르다) + tóc(머리카락)	사전O
메인 교	tuần lễ	주, 일주일	tuần(주 (일주일)) + lễ(명절, 기념일, 예식)	사전O
메인 교	chờ đợi	기다리다	chờ(기다리다) + đợi(기다리다)	사전O
메인 교	vế câu	절(문장의 한 부분)	vế((문장의) 절, 부분) + câu(문장)	사전O
메인 교	thi trượt	시험에 떨어지다	thi(시험(을 보다)) + trượt(불합격하다)	사전O
메인 교	trẻ ra	젊어 보이다	trẻ(어린, 젊은) + ra(나가다, 나오다)	사전O
메인 교	nhận biết	알아보다, 인식하다	nhận(받다) + biết(알다)	사전O
메인 교	cao lớn	키가 크고 체격이 좋은	cao(높은, (가격이) 비싼) + lớn(큰)	사전O
메인 교	chúng nó	그들	chúng(그들, 그것들) + nó(그것, 그 아이(3인칭)	사전O
메인 교	giải quyết	해결하다	giải(상; 풀다) + quyết(결심하다, 결정하다)	사전O
메인 교	nước da đen	까무잡잡한 피부	nước(나라; 물) + da(피부, 가죽) + đen(검은)	사전X
메인 교	tiền lẻ	잔돈	tiền(돈) + lẻ((101처럼 자릿수가 )	사전O
메인 교	trú mưa	비를 피하다	trú(머물다, 거주하다) + mưa(비)	사전X
메인 교	tạnh mưa	(비가) 그치다	tạnh((비가)그치다) + mưa(비)	사전O
메인 교	bằng tuổi	동갑이다	bằng(~로, ~로써 (수단·) + tuổi(나이)	사전X
메인 교	điểm kém	나쁜 성적	điểm(점수) + kém(부족한, 약한)	사전X
메인 교	chán học	공부하기 싫어지다, 공부에 흥미를 잃다	chán(지루한, 싫증난) + học(배우다, 공부하다)	사전X
메인 교	mua bán	사고팔다, 거래	mua(사다) + bán(팔다)	사전O
메인 교	làm quen	친해지다, 알게 되다	làm(하다, 일하다) + quen(익숙하다, (사람을) )	사전O
메인 교	căn cước	신분(증)	căn((집·방을 세는 단위)) + cước(요금)	사전O
메인 교	ngủ ngon	잘 자다	ngủ(자다) + ngon(맛있는)	사전O
메인 교	khát nước	목이 마르다	khát(목마르다) + nước(나라; 물)	사전O
메인 교	đứa trẻ	아이, 어린아이	đứa((아이·동생 등을 세는) + trẻ(어린, 젊은)	사전O
메인 교	nhắm mắt	눈을 감다	nhắm((눈을) 감다) + mắt(눈)	사전O
선배 단	ghé thăm	방문하다 / ghé: 들르다, thăm: 방문하다	ghé((잠깐) 들르다) + thăm(방문하다(사람을))	사전O
선배 단	xuống còn	~까지 낮추다	xuống(내려가다) + còn(그런데, ~는(요)?)	사전O
선배 단	mắc hơn	~보다 비싸다(*남부식)	mắc(비싼(남부 방언)) + hơn(더, ~보다, ~이상)	사전X
선배 단	tùy vào	~에 따라 / tùy: ~에 달린	tùy(따라 다르다) + vào(~안으로, ~에)	사전O
선배 단	chiều rộng	너비 / → chiều: 방향, rộng: 넓은	chiều(오후) + rộng(넓다)	사전O
선배 단	hoa văn	무늬, 패턴	hoa(꽃) + văn(문학)	사전O
선배 단	gà con	병아리	gà(닭) + con(자식, 아이)	사전O
선배 단	một nghìn	천	một(하나(1)) + nghìn(천(1000) (ngà)	사전O
선배 단	không khỏe lắm	별로 좋지 않은	không(영(0); 아니다, ~) + khỏe(건강하다, 잘 지내다) + lắm(매우, 몹시)	사전O
선배 단	bạn tôi	내 친구	bạn(친구) + tôi(저, 나)	사전O
선배 단	cước phí	요금	cước(요금) + phí(요금, 비용)	사전O
선배 단	rau quả	야채	rau(채소) + quả(개 (과일을 세는 종별)	사전O
선배 단	đầu bếp	요리사	đầu(머리; 처음, 맨 앞) + bếp(부엌, 주방)	사전O
선배 단	máy ảnh	카메라	máy(기계, 기기(컴퓨터 등) + ảnh(사진)	사전O
선배 단	phòng họp	회의실	phòng(방, 호실) + họp(회의하다)	사전O
선배 단	món nào	어느 음식(북), 어느 것(남)	món(음식, 요리 (가짓수를) + nào(어느, 어떤)	사전O
선배 단	quả dưa	멜론	quả(개 (과일을 세는 종별) + dưa(참외·수박류, 절임채소)	사전O
선배 단	quả dứa	파인애플	quả(개 (과일을 세는 종별) + dứa(파인애플)	사전O
선배 단	bài tập về nhà	숙제	bài(과, 단원) + tập(연습하다, 익히다) + về(돌아가다, 돌아오다; ) + nhà(집)	사전O
선배 단	nhiều tuổi hơn	나이가 더 많은	nhiều(많은) + tuổi(나이) + hơn(더, ~보다, ~이상)	사전O
선배 단	ít tuổi hơn	나이가 더 적은	ít(적은) + tuổi(나이) + hơn(더, ~보다, ~이상)	사전O
선배 단	nhiều chỗ nhất	(차의 좌석이) 제일 많다	nhiều(많은) + chỗ(곳, 장소) + nhất(가장, 제일)	사전O
선배 단	ít chỗ nhất	(차의 좌석이) 제일 적다	ít(적은) + chỗ(곳, 장소) + nhất(가장, 제일)	사전X
선배 단	chúng em	(연하)저희	chúng(그들, 그것들) + em(동생; (손아랫사람을 )	사전O
선배 단	hiếu kỳ	호기심이 / 있는	hiếu(효, / 좋아하다) + kỳ(이상한)	사전O
선배 단	nhiều loại	많은 종류의	nhiều(많은) + loại(종류, 부류)	사전O
선배 단	con ngựa	말	con(자식, 아이) + ngựa(말)	사전O
선배 단	quả chuối	바나나	quả(개 (과일을 세는 종별) + chuối(바나나)	사전O
선배 단	con tôm	새우	con(자식, 아이) + tôm(새우)	사전O
선배 단	con vịt	오리	con(자식, 아이) + vịt(오리)	사전O
선배 단	quả dưa chuột	오이	quả(개 (과일을 세는 종별) + dưa(참외·수박류, 절임채소) + chuột(쥐)	사전O
선배 단	quả dừa	코코넛	quả(개 (과일을 세는 종별) + dừa(코코넛)	사전O
선배 단	quả nho	포도	quả(개 (과일을 세는 종별) + nho(포도)	사전O
선배 단	nhà báo	기자	nhà(집) + báo(신문)	사전O
선배 단	phóng viên	기자, 보도원	phóng(쏘다, 발사하다 · () + viên(알 (알약·사탕 등을 )	사전O
선배 단	thế còn	~는요?	thế(그러면, 그렇게 (말머) + còn(그런데, ~는(요)?)	사전O
선배 단	bộ ấm chén	차 주전자 세트	bộ(벌, 세트(옷 등을 세) + ấm(따뜻하다) + chén(작은 그릇, 공기)	사전O
선배 단	kia là	그것은(저기는) / 이다	kia(저것, 저기(지시대명사) + là(~이다)	사전X
선배 단	con chim	새	con(자식, 아이) + chim(새)	사전X
선배 단	quyển vở	공책	quyển(권 (책을 세는 종별사) + vở(공책)	사전O
선배 단	tờ séc	수표	tờ(장 (종이·지폐를 세는) + séc(수표)	사전O
선배 단	con gà	닭	con(자식, 아이) + gà(닭)	사전O
선배 단	con bò	소	con(자식, 아이) + bò(소, 소고기)	사전O
선배 단	con lợn	돼지	con(자식, 아이) + lợn(돼지)	사전O
선배 단	mẹ cậu	너의 어머니	mẹ(엄마) + cậu(소년; 너(친구 사이))	사전O
선배 단	nước Nga	러시아	nước(나라; 물) + Nga(러시아)	사전O
선배 단	quyển lịch	달력	quyển(권 (책을 세는 종별사) + lịch(일정, 스케줄)	사전O
선배 단	quả cam	오렌지	quả(개 (과일을 세는 종별) + cam(오렌지)	사전O
선배 단	quả táo	사과	quả(개 (과일을 세는 종별) + táo(사과(나무))	사전O
선배 단	quả bóng	공	quả(개 (과일을 세는 종별) + bóng(공)	사전O
선배 단	quả trứng	계란	quả(개 (과일을 세는 종별) + trứng(계란)	사전O
선배 단	con voi	코끼리	con(자식, 아이) + voi(코끼리)	사전O
선배 단	con cá	물고기	con(자식, 아이) + cá(물고기, 생선)	사전O
선배 단	không biết	모르다	không(영(0); 아니다, ~) + biết(알다)	사전O
선배 단	cô bé	여자아이	cô(아가씨; (미혼 여성·) + bé(아기, 꼬마)	사전O
선배 단	chơi cờ	바둑을 두다	chơi(놀다) + cờ(깃발 / 장기(바둑류 )	사전O
선배 단	nói đùa	농담하다	nói(말하다) + đùa(농담하다)	사전O
선배 단	buồn chán	우울한,재미없는	buồn(슬픈) + chán(지루한, 싫증난)	사전O
선배 단	mùa thu	가을	mùa(계절, 철) + thu(가을)	사전O
선배 단	mùa xuân	봄	mùa(계절, 철) + xuân(봄)	사전O
선배 단	ngôi sao	별	ngôi(채, 동 (건물·시장 ) + sao(왜)	사전O
선배 단	mùa đông	겨울	mùa(계절, 철) + đông((사람이) 붐비는, 많)	사전O
선배 단	sôi nổi	명랑한	sôi(끓다) + nổi(물 위에 뜨다, 올라오)	사전O
선배 단	ngữ điệu	억양	ngữ(말, 언어 (ngữ p) + điệu(춤 / 동작)	사전O
선배 단	tiếng Lào	라오어	tiếng(언어, 소리) + Lào(라오스)	사전O
선배 단	buổi học	수업시간	buổi(때, 시간대) + học(배우다, 공부하다)	사전O
선배 단	nhìn lên	위로 보다	nhìn(보다, 바라보다) + lên(오르다, 타다; (동사)	사전O
선배 단	trả lời câu hỏi	질문에 대답하다	trả(돌려주다, 지불하다) + lời(말, 말씀; 이익) + câu(문장) + hỏi(묻다, 질문하다)	사전X
선배 단	thật là	매우	thật(정말, 진짜의) + là(~이다)	사전O
선배 단	tìm việc	취업하다, 일 찾다	tìm(찾다) + việc(일 (동명사화 표지))	사전O
선배 단	vào trong	안쪽으로 들어가다	vào(~안으로, ~에) + trong(~안에, ~중에)	사전O
선배 단	cao học	대학원	cao(높은, (가격이) 비싼) + học(배우다, 공부하다)	사전O
선배 단	gửi thư	편지를 보내다	gửi(보내다) + thư(편지)	사전O
선배 단	bán mở hàng	첫손님에게 팔아복을연다	bán(팔다) + mở(열다) + hàng(줄, 열; 가게; 상품)	사전O
선배 단	trà sữa	밀크티	trà(차 (마시는 차)) + sữa(우유)	사전O
선배 단	mọi nơi	어디에서나 / 모든 곳에서	mọi(모든) + nơi(장소, 곳)	사전O
선배 단	câu cá	낚시하다	câu(문장) + cá(물고기, 생선)	사전X
선배 단	giá sách	책장	giá(가격) + sách(책)	사전O
선배 단	hộp giấy ăn	곽휴지	hộp(상자, 갑 (종별사)) + giấy(종이) + ăn(먹다)	사전X
선배 단	thùng rác	쓰레기통	thùng(상자) + rác(쓰레기)	사전O
선배 단	tai nghe	이어폰	tai(귀) + nghe(듣다)	사전O
선배 단	nâng lên	들어올리다	nâng(올리다, 높이다) + lên(오르다, 타다; (동사)	사전O
선배 단	tất cả mọi	모든	tất(다, 모두) + cả(전부, 모두, ~도) + mọi(모든)	사전O
선배 단	làm theo	따라하다	làm(하다, 일하다) + theo(~에 따라, ~에 따르)	사전O
선배 단	về nhất	1등하다	về(돌아가다, 돌아오다; ) + nhất(가장, 제일)	사전O
선배 단	sắm sửa	장만하다, 준비하다	sắm(장만하다·사들이다) + sửa(수리하다, 고치다)	사전O
선배 단	học chăm chỉ	열심히 공부하다	học(배우다, 공부하다) + chăm(공부에 / 열중하다) + chỉ(가리키다)	사전O
선배 단	lười học	공부를 게을리하다	lười(게으르다) + học(배우다, 공부하다)	사전O
선배 단	lời khuyên của cô	선생님의 조언	lời(말, 말씀; 이익) + khuyên(충고하다, 권하다) + của(~의(소유)) + cô(아가씨; (미혼 여성·)	사전O
선배 단	trả lại	반품하다	trả(돌려주다, 지불하다) + lại(다시; 되돌아 (viế)	사전O
선배 단	đáng tiền	값어치가 있다	đáng(~할 만한) + tiền(돈)	사전O
선배 단	áo bơi	수영복	áo(옷, 상의) + bơi(수영하다)	사전O
선배 단	hình dạng	형태, 모양	hình(그림, 사진) + dạng(형태)	사전O
선배 단	tồi lắm	매우 나쁘다(형편없다)	tồi(나쁘다, 형편없다) + lắm(매우, 몹시)	사전O
선배 단	dịch bài báo	기사를 번역하다	dịch(통역하다, 번역하다) + bài(과, 단원) + báo(신문)	사전O
선배 단	dùng máy tính	컴퓨터를 하다	dùng(사용하다, 쓰다) + máy(기계, 기기(컴퓨터 등) + tính(성질, ~성; 계산하다)	사전O
선배 단	nhiều loại đàn	많은 종류의 악기(줄이 달린)	nhiều(많은) + loại(종류, 부류) + đàn(악기)	사전O
선배 단	dệt vải	직조하다	dệt(방직) + vải(천/직물)	사전O
선배 단	một ít	약간, / 조금, / 좀	một(하나(1)) + ít(적은)	사전O
선배 단	bóng bàn	탁구	bóng(공) + bàn(책상, 탁자; 논의하다)	사전O
선배 단	cháu gái	손녀/조카	cháu(손주, 조카; (어른께) + gái(여자, 딸(구어))	사전O
선배 단	nhà máy dệt	방직공장	nhà(집) + máy(기계, 기기(컴퓨터 등) + dệt(방직)	사전O
선배 단	đáng kể	상당한, 눈에 띄는	đáng(~할 만한) + kể(이야기하다, 들려주다)	사전O
선배 단	đóng cửa sổ	창문을 / 닫다	đóng(닫다; (역할을) 맡다) + cửa(문) + sổ(수첩, 공책)	사전O
선배 단	nhất định	반드시, 꼭, 틀림없이	nhất(가장, 제일) + định(~하려고 하다)	사전O
선배 단	bắt tay	악수하다	bắt(잡다, 체포하다) + tay(손)	사전O
선배 단	tái hiện	재현하다	tái(창백하다; 살짝 익힌) + hiện(현재, 지금; 나타나다)	사전O
선배 단	hình vẽ	그림, 삽화	hình(그림, 사진) + vẽ(그리다)	사전O
선배 단	ở lại	머무르다	ở(~에 있다, ~에서) + lại(다시; 되돌아 (viế)	사전O
선배 단	bánh gối	반고이/베개빵	bánh(빵, 과자) + gối(베개)	사전O
선배 단	viết chính tả	받아쓰기	viết(쓰다) + chính(바로(강조)) + tả(묘사하다)	사전X
선배 단	anh họ	사촌 형 / 사촌 오빠	anh(형/오빠; (남성을 부) + họ(그들)	사전O
선배 단	chị họ	사촌 누나 / 사촌 언니	chị(언니/누나; (여성을 ) + họ(그들)	사전X
선배 단	cháu nội	손주 (아들 쪽)	cháu(손주, 조카; (어른께) + nội(국내의)	사전O
선배 단	cháu ngoại	손주 (딸 쪽	cháu(손주, 조카; (어른께) + ngoại(국외의)	사전O
선배 단	ly hôn	이혼하다	ly(잔, 컵) + hôn(키스하다, 입맞추다)	사전O
선배 단	báo tin	소식을 알리다	báo(신문) + tin(A tin B : A가)	사전O
선배 단	lên xe	승차하다, / (차에) / 타다	lên(오르다, 타다; (동사) + xe(차, 탈것)	사전O
선배 단	trời nóng	무더운 / 날씨	trời(하늘, 날씨) + nóng(뜨겁다, 덥다)	사전O
선배 단	kể chuyện	이야기를 들려주다	kể(이야기하다, 들려주다) + chuyện(일, 이야기)	사전O
선배 단	đến thăm	방문하다	đến(도착하다, ~까지) + thăm(방문하다(사람을))	사전O
선배 단	tháng lương	첫 / 월급	tháng(월, 개월) + lương(월급, 급여)	사전O
선배 단	tiếp theo	다음	tiếp(계속하다) + theo(~에 따라, ~에 따르)	사전O
선배 단	nửa quả	(수박) 반개	nửa(절반) + quả(개 (과일을 세는 종별)	사전O
선배 단	ở kia	저기	ở(~에 있다, ~에서) + kia(저것, 저기(지시대명사)	사전O
선배 단	thứ gì	무엇이든, / 모든것들, / 닥치는대로, / 웬걸	thứ(종류, 가지) + gì(무엇, 뭐)	사전X
선배 단	về việc	~에 / 대한	về(돌아가다, 돌아오다; ) + việc(일 (동명사화 표지))	사전X
선배 단	em út	막내	em(동생; (손아랫사람을 ) + út(막내)	사전O
선배 단	dọn sạch	청소하다	dọn(정리하다,치우다) + sạch(깨끗한)	사전X
선배 단	bảo hành	보장하다	bảo((~하라고) 말하다, ) + hành(파, 양파)	사전O
선배 단	dưa chuột	오이	dưa(참외·수박류, 절임채소) + chuột(쥐)	사전O
선배 단	mặc cả	흥정하다	mặc(입다) + cả(전부, 모두, ~도)	사전O
선배 단	hàng trăm	수백	hàng(줄, 열; 가게; 상품) + trăm(백(100))	사전O
선배 단	rượu vào lời ra	마실수록 말을 많이 한다 (취중진담)	rượu(술) + vào(~안으로, ~에) + lời(말, 말씀; 이익) + ra(나가다, 나오다)	사전O
선배 단	phóng to lên	확대하다	phóng(쏘다, 발사하다 · () + to(큰) + lên(오르다, 타다; (동사)	사전O
선배 단	tóc bạc đi	머리가 희어지다	tóc(머리카락) + bạc(은; 돈; 바랜) + đi(가다)	사전O
선배 단	da trắng lên	피부가 하얘지다	da(피부, 가죽) + trắng(하얀) + lên(오르다, 타다; (동사)	사전O
선배 단	nhỏ lại	작아지다	nhỏ(작은) + lại(다시; 되돌아 (viế)	사전O
선배 단	cao lên	키가크다, 키가커지다	cao(높은, (가격이) 비싼) + lên(오르다, 타다; (동사)	사전O
선배 단	xanh lá cây	초록색	xanh(파란, 초록의) + lá(장 (잎 모양을 세는 ) + cây(나무; ~그루(식물 분)	사전O
선배 단	hộp bút	필통	hộp(상자, 갑 (종별사)) + bút(펜)	사전O
선배 단	sắp đi	막 출발하려하다	sắp(곧 ~하려 하다) + đi(가다)	사전O
선배 단	một lúc	일시적으로, 잠깐	một(하나(1)) + lúc(~시에, ~할 때)	사전O
선배 단	thật tuyệt	놀라운	thật(정말, 진짜의) + tuyệt(훌륭한, 최고의)	사전O
선배 단	năm học	학년	năm(다섯(5)) + học(배우다, 공부하다)	사전O
선배 단	như nhau	(서로) 똑같다	như(~처럼, ~같이; ~와) + nhau(서로)	사전O
선배 단	nữ tính	여성성, 여성적인	nữ(여자, 여성) + tính(성질, ~성; 계산하다)	사전O
선배 단	rộng lượng	도량이 넓은 관대한	rộng(넓다) + lượng(양, 분량)	사전O
선배 단	nhà nội	친가	nhà(집) + nội(국내의)	사전O
선배 단	nhà ngoại	외가	nhà(집) + ngoại(국외의)	사전O
선배 단	chiếc váy	치마	chiếc((물건을 세는 단위) ) + váy(치마, 원피스)	사전X
선배 단	đường một chiều	일방통행	đường(길, 도로) + một(하나(1)) + chiều(오후)	사전O
선배 단	đi tiếp	계속 가다	đi(가다) + tiếp(계속하다)	사전O
선배 단	từ đây	여기서부터	từ(단어) + đây(여기; 이 사람, 이것)	사전X
선배 단	rẽ tay trái	좌회전	rẽ(꺾어지다, 돌아가다) + tay(손) + trái(개 (과일을 세는 종별)	사전O
선배 단	rẽ tay phải	우회전	rẽ(꺾어지다, 돌아가다) + tay(손) + phải(옳다, 맞다)	사전O
선배 단	tiệm cắt tóc	미용실	tiệm(가게, 상점) + cắt(자르다) + tóc(머리카락)	사전O
선배 단	cửa hàng hoa	꽃집	cửa(문) + hàng(줄, 열; 가게; 상품) + hoa(꽃)	사전O
선배 단	nhà ga	기차역	nhà(집) + ga(기차역)	사전O
선배 단	tàu điện ngầm	지하철	tàu(배, 기차) + điện(전기, 전력) + ngầm(지하의, 은밀한)	사전O
선배 단	tàu điện trên cao	지상철	tàu(배, 기차) + điện(전기, 전력) + trên(위, ~위에) + cao(높은, (가격이) 비싼)	사전O
선배 단	xe cấp cứu	구급차	xe(차, 탈것) + cấp(급(수)) + cứu(구조하다)	사전O
선배 단	xe con	소형차	xe(차, 탈것) + con(자식, 아이)	사전O
선배 단	xe giường nằm	침대버스	xe(차, 탈것) + giường(침대) + nằm(눕다, (동물이) 엎드)	사전O
선배 단	bị hỏng	고장나다	bị(~당하다, ~되다(좋지) + hỏng(고장난)	사전O
선배 단	bơi qua	헤엄쳐 / 건너다	bơi(수영하다) + qua(건너다, 지나다)	사전O
선배 단	nhà hát lớn	대극장(오페라극장)	nhà(집) + hát(노래하다) + lớn(큰)	사전O
선배 단	trèo lên	기어오르다	trèo(기어오르다) + lên(오르다, 타다; (동사)	사전O
선배 단	chuyến bay	비행편	chuyến((여행·운행의) 편, ) + bay(날다)	사전O
선배 단	các đảo trên biển	바다 위에 있는 여러 섬들	các(여러, ~들(복수 표지) + đảo(섬) + trên(위, ~위에) + biển(바다)	사전O
선배 단	chạy lên gác	위층으로 뛰어 올라가다	chạy(뛰다, 달리다) + lên(오르다, 타다; (동사) + gác(계단)	사전O
선배 단	cúi đầu xuống	고개를 숙이다	cúi(숙이다) + đầu(머리; 처음, 맨 앞) + xuống(내려가다)	사전O
선배 단	nhắm mắt vào	눈을 감다	nhắm((눈을) 감다) + mắt(눈) + vào(~안으로, ~에)	사전O
선배 단	mở mắt ra	눈을 뜨다	mở(열다) + mắt(눈) + ra(나가다, 나오다)	사전O
선배 단	bật đèn lên	불을 켜다	bật(켜다) + đèn(전등, 불) + lên(오르다, 타다; (동사)	사전O
선배 단	tắt đèn đi	불을 끄다	tắt(끄다; 지름(길)의) + đèn(전등, 불) + đi(가다)	사전O
선배 단	bị cảm lạnh	감기에 걸리다	bị(~당하다, ~되다(좋지) + cảm(감기, 독감) + lạnh(춥다, 차갑다)	사전O
선배 단	rửa bát	설거지하다	rửa(씻다, 닦다) + bát(그릇)	사전O
선배 단	sang năm	내년	sang(~으로(전환하여)) + năm(다섯(5))	사전O
선배 단	cảm lạnh	감기 / 걸리다	cảm(감기, 독감) + lạnh(춥다, 차갑다)	사전O
선배 단	phóng nhanh	빨리 / 운전하다	phóng(쏘다, 발사하다 · () + nhanh(빠른)	사전O
선배 단	đi bằng tàu	배로가다	đi(가다) + bằng(~로, ~로써 (수단·) + tàu(배, 기차)	사전O
선배 단	khóa học	교육 과정, 코스	khóa(과정, 기간) + học(배우다, 공부하다)	사전O
선배 단	ngày tết	설날	ngày(날, 하루) + tết(설, 명절)	사전O
선배 단	giờ đúng	~시 정각	giờ(시, 시간) + đúng(맞다, 옳다)	사전O
선배 단	lúc vào	~에 / (시간)	lúc(~시에, ~할 때) + vào(~안으로, ~에)	사전X
선배 단	hè trước	지난 / 여름	hè(여름) + trước(앞, ~앞에, ~전에)	사전O
선배 단	tháng tới	다음 / 달	tháng(월, 개월) + tới(도착하다, 오다)	사전O
선배 단	lấy nhau	결혼하다	lấy(가지다, 집다, 가져오) + nhau(서로)	사전O
선배 단	làm việc nhà	집안일	làm(하다, 일하다) + việc(일 (동명사화 표지)) + nhà(집)	사전O
선배 단	cổ truyền	전통의	cổ(목) + truyền(전하다, 전파하다)	사전O
선배 단	âm lịch	음력	âm(음, 소리) + lịch(일정, 스케줄)	사전O
선배 단	gia nhập	가입하다	gia(집안(gia đình)) + nhập(수입하다, 들어가다)	사전O
선배 단	ra đời	태어나다·탄생하다	ra(나가다, 나오다) + đời(삶, 세대)	사전O
선배 단	câu lạc bộ	동아리	câu(문장) + lạc(땅콩) + bộ(벌, 세트(옷 등을 세)	사전O
선배 단	chuyến đi	여행	chuyến((여행·운행의) 편, ) + đi(가다)	사전O
선배 단	tờ lịch	달력 한 장	tờ(장 (종이·지폐를 세는) + lịch(일정, 스케줄)	사전O
선배 단	đàn bầu	베트남 전통악기	đàn(악기) + bầu(선출하다, 투표하다)	사전O
선배 단	tái hôn	재혼	tái(창백하다; 살짝 익힌) + hôn(키스하다, 입맞추다)	사전O
선배 단	no bụng	배부른	no(배부른) + bụng(배(신체 부위))	사전O
선배 단	giữa tháng	월 중순	giữa(가운데, ~사이에) + tháng(월, 개월)	사전O
선배 단	trận động đất	지진	trận((사건·재난의) 한 차) + động(동굴) + đất(땅, 흙)	사전O
선배 단	đặt chỗ	예약	đặt(놓다, 두다; 주문하다) + chỗ(곳, 장소)	사전X
선배 단	mùa mưa	우기	mùa(계절, 철) + mưa(비)	사전O
선배 단	mùa khô	건기	mùa(계절, 철) + khô(마른,건조한)	사전O
선배 단	ngày mười bốn	14일	ngày(날, 하루) + mười(열(10)) + bốn(넷(4))	사전X
선배 단	bốn tháng	4달, 4개월	bốn(넷(4)) + tháng(월, 개월)	사전O
선배 단	mấy tháng	몇 달, 몇 개월	mấy(몇) + tháng(월, 개월)	사전O
선배 단	tháng mấy	몇 월	tháng(월, 개월) + mấy(몇)	사전O
선배 단	động đất	지진	động(동굴) + đất(땅, 흙)	사전O
선배 단	dùng được	사용 가능	dùng(사용하다, 쓰다) + được(~하게 되다, ~할 수)	사전O
선배 단	trái đất	지구	trái(개 (과일을 세는 종별) + đất(땅, 흙)	사전O
선배 단	cuộc họp	회의	cuộc(회, 판 (대화·모임·) + họp(회의하다)	사전O
선배 단	độ ẩm	습도	độ(정도, 도) + ẩm(습기찬)	사전O
선배 단	sắp chuyển	곧 이사하다	sắp(곧 ~하려 하다) + chuyển(바꾸다, 전환하다)	사전O
선배 단	trời oi	무덥다, 후텁지근하다	trời(하늘, 날씨) + oi(덥고 / 습하다)	사전O
선배 단	sự thay đổi	변화	sự(~함, ~것 (동사·형) + thay(바꾸다, 대신하다) + đổi(바꾸다, 교환하다)	사전O
선배 단	mưa gió	비바람	mưa(비) + gió(바람)	사전O
선배 단	bắc bộ	북쪽 지역	bắc(북쪽) + bộ(벌, 세트(옷 등을 세)	사전O
선배 단	sắp tới	다가오는	sắp(곧 ~하려 하다) + tới(도착하다, 오다)	사전O
선배 단	áo mưa	우비	áo(옷, 상의) + mưa(비)	사전O
선배 단	lá vàng	낙엽	lá(장 (잎 모양을 세는 ) + vàng(노란색)	사전O
선배 단	mặt trời mọc	해돋이	mặt(얼굴; 표면) + trời(하늘, 날씨) + mọc(자라다, 나다)	사전O
선배 단	thay vì	대신	thay(바꾸다, 대신하다) + vì(왜냐하면, ~때문에)	사전O
선배 단	qua đêm	하룻밤 묵다	qua(건너다, 지나다) + đêm(밤)	사전O
선배 단	lịch trình	스케줄	lịch(일정, 스케줄) + trình(제시하다, / 제출하다)	사전O
선배 단	suốt tối	저녁 내내	suốt(내내, 줄곧) + tối(저녁, 밤)	사전O
선배 단	cho tới	~에 이르기까지	cho(~을 위해, ~에게; ) + tới(도착하다, 오다)	사전O
선배 단	trở về	되돌아오다	trở(돌아가다) + về(돌아가다, 돌아오다; )	사전O
선배 단	dù vậy	그래도	dù(우산) + vậy(그래서, 그러면(어조사)	사전O
선배 단	có cả	~까지도 있다	có(있다, 가지다; (긍정) + cả(전부, 모두, ~도)	사전O
선배 단	hết hạn	만료되다, 기한이 끝나다	hết(끝나다, 다 떨어지다) + hạn(기한·마감)	사전O
선배 단	cửa hàng miễn thuế	면세점	cửa(문) + hàng(줄, 열; 가게; 상품) + miễn(면제하다) + thuế(세금)	사전O
선배 단	kiểm tra người	신체검사(공항보안검색)	kiểm(검사하다(어근, kiể) + tra(찾아보다) + người(사람)	사전O
선배 단	phòng chờ	대합실, 대기실	phòng(방, 호실) + chờ(기다리다)	사전O
선배 단	xuống máy bay	비행기에서 / 내리다	xuống(내려가다) + máy(기계, 기기(컴퓨터 등) + bay(날다)	사전O
선배 단	nhà ở	주거, 집	nhà(집) + ở(~에 있다, ~에서)	사전O
선배 단	đèn pin	손전등	đèn(전등, 불) + pin(배터리, 건전지)	사전O
선배 단	bị muỗi đốt	모기에 물리다	bị(~당하다, ~되다(좋지) + muỗi(모기) + đốt((벌레가) 물다; 태우)	사전O
선배 단	tiêm phòng	예방접종하다	tiêm(주사를 놓다) + phòng(방, 호실)	사전O
선배 단	thị lực	시력	thị(시장/도시) + lực(체력)	사전O
선배 단	thuốc bổ	영양제	thuốc(약) + bổ(영양분이 많은)	사전O
선배 단	đi vắng	자리를 비우다	đi(가다) + vắng(한산한, 사람이 적은)	사전O
선배 단	nhầm số	번호를 잘못 누르다	nhầm(잘못, 실수로) + số(숫자)	사전O
선배 단	quầy đổi tiền	환전소	quầy(카운터, 창구) + đổi(바꾸다, 교환하다) + tiền(돈)	사전O
선배 단	tiền chẵn	큰 돈 (고액권)	tiền(돈) + chẵn(짝수)	사전O
선배 단	chỗ ở	집, 주택	chỗ(곳, 장소) + ở(~에 있다, ~에서)	사전O
선배 단	gia hạn	연장하다	gia(집안(gia đình)) + hạn(기한·마감)	사전O
선배 단	hàng không	항공사	hàng(줄, 열; 가게; 상품) + không(영(0); 아니다, ~)	사전O
선배 단	họ và tên	성과 이름	họ(그들) + và(그리고, ~와) + tên(이름)	사전O
선배 단	sinh ngày	생년월일	sinh(태어나다) + ngày(날, 하루)	사전O
선배 단	nơi sinh	출생지	nơi(장소, 곳) + sinh(태어나다)	사전O
선배 단	ít nhất	적어도	ít(적은) + nhất(가장, 제일)	사전O
선배 단	đâu cả	어디에도	đâu(어디) + cả(전부, 모두, ~도)	사전O
선배 단	còn lâu	더 오랫동안	còn(그런데, ~는(요)?) + lâu(오래)	사전O
선배 단	đáng ghét	얄미운	đáng(~할 만한) + ghét(싫어하다)	사전O
선배 단	biết ngay mà	그럼 그렇지	biết(알다) + ngay(바로, 즉시) + mà(~인데, ~지만 (관계)	사전O
선배 단	hôm nào	어떤 날	hôm(그날, 요전날 (hôm) + nào(어느, 어떤)	사전O
선배 단	lâu rồi mới lại	오랜만에	lâu(오래) + rồi(이미, 벌써 (완료);) + mới(새로운; 막, 방금 () + lại(다시; 되돌아 (viế)	사전O
선배 단	mì xào bò	소고기 볶음면	mì(국수) + xào(볶다) + bò(소, 소고기)	사전O
선배 단	dọn nhà	집 / 청소하다, / 이사하다	dọn(정리하다,치우다) + nhà(집)	사전O
선배 단	đan áo len	스웨터를 / 뜨개질하다	đan((실로) 짜다, 엮다) + áo(옷, 상의) + len(울, 양모)	사전O
선배 단	hiệu giặt là	세탁소	hiệu((전문적인 품목을 취급) + giặt(빨래하다, 세탁하다) + là(~이다)	사전O
선배 단	chuyến bay thẳng	직항편	chuyến((여행·운행의) 편, ) + bay(날다) + thẳng(곧다, 똑바르다)	사전X
선배 단	ảnh thẻ	증명사진	ảnh(사진) + thẻ(카드)	사전O
선배 단	hãng hàng không	항공사	hãng(브랜드) + hàng(줄, 열; 가게; 상품) + không(영(0); 아니다, ~)	사전O
선배 단	đang bận máy	통화 중이다	đang(~하고 있다(진행)) + bận(바쁜) + máy(기계, 기기(컴퓨터 등)	사전O
선배 단	nghỉ họp	회의에 불참하다	nghỉ(쉬다) + họp(회의하다)	사전O
선배 단	đến muộn	늦게 도착하다	đến(도착하다, ~까지) + muộn(늦은)	사전O
선배 단	căn phòng	방	căn((집·방을 세는 단위)) + phòng(방, 호실)	사전O
선배 단	nơi đỗ xe	주차장	nơi(장소, 곳) + đỗ(합격하다) + xe(차, 탈것)	사전O
선배 단	hoãn thi	시험을 연기하다	hoãn(연기하다) + thi(시험(을 보다))	사전O
선배 단	đi nhờ xe	차를 얻어 타다	đi(가다) + nhờ(~덕분에) + xe(차, 탈것)	사전O
선배 단	ngày một	점점	ngày(날, 하루) + một(하나(1))	사전O
선배 단	thành thị	도시의	thành(~으로(되다)) + thị(시장/도시)	사전O
선배 단	ký hiệu	상징	ký(킬로그램(kg)) + hiệu((전문적인 품목을 취급)	사전O
선배 단	độ lượng	관대한, 도량이 넓은	độ(정도, 도) + lượng(양, 분량)	사전O
선배 단	vừa phải	적당한	vừa(방금 ~하다; 알맞은) + phải(옳다, 맞다)	사전O
선배 단	chính hiệu	진품의, 정통의	chính(바로(강조)) + hiệu((전문적인 품목을 취급)	사전O
선배 단	rửa ảnh	사진을 인화하다	rửa(씻다, 닦다) + ảnh(사진)	사전O
선배 단	kỳ thi	시험	kỳ(이상한) + thi(시험(을 보다))	사전O
선배 단	ông trời	(베트남에서) 하늘에 있는 신	ông(할아버지; (연장자 남) + trời(하늘, 날씨)	사전O
선배 단	cho đến	~ 까지	cho(~을 위해, ~에게; ) + đến(도착하다, ~까지)	사전O
선배 단	đủ bài tập	숙제를 다 하다	đủ(충분하다) + bài(과, 단원) + tập(연습하다, 익히다)	사전O
선배 단	vật liệu	소재/재질	vật(물건, 사물) + liệu(과연 ~일까?)	사전O
선배 단	hấp dẫn	매력적인	hấp(찌다) + dẫn(이끌다, 데려가다)	사전O
선배 단	mỗi một	각각, 하나하나	mỗi(각, ~마다) + một(하나(1))	사전O
선배 단	chủ yếu	주요한	chủ(주인, 소유주) + yếu(약한)	사전O
선배 단	cùng một lúc	동시에	cùng(함께, 같이) + một(하나(1)) + lúc(~시에, ~할 때)	사전O
선배 단	uốn tóc	파마하다	uốn(구부리다, (머리를) ) + tóc(머리카락)	사전O
선배 단	hợp pháp	합법적인	hợp(어울리다) + pháp(프랑스)	사전O
선배 단	tỉnh táo	깨어있는, 정신이 맑은	tỉnh(성(행정구역), 지방) + táo(사과(나무))	사전O
선배 단	chính đáng	정당한, 타당한	chính(바로(강조)) + đáng(~할 만한)	사전O
선배 단	xin học	입학을 신청하다	xin((정중하게 부탁할 때)) + học(배우다, 공부하다)	사전O
선배 단	nhà riêng	개인주택	nhà(집) + riêng(따로의, 개인의, 전용)	사전X
선배 단	hợp đồng	계약	hợp(어울리다) + đồng(동(베트남 화폐 단위))	사전O
선배 단	không kể	~을 제외하고	không(영(0); 아니다, ~) + kể(이야기하다, 들려주다)	사전O
선배 단	tiền điện	전기요금	tiền(돈) + điện(전기, 전력)	사전O
선배 단	kể cả	~을 포함해서	kể(이야기하다, 들려주다) + cả(전부, 모두, ~도)	사전O
선배 단	tiền thuê nhà	월세, / 집세	tiền(돈) + thuê(빌리다, 임대하다) + nhà(집)	사전X
선배 단	gì cũng	뭐든지	gì(무엇, 뭐) + cũng(또한, ~도)	사전O
선배 단	tươi trẻ	풋풋하다	tươi(신선한) + trẻ(어린, 젊은)	사전O
선배 단	giờ tự học	자습 시간	giờ(시, 시간) + tự(스스로, 직접) + học(배우다, 공부하다)	사전O
선배 단	không tính	제외하다	không(영(0); 아니다, ~) + tính(성질, ~성; 계산하다)	사전O
선배 단	biển số xe	번호판	biển(바다) + số(숫자) + xe(차, 탈것)	사전O
선배 단	may sẵn	기성복	may(재봉) + sẵn(이미 마련된, 준비된 )	사전O
선배 단	chuyển quà	선물을 전달하다	chuyển(바꾸다, 전환하다) + quà(선물)	사전O
선배 단	ngủ say	깊이 잠들다	ngủ(자다) + say(취한)	사전O
선배 단	cây ăn quả	과일 / 나무	cây(나무; ~그루(식물 분) + ăn(먹다) + quả(개 (과일을 세는 종별)	사전O
선배 단	vườn cây ăn trái	과수원	vườn(정원) + cây(나무; ~그루(식물 분) + ăn(먹다) + trái(개 (과일을 세는 종별)	사전O
선배 단	phòng bếp	주방	phòng(방, 호실) + bếp(부엌, 주방)	사전O
선배 단	nhà cho thuê	세 놓는 집 / 임대 주택	nhà(집) + cho(~을 위해, ~에게; ) + thuê(빌리다, 임대하다)	사전O
선배 단	lên giá	가격이 / 오르다	lên(오르다, 타다; (동사) + giá(가격)	사전O
선배 단	giải pháp	해결책	giải(상; 풀다) + pháp(프랑스)	사전O
선배 단	học thuộc	암기	học(배우다, 공부하다) + thuộc(속하다, ~에 속한; )	사전O
선배 단	áo len	스웨터, 니트	áo(옷, 상의) + len(울, 양모)	사전O
선배 단	cơm bụi	값싼 밥, 서민식	cơm(밥) + bụi(먼지)	사전O
선배 단	đích thân	본인 스스로	đích(목적지, 목표) + thân(몸; 친한)	사전O
선배 단	ít ra	적어도	ít(적은) + ra(나가다, 나오다)	사전O
선배 단	trang sức	보석	trang(쪽, 페이지) + sức(힘/건강)	사전O
선배 단	thời hạn bảo hành	보증기간	thời(때, 시대) + hạn(기한·마감) + bảo((~하라고) 말하다, ) + hành(파, 양파)	사전O
선배 단	đường ngập nước	도로가 침수되다	đường(길, 도로) + ngập(잠기다, 침수되다, 가) + nước(나라; 물)	사전X
선배 단	rau bị hỏng	채소가 상하다	rau(채소) + bị(~당하다, ~되다(좋지) + hỏng(고장난)	사전O
선배 단	đúng hạn	기한	đúng(맞다, 옳다) + hạn(기한·마감)	사전O
선배 단	thị trường	시장	thị(시장/도시) + trường(학교)	사전O
선배 단	mỗi A một B	각각 / A는 / B이다	mỗi(각, ~마다) + A(아 (입을 크게)) + một(하나(1)) + B(ㅂ — 입술을 붙였다 )	사전X
선배 단	thu hút	유혹하다, 끌어들이다	thu(가을) + hút(빨다·흡입하다)	사전O
선배 단	thang cuốn	에스컬레이터	thang(사다리) + cuốn((책 등을 세는 단위))	사전O
선배 단	đổi tiền lẻ	잔돈으로 바꾸다	đổi(바꾸다, 교환하다) + tiền(돈) + lẻ((101처럼 자릿수가 )	사전O
선배 단	theo ý	~에 따라	theo(~에 따라, ~에 따르) + ý(뜻, 의미, 생각)	사전O
선배 단	học phí	학비	học(배우다, 공부하다) + phí(요금, 비용)	사전O
선배 단	trình độ	수준, 실력	trình(제시하다, / 제출하다) + độ(정도, 도)	사전O
선배 단	giao tiếp	의사소통하다	giao(인도하다, 넘겨주다) + tiếp(계속하다)	사전O
선배 단	thành phần chủ yếu	주요 성분, 주재료	thành(~으로(되다)) + phần(부분; 몫, 인분) + chủ(주인, 소유주) + yếu(약한)	사전O
선배 단	đúng là	정말로	đúng(맞다, 옳다) + là(~이다)	사전O
선배 단	gọi món	주문하다	gọi(부르다) + món(음식, 요리 (가짓수를)	사전O
선배 단	nước xương	육수, 뼈국물	nước(나라; 물) + xương(뼈)	사전O
선배 단	đón chào	환영하다	đón(마중하다, 맞이하다) + chào(인사하다; 안녕하세요()	사전O
선배 단	việc giảng dạy	가르치는 일(강의, 교습, 교육)	việc(일 (동명사화 표지)) + giảng(설명하다) + dạy(가르치다)	사전X
선배 단	tuy A nhưng B	비록 A일지라도 B하다	tuy(비록 ~이지만) + A(아 (입을 크게)) + nhưng(그러나, 하지만) + B(ㅂ — 입술을 붙였다 )	사전X
선배 단	yêu cầu chính đáng	정당한 요구	yêu(사랑하다) + cầu(다리) + chính(바로(강조)) + đáng(~할 만한)	사전X
선배 단	nâng cao hiệu quả	효과를 향상시키다(고양하다)	nâng(올리다, 높이다) + cao(높은, (가격이) 비싼) + hiệu((전문적인 품목을 취급) + quả(개 (과일을 세는 종별)	사전X
선배 단	gắn bó	정이 들다	gắn(붙이다, 결합하다 (g) + bó(다발, 묶음)	사전O
선배 단	cách nhìn	시각	cách(방법, 방식; 떨어져 ) + nhìn(보다, 바라보다)	사전O
선배 단	hương vị	맛	hương(향기) + vị(맛, 풍미)	사전O
선배 단	chả miếng	분짜 삼겹살	chả(~하지 않다) + miếng(조각)	사전O
선배 단	yêu mến	소중히 여기다	yêu(사랑하다) + mến(정들다, 좋아하다)	사전O
선배 단	túi tiền	예산	túi(봉지, 가방) + tiền(돈)	사전O
선배 단	gà nướng	구운 치킨	gà(닭) + nướng(굽다)	사전O
선배 단	lịch học	학사일정	lịch(일정, 스케줄) + học(배우다, 공부하다)	사전X
선배 단	nhận lời	동의하다/받아들이다	nhận(받다) + lời(말, 말씀; 이익)	사전O
선배 단	để ý	신경 쓰다	để(~하기 위해서) + ý(뜻, 의미, 생각)	사전O
선배 단	vứt rác	쓰레기를 버리다	vứt(버리다, 던지다) + rác(쓰레기)	사전O
선배 단	ăn xin	구걸하다	ăn(먹다) + xin((정중하게 부탁할 때))	사전O
선배 단	người ăn xin	거지	người(사람) + ăn(먹다) + xin((정중하게 부탁할 때))	사전O
선배 단	cởi mở	마음이 열린, 개방적인	cởi(벗다) + mở(열다)	사전O
선배 단	mến khách	환대하는	mến(정들다, 좋아하다) + khách(손님)	사전O
선배 단	chỉ cần	~하기만 하면 된다	chỉ(가리키다) + cần(필요하다)	사전O
선배 단	vừa khỏi ốm	막 병에서 낫다	vừa(방금 ~하다; 알맞은) + khỏi(낫다; ~할 필요 없다) + ốm(마르다, 여위다)	사전O
선배 단	vui đùa	장난치다, / 즐겁게 / 놀다	vui(기쁘다, 즐겁다) + đùa(농담하다)	사전O
선배 단	đền đáp	보답하다	đền(사당, 신전) + đáp(답하다)	사전O
선배 단	cũng tùy	~에 달렸다	cũng(또한, ~도) + tùy(따라 다르다)	사전O
선배 단	hợp với	적합한	hợp(어울리다) + với(~와 함께, ~에게)	사전O
선배 단	bí mật	비밀	bí(답답한, 막힌) + mật(꿀; 담즙; 비밀의)	사전O
선배 단	nâng ly	잔을 들다, 건배하다	nâng(올리다, 높이다) + ly(잔, 컵)	사전O
선배 단	thủng săm	튜브에 구멍이 나다	thủng(구멍나다) + săm((타이어 내부의) 튜브)	사전O
선배 단	giảm sốt	열을 내리다	giảm(줄이다, 줄어들다) + sốt(열(이 나다))	사전O
선배 단	đâu ra	어디서 (발생/출처)	đâu(어디) + ra(나가다, 나오다)	사전O
선배 단	sấy tóc	머리를 말리다	sấy(말리다(기계로)) + tóc(머리카락)	사전O
선배 단	cắt ngắn	짧게 자르다	cắt(자르다) + ngắn(짧은)	사전O
선배 단	thợ cắt tóc	미용사	thợ(장인·기술자) + cắt(자르다) + tóc(머리카락)	사전O
선배 단	hiệu cắt tóc	미용실	hiệu((전문적인 품목을 취급) + cắt(자르다) + tóc(머리카락)	사전O
선배 단	ổ cứng	하드디스크	ổ((바게트빵을 세는 단위) + cứng(단단한, 딱딱한)	사전O
선배 단	mặt tròn	둥근 얼굴	mặt(얼굴; 표면) + tròn(둥근)	사전O
선배 단	mặt vuông	네모난 얼굴	mặt(얼굴; 표면) + vuông(네모난)	사전O
선배 단	mặt dài	긴 얼굴	mặt(얼굴; 표면) + dài(길다)	사전O
선배 단	vợ sắp cưới	약혼녀	vợ(아내) + sắp(곧 ~하려 하다) + cưới(결혼하다)	사전O
선배 단	nhận ra	알아차리다	nhận(받다) + ra(나가다, 나오다)	사전O
선배 단	sự thật	사실,진실	sự(~함, ~것 (동사·형) + thật(정말, 진짜의)	사전O
선배 단	chữ ký	서명, 사인	chữ(글자) + ký(킬로그램(kg))	사전O
선배 단	bán chạy	잘 팔리다, 베스트셀러	bán(팔다) + chạy(뛰다, 달리다)	사전O
선배 단	biết ơn	감사히 / 느끼는	biết(알다) + ơn(은혜, 신세(cám ơ)	사전O
선배 단	dễ gần	다가가기 / 쉬운, / 친근한	dễ(쉬운) + gần(가깝다)	사전O
선배 단	may đo	맞춤 제작 의류	may(재봉) + đo(재다, 측정하다)	사전O
선배 단	kể từ khi	~한 이후로	kể(이야기하다, 들려주다) + từ(단어) + khi(~할 때)	사전O
선배 단	thất lạc	분실하다	thất(잃어버리다) + lạc(땅콩)	사전O
선배 단	hơi đậm	살짝 / 통통한	hơi(약간, 조금) + đậm(진한)	사전O
선배 단	nhỏ bé	작고 작은	nhỏ(작은) + bé(아기, 꼬마)	사전O
선배 단	sôi động	활기찬, 생동감 있는	sôi(끓다) + động(동굴)	사전O
선배 단	hình dáng	모양, 형체	hình(그림, 사진) + dáng(몸매, 자태)	사전O
선배 단	trở ngại	장애물, 난관	trở(돌아가다) + ngại(꺼리다, 부끄러워하다)	사전O
선배 단	cân nặng	몸무게	cân(킬로그램) + nặng(무겁다)	사전O
선배 단	phố chuyên	전문 거리	phố(거리, 번화가) + chuyên(전공하다, 전문으로 하)	사전O
선배 단	người tiêu dùng	소비자	người(사람) + tiêu(소비하다) + dùng(사용하다, 쓰다)	사전O
선배 단	giá thành	원가, 가격	giá(가격) + thành(~으로(되다))	사전O
선배 단	tiêu chuẩn	기준	tiêu(소비하다) + chuẩn(표준, 정확한)	사전O
선배 단	động cơ	동기	động(동굴) + cơ(기회)	사전O
선배 단	chân thành	진심으로	chân(다리, 발) + thành(~으로(되다))	사전O
선배 단	người đông	사람이 / 많다	người(사람) + đông((사람이) 붐비는, 많)	사전O
선배 단	tiện dịp	~한 김에	tiện(편리한) + dịp(시기, 때, 기회)	사전O
선배 단	đảo Khỉ	원숭이 / 섬	đảo(섬) + Khỉ(원숭이)	사전O
선배 단	lớp trẻ	차세대	lớp(교실, 반) + trẻ(어린, 젊은)	사전O
선배 단	chính sách	정책	chính(바로(강조)) + sách(책)	사전O
선배 단	cánh cửa	문	cánh(날개) + cửa(문)	사전O
선배 단	dạ dày	위	dạ(네(공손한 대답)) + dày(두껍다)	사전O
선배 단	bỏ qua	건너뛰다, 넘기다	bỏ(넣다, 버리다, 그만두) + qua(건너다, 지나다)	사전O
선배 단	cờ đỏ	위험 신호, 경고 신호	cờ(깃발 / 장기(바둑류 ) + đỏ(빨갛다)	사전O
선배 단	nhiều dầu mỡ	기름진, 기름기가 많은	nhiều(많은) + dầu(기름, 오일) + mỡ(기름, 지방)	사전O
선배 단	thay đầu	전구를 교체하다	thay(바꾸다, 대신하다) + đầu(머리; 처음, 맨 앞)	사전O
선배 단	thèm chân gà	닭발이 먹고 싶다	thèm(간절히 먹고 싶다) + chân(다리, 발) + gà(닭)	사전O
선배 단	bắt chuyện	말을 걸다 (대화 시작)	bắt(잡다, 체포하다) + chuyện(일, 이야기)	사전O
선배 단	nhận thấy	알아차리다, 인식하다	nhận(받다) + thấy(보다, 느끼다)	사전O
선배 단	ngứa mắt	꼴보기 싫다	ngứa(가려운) + mắt(눈)	사전O
선배 단	đá quý	보석	đá(돌; 얼음; (발로) ) + quý(귀한, 소중한)	사전O
선배 단	hiếu khách	환대적인	hiếu(효, / 좋아하다) + khách(손님)	사전O
선배 단	người già	노인	người(사람) + già(늙다, 나이 많다)	사전O
선배 단	xa lạ	낯선	xa(먼) + lạ(이상한)	사전O
선배 단	viện phó	부원장	viện(기관) + phó(부-,차장)	사전O
선배 단	nơi để xe	주차장/주차 공간	nơi(장소, 곳) + để(~하기 위해서) + xe(차, 탈것)	사전O
선배 단	đầu đĩa	디스크/DVD 플레이어	đầu(머리; 처음, 맨 앞) + đĩa(접시)	사전O
선배 단	bật quạt	선풍기를 켜다	bật(켜다) + quạt(선풍기, 부채)	사전O
선배 단	lạnh run	오한이 나는	lạnh(춥다, 차갑다) + run(떨림)	사전O
선배 단	mẫu đơn	신청서 양식	mẫu(견본, 본보기 (the) + đơn(신청서, 서류)	사전O
선배 단	tạm trú	일시 거주, 임시 체류	tạm(잠시, 임시의) + trú(머물다, 거주하다)	사전O
선배 단	viêm họng	목통증	viêm(염증) + họng(목구멍)	사전O
선배 단	hàng nghìn	수천	hàng(줄, 열; 가게; 상품) + nghìn(천(1000) (ngà)	사전O
선배 단	mở rộng	확장하다	mở(열다) + rộng(넓다)	사전O
선배 단	khu vườn	정원	khu(구역) + vườn(정원)	사전O
선배 단	thắp hương	향을 피우다	thắp((불을) 켜다) + hương(향기)	사전O
선배 단	sổ hồng	부동산 등기, 소유권 증서	sổ(수첩, 공책) + hồng(핑크색)	사전O
선배 단	hướng nhà	집 방향	hướng(방향) + nhà(집)	사전O
선배 단	hướng Nam	남향	hướng(방향) + Nam(남쪽)	사전O
선배 단	nội thất đầy đủ	풀옵션	nội(국내의) + thất(잃어버리다) + đầy(가득 차다, 가득한) + đủ(충분하다)	사전O
선배 단	nội thất cơ bản	기본 옵션	nội(국내의) + thất(잃어버리다) + cơ(기회) + bản(마을 (소수민족) / )	사전O
선배 단	kệ bếp	주방 선반	kệ(선반 / 내버려두다) + bếp(부엌, 주방)	사전O
선배 단	tủ bếp	주방 수납장	tủ(장, 캐비닛) + bếp(부엌, 주방)	사전O
선배 단	cây cảnh	관상용 식물	cây(나무; ~그루(식물 분) + cảnh(경치, 장면)	사전O
선배 단	đèn bàn	스탠드	đèn(전등, 불) + bàn(책상, 탁자; 논의하다)	사전O
선배 단	bình nóng lạnh	온수기	bình(보통) + nóng(뜨겁다, 덥다) + lạnh(춥다, 차갑다)	사전O
선배 단	xuống cấp	노후화되다	xuống(내려가다) + cấp(급(수))	사전O
선배 단	trang bị	장비를 갖추다	trang(쪽, 페이지) + bị(~당하다, ~되다(좋지)	사전O
선배 단	hiệu quả	효과적인	hiệu((전문적인 품목을 취급) + quả(개 (과일을 세는 종별)	사전O
선배 단	động viên	격려하다	động(동굴) + viên(알 (알약·사탕 등을 )	사전O
선배 단	dự thi	응시하다	dự(참석하다) + thi(시험(을 보다))	사전O
선배 단	đáng quý	소중하다	đáng(~할 만한) + quý(귀한, 소중한)	사전O
선배 단	truyện ngắn	단편소설	truyện(이야기, 소설) + ngắn(짧은)	사전O
선배 단	sự cách âm	방음	sự(~함, ~것 (동사·형) + cách(방법, 방식; 떨어져 ) + âm(음, 소리)	사전O
선배 단	thuyền máy	모터보트	thuyền(배, 선박) + máy(기계, 기기(컴퓨터 등)	사전O
선배 단	giải khát	갈증을 해소하다	giải(상; 풀다) + khát(목마르다)	사전O
선배 단	món mặn	메인 요리, 짠 음식	món(음식, 요리 (가짓수를) + mặn(짜다)	사전O
선배 단	không thì	그렇지 않으면	không(영(0); 아니다, ~) + thì(~하면 (조건의 뒤 절)	사전O
선배 단	khá lên	나아지다	khá(꽤, 제법) + lên(오르다, 타다; (동사)	사전O
선배 단	thăm hỏi	안부를 묻다	thăm(방문하다(사람을)) + hỏi(묻다, 질문하다)	사전O
선배 단	đỡ hơn	더 / 나아지다	đỡ((병이) 나아지다, 호) + hơn(더, ~보다, ~이상)	사전X
선배 단	đỡ rồi	이제 / 나아졌다	đỡ((병이) 나아지다, 호) + rồi(이미, 벌써 (완료);)	사전O
선배 단	thuê người	사람을 고용하다	thuê(빌리다, 임대하다) + người(사람)	사전O
선배 단	liên tiếp	연달아	liên(연속된) + tiếp(계속하다)	사전O
선배 단	sàn gỗ	마루, 나무 바닥	sàn(바닥) + gỗ(나무, 목재)	사전O
선배 단	thoáng mát	통풍이 잘되고 시원하다	thoáng(트인, 통풍이 잘 되는) + mát(시원하다)	사전O
선배 단	trách mắng	꾸짖다/비난하다	trách(탓하다, 나무라다) + mắng(혼내다, 꾸짖다)	사전O
선배 단	không may	불운한	không(영(0); 아니다, ~) + may(재봉)	사전O
선배 단	kiến trúc	건축	kiến(개미) + trúc(대나무)	사전O
선배 단	chịu khó	부지런하다	chịu(견디다, 참다) + khó(어려운)	사전O
선배 단	quần đùi	반바지	quần(바지) + đùi(허벅지)	사전O
선배 단	quần bò	청바지	quần(바지) + bò(소, 소고기)	사전O
선배 단	ba lô	배낭	ba(셋(3)) + lô(구획(lô đất))	사전O
선배 단	vòng cổ	목걸이	vòng(고리, 한 바퀴) + cổ(목)	사전O
선배 단	ăn mặc	옷을 입다 / 차려입다	ăn(먹다) + mặc(입다)	사전O
선배 단	nằm viện	입원하다	nằm(눕다, (동물이) 엎드) + viện(기관)	사전O
선배 단	ra viện	퇴원하다	ra(나가다, 나오다) + viện(기관)	사전O
선배 단	mấy hôm nay	요즘, / 최근	mấy(몇) + hôm(그날, 요전날 (hôm) + nay(지금, 오늘 (hôm )	사전X
선배 단	mấy hôm trước	며칠 / 전	mấy(몇) + hôm(그날, 요전날 (hôm) + trước(앞, ~앞에, ~전에)	사전O
선배 단	chuyện không may	불행한 일	chuyện(일, 이야기) + không(영(0); 아니다, ~) + may(재봉)	사전O
선배 단	áo may ô	러닝셔츠, 민소매	áo(옷, 상의) + may(재봉) + ô(칸, 셀)	사전O
선배 단	vòng tay	팔찌	vòng(고리, 한 바퀴) + tay(손)	사전O
선배 단	số đo	치수, 측정치	số(숫자) + đo(재다, 측정하다)	사전O
선배 단	vội vàng	서두르는, 급히	vội(급하다, 서두르다) + vàng(노란색)	사전O
선배 단	trình bày	발표하다, 설명하다	trình(제시하다, / 제출하다) + bày(진열하다, 펼쳐 놓다)	사전O
선배 단	người mẫu	모델	người(사람) + mẫu(견본, 본보기 (the)	사전O
선배 단	đô thị	도시	đô(수도, 도시) + thị(시장/도시)	사전O
선배 단	hàng nội	국산 제품	hàng(줄, 열; 가게; 상품) + nội(국내의)	사전O
선배 단	hàng ngoại	외국산 제품	hàng(줄, 열; 가게; 상품) + ngoại(국외의)	사전O
선배 단	thắng cảnh	명승지	thắng(이기다, 승리하다) + cảnh(경치, 장면)	사전O
선배 단	hành trình	일정	hành(파, 양파) + trình(제시하다, / 제출하다)	사전O
선배 단	bàn bạc	의견을 나누다, 상의하다	bàn(책상, 탁자; 논의하다) + bạc(은; 돈; 바랜)	사전O
선배 단	thời trang	패션, 시속	thời(때, 시대) + trang(쪽, 페이지)	사전O
선배 단	ngay cả	심지어 ~조차	ngay(바로, 즉시) + cả(전부, 모두, ~도)	사전O
선배 단	cao điểm	러시아워	cao(높은, (가격이) 비싼) + điểm(점수)	사전O
선배 단	hiểu nhầm	오해하다	hiểu(이해하다) + nhầm(잘못, 실수로)	사전O
선배 단	hình thành	형성하다	hình(그림, 사진) + thành(~으로(되다))	사전O
선배 단	ngoại thương	국제무역, 통상	ngoại(국외의) + thương(아끼다, 사랑하다)	사전O
선배 단	học kỳ	학기	học(배우다, 공부하다) + kỳ(이상한)	사전O
선배 단	thở ra	숨을 내쉬다	thở(숨쉬다, 호흡하다) + ra(나가다, 나오다)	사전O
선배 단	một ly	한 잔	một(하나(1)) + ly(잔, 컵)	사전O
선배 단	khá là	꽤	khá(꽤, 제법) + là(~이다)	사전O
선배 단	sính hàng ngoại	외국 제품을 선호하다	sính(~을 몹시 좋아하다, ) + hàng(줄, 열; 가게; 상품) + ngoại(국외의)	사전O
선배 단	được nhập	수입되다	được(~하게 되다, ~할 수) + nhập(수입하다, 들어가다)	사전O
선배 단	mét vuông	제곱미터 (m²)	mét(미터) + vuông(네모난)	사전O
선배 단	ngoại thành	교외, 외곽	ngoại(국외의) + thành(~으로(되다))	사전O
선배 단	chủ động	주도적이다	chủ(주인, 소유주) + động(동굴)	사전O
선배 단	động lực	동력, 원동력	động(동굴) + lực(체력)	사전O
선배 단	còn nhớ	아직 기억하다	còn(그런데, ~는(요)?) + nhớ(기억하다)	사전O
선배 단	thường là	보통은	thường(보통, 자주) + là(~이다)	사전O
선배 단	cho nhau	서로에게	cho(~을 위해, ~에게; ) + nhau(서로)	사전O
선배 단	chỉ dẫn	안내하다, 지도하다	chỉ(가리키다) + dẫn(이끌다, 데려가다)	사전O
선배 단	sửa lỗi	고치다, 수정하다	sửa(수리하다, 고치다) + lỗi(잘못, 실수)	사전O
선배 단	lẫn nhau	서로 간에	lẫn(섞이다; ~와 ~ 모두) + nhau(서로)	사전O
선배 단	đến chùa	절에 가다	đến(도착하다, ~까지) + chùa(절, 사찰)	사전O
선배 단	phố cổ	구 시가지	phố(거리, 번화가) + cổ(목)	사전O
선배 단	nội thành	시내, 도심	nội(국내의) + thành(~으로(되다))	사전O
선배 단	cũng như	~뿐만 아니라	cũng(또한, ~도) + như(~처럼, ~같이; ~와)	사전O
선배 단	trượt tuyết	스키	trượt(불합격하다) + tuyết(눈(날씨))	사전O
선배 단	chơi đẹp	정정당당하게 행동하다	chơi(놀다) + đẹp(예쁘다, 아름답다)	사전O
선배 단	nghiện rượu	알코올 중독	nghiện(중독되다) + rượu(술)	사전O
선배 단	ngoài giờ	시간 외 업무	ngoài(밖, ~밖에) + giờ(시, 시간)	사전O
선배 단	đi dạy thêm	과외하러 가다	đi(가다) + dạy(가르치다) + thêm(더하다, 추가하다; 더)	사전O
선배 단	mỏi rời	매우 지친	mỏi(뻐근하다, 피곤하다) + rời(떠나다, 분리되다)	사전O
선배 단	chơi gôn	골프치다	chơi(놀다) + gôn(골프)	사전O
선배 단	cùng chiều	같은 방향	cùng(함께, 같이) + chiều(오후)	사전O
선배 단	ngược chiều	반대 방향, 역방향	ngược(반대의) + chiều(오후)	사전O
선배 단	sân gôn	골프장	sân(운동장 / 장소) + gôn(골프)	사전O
선배 단	nhà bếp	주방, 부엌	nhà(집) + bếp(부엌, 주방)	사전O
선배 단	trốn học	수업을 빼먹다, 도망가다	trốn(도망치다, 피하다) + học(배우다, 공부하다)	사전O
선배 단	dẫn đường	길을 안내하다	dẫn(이끌다, 데려가다) + đường(길, 도로)	사전O
선배 단	quay đầu lại	유턴하다	quay(돌리다) + đầu(머리; 처음, 맨 앞) + lại(다시; 되돌아 (viế)	사전O
선배 단	đi ngược chiều	역주행하다	đi(가다) + ngược(반대의) + chiều(오후)	사전O
선배 단	một đoạn	한 구간	một(하나(1)) + đoạn(단락, 구간)	사전O
선배 단	lần sau	다음번에	lần(번, 회 (횟수)) + sau(뒤, ~뒤에, ~후에;)	사전O
선배 단	đi chậm	천천히 가다	đi(가다) + chậm(느린)	사전O
선배 단	cầu xin	요청하다	cầu(다리) + xin((정중하게 부탁할 때))	사전O
선배 단	khoa văn	문과	khoa(학과, 단과대학) + văn(문학)	사전X
선배 단	bị ngã xuống hồ	호수에 / 빠지게 / 되다	bị(~당하다, ~되다(좋지) + ngã(넘어지다) + xuống(내려가다) + hồ(호수)	사전O
선배 단	đưa thư cho	~에게 / 편지를 / 전달하다	đưa(건네주다, 주다) + thư(편지) + cho(~을 위해, ~에게; )	사전X
선배 단	không nào cả	전혀 / ~없다	không(영(0); 아니다, ~) + nào(어느, 어떤) + cả(전부, 모두, ~도)	사전X
선배 단	biển báo	표지판	biển(바다) + báo(신문)	사전O
선배 단	cùng chúng tôi	우리와 / 함께	cùng(함께, 같이) + chúng(그들, 그것들) + tôi(저, 나)	사전O
선배 단	không còn chỗ	더 / 이상 / 자리가(공간이) / 없어	không(영(0); 아니다, ~) + còn(그런데, ~는(요)?) + chỗ(곳, 장소)	사전O
선배 단	đèn đỏ	빨간불 (정지 신호)	đèn(전등, 불) + đỏ(빨갛다)	사전O
선배 단	lỗi chính tả	맞춤법 / 오류	lỗi(잘못, 실수) + chính(바로(강조)) + tả(묘사하다)	사전X
선배 단	giờ làm việc	근무시간	giờ(시, 시간) + làm(하다, 일하다) + việc(일 (동명사화 표지))	사전X
선배 단	thiên tai	천재지변, 재해	thiên(치우치다, 기울다) + tai(귀)	사전O
선배 단	đi vòng	우회하다	đi(가다) + vòng(고리, 한 바퀴)	사전X
선배 단	mất cắp	도둑맞다	mất((시간이) 걸리다) + cắp(끼다 / 훔치다)	사전O
선배 단	bộ mặt	얼굴 / 모습 / 체면	bộ(벌, 세트(옷 등을 세) + mặt(얼굴; 표면)	사전O
선배 단	tuyến đường	노선, 도로	tuyến(노선) + đường(길, 도로)	사전O
선배 단	quá tải	과부하	quá(너무, 지나치게) + tải(다운로드하다)	사전O
선배 단	bán lẻ	소매하다	bán(팔다) + lẻ((101처럼 자릿수가 )	사전O
선배 단	thư pháp	서예	thư(편지) + pháp(프랑스)	사전O
선배 단	chịu thôi	못하겠어!	chịu(견디다, 참다) + thôi(~뿐, 만)	사전O
선배 단	một điếu	한 개비	một(하나(1)) + điếu((담배) 대, 개비)	사전O
선배 단	lễ cưới	결혼식	lễ(명절, 기념일, 예식) + cưới(결혼하다)	사전O
선배 단	vượt đèn đỏ	신호를 위반하다	vượt(넘다) + đèn(전등, 불) + đỏ(빨갛다)	사전O
선배 단	mắc lỗi	실수를 하다	mắc(비싼(남부 방언)) + lỗi(잘못, 실수)	사전O
선배 단	bên nữa	또 한쪽, 추가로	bên(옆, 쪽) + nữa(더, 또)	사전O
선배 단	cố định	고정된	cố(노력하다 / 애쓰다) + định(~하려고 하다)	사전O
선배 단	xa xôi	멀리 떨어진	xa(먼) + xôi(찹쌀밥)	사전O
선배 단	lưu giữ	보존하다	lưu(저장하다, 보관하다) + giữ(가지고 있다, 보관하다)	사전O
선배 단	hồi đó	그때, 그 당시	hồi(~할 때, ~시절에) + đó(그것, 그곳(지시대명사)	사전O
선배 단	dời đô	수도를 옮기다, 천도하다	dời(옮기다, 이동하다) + đô(수도, 도시)	사전O
선배 단	quen thuộc	익숙해지다.	quen(익숙하다, (사람을) ) + thuộc(속하다, ~에 속한; )	사전O
선배 단	để lại	남기다	để(~하기 위해서) + lại(다시; 되돌아 (viế)	사전O
선배 단	khắp đất nước	전국에	khắp(가득 찬, 퍼진) + đất(땅, 흙) + nước(나라; 물)	사전O
선배 단	leo thang	에스컬레이트하다, 오르다	leo(오르다) + thang(사다리)	사전O
선배 단	say mê	매료되다, 열중하다	say(취한) + mê(매료되다)	사전O
선배 단	nâng cấp	업그레이드하다, 격상시키다	nâng(올리다, 높이다) + cấp(급(수))	사전O
선배 단	ngày đó	그 / 날	ngày(날, 하루) + đó(그것, 그곳(지시대명사)	사전O
선배 단	mừng tuổi	세뱃돈 주다	mừng(기쁜, 축하하다) + tuổi(나이)	사전O
선배 단	kim loại	금속	kim(바늘) + loại(종류, 부류)	사전O
선배 단	vùng cao	고지대, 산간 지방	vùng(지역, 지방) + cao(높은, (가격이) 비싼)	사전O
선배 단	kế toán cơ bản	기초 회계	kế(다음(kế tiếp)) + toán(수학) + cơ(기회) + bản(마을 (소수민족) / )	사전O
선배 단	văn học Anh	영문학	văn(문학) + học(배우다, 공부하다) + Anh(형/오빠; (남성을 부)	사전O
선배 단	thị xã	읍, 소도시	thị(시장/도시) + xã(마을, 읍, 사회)	사전O
선배 단	chuyên gia	전문가	chuyên(전공하다, 전문으로 하) + gia(집안(gia đình))	사전O
선배 단	bếp điện	전기레인지	bếp(부엌, 주방) + điện(전기, 전력)	사전O
선배 단	làm khách	손님으로 가다	làm(하다, 일하다) + khách(손님)	사전O
선배 단	khỏe nhất	가장 건강한	khỏe(건강하다, 잘 지내다) + nhất(가장, 제일)	사전O
선배 단	bí quyết	비결 / 비법	bí(답답한, 막힌) + quyết(결심하다, 결정하다)	사전O
선배 단	người trẻ	젊은이	người(사람) + trẻ(어린, 젊은)	사전O
선배 단	đồng đều	균등한	đồng(동(베트남 화폐 단위)) + đều(모두, 다)	사전O
선배 단	trung bình	평균의, 중간의	trung(쭝 (사람 이름)) + bình(보통)	사전O
선배 단	mẩu giấy	종이 조각	mẩu(조각, 토막; (대화의) + giấy(종이)	사전O
선배 단	người bản ngữ	원어민	người(사람) + bản(마을 (소수민족) / ) + ngữ(말, 언어 (ngữ p)	사전O
선배 단	nhà máy	공장	nhà(집) + máy(기계, 기기(컴퓨터 등)	사전O
선배 단	nguồn gốc	기원, 유래	nguồn(근원, 원천) + gốc(출신)	사전O
선배 단	nếu không thì	만약 / 하지 / 않으면	nếu(만약 ~라면) + không(영(0); 아니다, ~) + thì(~하면 (조건의 뒤 절)	사전O
선배 단	vừa lòng	만족스러운, 마음에 드는	vừa(방금 ~하다; 알맞은) + lòng(마음)	사전O
선배 단	do đó	그로 / 인해, / 그러므로	do(~때문에 / ~로 인해) + đó(그것, 그곳(지시대명사)	사전O
선배 단	trên đời	일생동안	trên(위, ~위에) + đời(삶, 세대)	사전X
선배 단	cổ tay	손목	cổ(목) + tay(손)	사전O
선배 단	cổ chân	발목	cổ(목) + chân(다리, 발)	사전O
선배 단	bàn chân	발	bàn(책상, 탁자; 논의하다) + chân(다리, 발)	사전O
선배 단	cầu nối	연결 고리, 가교	cầu(다리) + nối(잇다, 연결하다)	사전O
선배 단	chậm trễ	지체 / 지연	chậm(느린) + trễ(늦은(남부 방언))	사전O
선배 단	đời sống	생활	đời(삶, 세대) + sống(살다)	사전O
선배 단	tránh khỏi	피하다, 벗어나다	tránh(피하다) + khỏi(낫다; ~할 필요 없다)	사전X
선배 단	năm bảy	5~7가지의, 여럿·다수의	năm(다섯(5)) + bảy(일곱(7))	사전X
선배 단	phạm lỗi	실수하다, 잘못을 저지르다	phạm(범하다, 어기다) + lỗi(잘못, 실수)	사전O
선배 단	tạo ra	만들어내다, 창조하다	tạo(만들다, 조성하다) + ra(나가다, 나오다)	사전O
선배 단	tập quán	습관, / 관습	tập(연습하다, 익히다) + quán(가게, 작은 식당)	사전O
선배 단	vùng cấm	금지 구역	vùng(지역, 지방) + cấm(금지하다)	사전O
선배 단	bệnh viện tỉnh	도립 병원	bệnh(병, 아프다) + viện(기관) + tỉnh(성(행정구역), 지방)	사전O
선배 단	bệnh viện quận	군립 병원	bệnh(병, 아프다) + viện(기관) + quận(군, 구(행정 단위))	사전O
선배 단	bệnh viện chuyên khoa	전문 병원	bệnh(병, 아프다) + viện(기관) + chuyên(전공하다, 전문으로 하) + khoa(학과, 단과대학)	사전O
선배 단	bệnh viện Đông y	한방 병원	bệnh(병, 아프다) + viện(기관) + Đông((사람이) 붐비는, 많) + y(이 — i 와 같은 소)	사전O
선배 단	điều hành	운영하다 / 관리하다	điều(것, 사항) + hành(파, 양파)	사전O
선배 단	cổng trường	학교 정문	cổng(대문) + trường(학교)	사전O
선배 단	làm ăn	사업을 / 하다, / 생계를 / 꾸리다, / 생활비를 / 벌다	làm(하다, 일하다) + ăn(먹다)	사전O
선배 단	túi bụi	정신없이 / 바쁜, / 매우 / 분주한	túi(봉지, 가방) + bụi(먼지)	사전O
선배 단	bằng lòng	동의하다, 만족하다	bằng(~로, ~로써 (수단·) + lòng(마음)	사전O
선배 단	cầu kỳ	정교한,까다로운	cầu(다리) + kỳ(이상한)	사전O
선배 단	cơ động	기동성 / 있는	cơ(기회) + động(동굴)	사전O
선배 단	truyền thuyết	전설	truyền(전하다, 전파하다) + thuyết(이론)	사전O
선배 단	thành ra	그래서, 결국	thành(~으로(되다)) + ra(나가다, 나오다)	사전O
선배 단	gia tăng	증가하다	gia(집안(gia đình)) + tăng(오르다, 늘다)	사전O
선배 단	tiên đoán	예측하다	tiên(요정) + đoán(짐작하다, 맞히다)	사전O
선배 단	tiêu phí	낭비하다	tiêu(소비하다) + phí(요금, 비용)	사전O
선배 단	khẩn cấp	급한	khẩn(긴급한) + cấp(급(수))	사전O
선배 단	quyền hạn	권한, 권능	quyền(권리, 권한) + hạn(기한·마감)	사전O
선배 단	thu nhập	수입	thu(가을) + nhập(수입하다, 들어가다)	사전O
선배 단	hài kịch	희극 (코미디)	hài(코미디 / 우스운) + kịch(연극)	사전O
선배 단	cân nhắc	고려하다	cân(킬로그램) + nhắc(상기시키다, 떠올리게 )	사전O
선배 단	gói quà	선물 꾸러미	gói(싸다) + quà(선물)	사전O
선배 단	hàng tuần	매주	hàng(줄, 열; 가게; 상품) + tuần(주 (일주일))	사전O
선배 단	vắng người	한산하다	vắng(한산한, 사람이 적은) + người(사람)	사전O
선배 단	mọc lên	생겨나다	mọc(자라다, 나다) + lên(오르다, 타다; (동사)	사전O
선배 단	khắp nơi	곳곳에, 도처에	khắp(가득 찬, 퍼진) + nơi(장소, 곳)	사전O
선배 단	nghe lời	말을 잘 듣는다	nghe(듣다) + lời(말, 말씀; 이익)	사전O
선배 단	sốt ruột	초조하다	sốt(열(이 나다)) + ruột(장)	사전O
선배 단	bên trong	내부	bên(옆, 쪽) + trong(~안에, ~중에)	사전O
선배 단	vở kịch	연극	vở(공책) + kịch(연극)	사전O
선배 단	khen thưởng	포상하다	khen(칭찬하다) + thưởng(상, 보너스; 상을 주)	사전O
선배 단	coi là	~로 여기다	coi(여기다/간주하다) + là(~이다)	사전O
선배 단	đôi chút	조금, 약간	đôi(켤레, 쌍 (종별사)) + chút(조금, 약간)	사전X
선배 단	tiếp thị	마케팅	tiếp(계속하다) + thị(시장/도시)	사전O
선배 단	hai bên	양쪽	hai(둘(2)) + bên(옆, 쪽)	사전O
선배 단	ảnh hưởng	영향 / 영향을 주다	ảnh(사진) + hưởng(누리다 / 혜택받다)	사전O
선배 단	cầm quyền	통치하다, 정권을 잡다	cầm(잡다, 들다) + quyền(권리, 권한)	사전O
선배 단	thiên về	치우치다, 기울다	thiên(치우치다, 기울다) + về(돌아가다, 돌아오다; )	사전O
선배 단	bộ quần áo ngủ	잠옷 세트	bộ(벌, 세트(옷 등을 세) + quần(바지) + áo(옷, 상의) + ngủ(자다)	사전X
선배 단	bản sắc	정체성, 특색	bản(마을 (소수민족) / ) + sắc(sắc 성조(´); 날)	사전O
선배 단	dự đoán	예측하다	dự(참석하다) + đoán(짐작하다, 맞히다)	사전O
선배 단	sinh sống	거주하다	sinh(태어나다) + sống(살다)	사전O
선배 단	sáng tạo	창조하다, 창의적인	sáng(아침) + tạo(만들다, 조성하다)	사전O
선배 단	được sinh ra	태어나다	được(~하게 되다, ~할 수) + sinh(태어나다) + ra(나가다, 나오다)	사전O
선배 단	lời khuyên	조언	lời(말, 말씀; 이익) + khuyên(충고하다, 권하다)	사전O
선배 단	quyết đoán	결단력이 있다	quyết(결심하다, 결정하다) + đoán(짐작하다, 맞히다)	사전O
선배 단	cấp trên	상사	cấp(급(수)) + trên(위, ~위에)	사전O
선배 단	cấp dưới	부하, 아랫사람	cấp(급(수)) + dưới(아래, ~의 형태로)	사전X
선배 단	lớn mạnh	강성하다	lớn(큰) + mạnh(강한)	사전O
선배 단	dùng thử	시도해보다	dùng(사용하다, 쓰다) + thử(시도해 보다)	사전O
선배 단	đẹp mắt	매력적인, 눈길을 끄는	đẹp(예쁘다, 아름답다) + mắt(눈)	사전O
선배 단	tràn ngập	가득하다	tràn(넘치다, 범람하다) + ngập(잠기다, 침수되다, 가)	사전O
선배 단	ngữ văn Anh	영문학	ngữ(말, 언어 (ngữ p) + văn(문학) + Anh(형/오빠; (남성을 부)	사전O
선배 단	cho rằng	~라고 생각하다	cho(~을 위해, ~에게; ) + rằng(~라고 (생각·말의 내)	사전O
선배 단	dựa trên	~에 기반하여	dựa(의지하다, 근거하다) + trên(위, ~위에)	사전O
선배 단	dữ liệu	자료	dữ(사나운) + liệu(과연 ~일까?)	사전O
선배 단	tài chính	재정, 금융	tài(재능 있는, 재주) + chính(바로(강조))	사전O
선배 단	thanh bình	평화롭다	thanh(성조, 소리; 막대 모) + bình(보통)	사전O
선배 단	thử sức	도전	thử(시도해 보다) + sức(힘/건강)	사전O
선배 단	được mở rộng	확대되다	được(~하게 되다, ~할 수) + mở(열다) + rộng(넓다)	사전O
선배 단	bị thu hẹp	축소되다	bị(~당하다, ~되다(좋지) + thu(가을) + hẹp((폭, 범위가) 좁다)	사전X
선배 단	đắt đỏ	고가의	đắt(비싸다) + đỏ(빨갛다)	사전O
선배 단	nguồn lực	자원	nguồn(근원, 원천) + lực(체력)	사전O
선배 단	chỉ số	지수/인덱스	chỉ(가리키다) + số(숫자)	사전O
선배 단	văn bản	문서	văn(문학) + bản(마을 (소수민족) / )	사전O
선배 단	gián tiếp	간접의	gián(바퀴벌레) + tiếp(계속하다)	사전O
선배 단	song song	평행한	song(그러나/하지만) + song(그러나/하지만)	사전O
선배 단	quầy bán vé	매표소	quầy(카운터, 창구) + bán(팔다) + vé(표, 티켓)	사전O
선배 단	cảm nghĩ	감상, 소감	cảm(감기, 독감) + nghĩ(생각하다)	사전O
선배 단	màn hình	화면, 모니터	màn(화면, 커튼, 모기장) + hình(그림, 사진)	사전O
선배 단	đến nhau	서로 다가가다	đến(도착하다, ~까지) + nhau(서로)	사전O
선배 단	uốn cong	구부리다, 휘게 하다	uốn(구부리다, (머리를) ) + cong(구부러진, 휜)	사전O
선배 단	đi trễ	지각하다, / 늦게 / 가다	đi(가다) + trễ(늦은(남부 방언))	사전O
선배 단	tính cạnh tranh	경쟁력	tính(성질, ~성; 계산하다) + cạnh(옆) + tranh(그림)	사전O
선배 단	hợp nhất	합병하다, / 통합하다	hợp(어울리다) + nhất(가장, 제일)	사전O
선배 단	đi đò	배를 타다	đi(가다) + đò(나룻배)	사전O
선배 단	đâu đó	어딘가	đâu(어디) + đó(그것, 그곳(지시대명사)	사전O
선배 단	đổi lịch	일정을 변경하다	đổi(바꾸다, 교환하다) + lịch(일정, 스케줄)	사전O
선배 단	đồng cấp	동급, 같은 등급	đồng(동(베트남 화폐 단위)) + cấp(급(수))	사전X
선배 단	vượt qua	극복하다, 통과하다	vượt(넘다) + qua(건너다, 지나다)	사전O
선배 단	thư kí văn phòng	사무 비서	thư(편지) + kí(서명하다 / kg(킬로) + văn(문학) + phòng(방, 호실)	사전O
선배 단	tin học văn phòng	사무 정보 기술	tin(A tin B : A가) + học(배우다, 공부하다) + văn(문학) + phòng(방, 호실)	사전O
선배 단	đội bóng	축구팀	đội((모자 등을) 쓰다) + bóng(공)	사전O
선배 단	lập trình	프로그래밍	lập(세우다, 설립하다) + trình(제시하다, / 제출하다)	사전O
선배 단	xem kịch	연극 보기	xem(보다) + kịch(연극)	사전O
선배 단	leo núi	등산하다	leo(오르다) + núi(산)	사전O
선배 단	sơn lại	다시 칠하다	sơn(페인트, 칠하다) + lại(다시; 되돌아 (viế)	사전O
선배 단	đỡ buồn	덜 슬프다, 기분이 나아지다	đỡ((병이) 나아지다, 호) + buồn(슬픈)	사전O
선배 단	đỡ mệt	덜 힘들다, 덜 피곤하다	đỡ((병이) 나아지다, 호) + mệt(피곤하다)	사전O
선배 단	vai chính	주연	vai(역할; 어깨) + chính(바로(강조))	사전X
선배 단	chiếu phim	영화를 상영하다	chiếu(상영하다, / 비추다() + phim(영화)	사전O
선배 단	chỗ ngồi	좌석	chỗ(곳, 장소) + ngồi(앉다)	사전O
선배 단	cảm động	감동하다	cảm(감기, 독감) + động(동굴)	사전O
선배 단	đáng sợ	무시무시하다	đáng(~할 만한) + sợ(무서워하다, 두려워하다)	사전O
선배 단	bình yên	평온한 / 안녕한	bình(보통) + yên(고요하다, 조용하다; )	사전O
선배 단	khá hơn	더 나아지다, 개선되다	khá(꽤, 제법) + hơn(더, ~보다, ~이상)	사전O
선배 단	hút bụi	청소기를 돌리다	hút(빨다·흡입하다) + bụi(먼지)	사전O
선배 단	gấp quần áo	옷을 개다	gấp(접다) + quần(바지) + áo(옷, 상의)	사전O
선배 단	nằm dài	대자로 눕다	nằm(눕다, (동물이) 엎드) + dài(길다)	사전O
선배 단	nhận lương	월급을 받다	nhận(받다) + lương(월급, 급여)	사전O
선배 단	hành chính	행정	hành(파, 양파) + chính(바로(강조))	사전O
선배 단	nơi có thắng cảnh	명소	nơi(장소, 곳) + có(있다, 가지다; (긍정) + thắng(이기다, 승리하다) + cảnh(경치, 장면)	사전O
선배 단	đền chùa	사원, 절	đền(사당, 신전) + chùa(절, 사찰)	사전O
선배 단	tắm rửa	씻다	tắm(목욕하다, 물놀이하다) + rửa(씻다, 닦다)	사전O
선배 단	ngoại giao	외교	ngoại(국외의) + giao(인도하다, 넘겨주다)	사전O
선배 단	người gọi đến	전화 거는 사람	người(사람) + gọi(부르다) + đến(도착하다, ~까지)	사전O
선배 단	người nhận	전화 받는 사람	người(사람) + nhận(받다)	사전O
선배 단	ghi lại	기록하다	ghi(적다, 기록하다) + lại(다시; 되돌아 (viế)	사전O
선배 단	mức lương	급여, 월급	mức(수준, 정도) + lương(월급, 급여)	사전O
선배 단	trong vòng	(~시간) 동안	trong(~안에, ~중에) + vòng(고리, 한 바퀴)	사전O
선배 단	thay mặt	~을 대신하여(대표로서)	thay(바꾸다, 대신하다) + mặt(얼굴; 표면)	사전O
선배 단	điểm mạnh	강점	điểm(점수) + mạnh(강한)	사전O
선배 단	hoa mỹ	화려한	hoa(꽃) + mỹ(미국)	사전X
선배 단	tiếp thêm sức mạnh	힘을주다	tiếp(계속하다) + thêm(더하다, 추가하다; 더) + sức(힘/건강) + mạnh(강한)	사전O
선배 단	đơn xin việc	입사 지원서	đơn(신청서, 서류) + xin((정중하게 부탁할 때)) + việc(일 (동명사화 표지))	사전X
선배 단	người hướng nội	내향적인 사람	người(사람) + hướng(방향) + nội(국내의)	사전X
선배 단	người hướng ngoại	외향적인 사람	người(사람) + hướng(방향) + ngoại(국외의)	사전X
선배 단	cờ vua	체스	cờ(깃발 / 장기(바둑류 ) + vua(왕)	사전O
선배 단	nhảy cao	높이뛰기	nhảy(뛰다, 점프하다) + cao(높은, (가격이) 비싼)	사전O
선배 단	hiểu lầm	오해	hiểu(이해하다) + lầm(잘못 / 생각하다)	사전O
선배 단	định kiến	편견	định(~하려고 하다) + kiến(개미)	사전O
선배 단	thành lập	설립하다	thành(~으로(되다)) + lập(세우다, 설립하다)	사전O
선배 단	trong xanh	맑고 파랗다	trong(~안에, ~중에) + xanh(파란, 초록의)	사전O
선배 단	đón gió biển	바닷바람을 쐬다	đón(마중하다, 맞이하다) + gió(바람) + biển(바다)	사전O
선배 단	mặt trời lặn	해질녘	mặt(얼굴; 표면) + trời(하늘, 날씨) + lặn(잠수, 다이빙)	사전O
선배 단	mặt nước biển	해수면	mặt(얼굴; 표면) + nước(나라; 물) + biển(바다)	사전O
선배 단	nhỏ xinh	작고 예쁜, 아담한	nhỏ(작은) + xinh(예쁘다)	사전O
선배 단	cây nước nóng lạnh	정수기	cây(나무; ~그루(식물 분) + nước(나라; 물) + nóng(뜨겁다, 덥다) + lạnh(춥다, 차갑다)	사전X
선배 단	mất tiếng	소리가 안나다	mất((시간이) 걸리다) + tiếng(언어, 소리)	사전O
선배 단	mở đầu	시작하다	mở(열다) + đầu(머리; 처음, 맨 앞)	사전O
선배 단	cô lập	고립되다	cô(아가씨; (미혼 여성·) + lập(세우다, 설립하다)	사전O
선배 단	chuẩn mực	표준, 규범	chuẩn(표준, 정확한) + mực(오징어)	사전O
선배 단	đứng máy	기계가 / 멈추다, / 작동이 / 중단되다	đứng(서다; (đứng sa) + máy(기계, 기기(컴퓨터 등)	사전X
선배 단	kẹt giấy	종이/용지 걸림	kẹt(끼다, 막히다) + giấy(종이)	사전O
선배 단	hết mực	잉크(또는 / 토너)가 / 다 / 떨어지다	hết(끝나다, 다 떨어지다) + mực(오징어)	사전O
선배 단	mất điện	정전	mất((시간이) 걸리다) + điện(전기, 전력)	사전O
선배 단	mất màu	색이 바래다	mất((시간이) 걸리다) + màu(색)	사전X
선배 단	mất hình	블루스크린	mất((시간이) 걸리다) + hình(그림, 사진)	사전O
선배 단	bấm số	번호 입력	bấm(누르다, / 클릭하다) + số(숫자)	사전O
선배 단	lưu văn bản	문서를 / 저장하다	lưu(저장하다, 보관하다) + văn(문학) + bản(마을 (소수민족) / )	사전O
선배 단	mở máy	전원켜기	mở(열다) + máy(기계, 기기(컴퓨터 등)	사전O
선배 단	tắt máy	전원을 끄다	tắt(끄다; 지름(길)의) + máy(기계, 기기(컴퓨터 등)	사전O
선배 단	sự giúp	도움, 도움요청	sự(~함, ~것 (동사·형) + giúp(돕다)	사전X
선배 단	bộ nhớ	메모리, 기억장치	bộ(벌, 세트(옷 등을 세) + nhớ(기억하다)	사전O
선배 단	giá tiền	가격, 비용	giá(가격) + tiền(돈)	사전O
선배 단	cấm đi ngược chiều	역주행 금지	cấm(금지하다) + đi(가다) + ngược(반대의) + chiều(오후)	사전O
선배 단	bằng cách	~하는 / 방식으로	bằng(~로, ~로써 (수단·) + cách(방법, 방식; 떨어져 )	사전X
선배 단	chấm hỏi	물음표	chấm((양념에) 찍다) + hỏi(묻다, 질문하다)	사전O
선배 단	chấm than	느낌표	chấm((양념에) 찍다) + than(석탄, 숯; 불평하다)	사전X
선배 단	chấm phẩy	세미콜론	chấm((양념에) 찍다) + phẩy(쉼표)	사전O
선배 단	đi qua khỏi	지나가다	đi(가다) + qua(건너다, 지나다) + khỏi(낫다; ~할 필요 없다)	사전O
선배 단	xóa văn bản	문서를 / 삭제하다	xóa(삭제하다) + văn(문학) + bản(마을 (소수민족) / )	사전O
선배 단	không thấy ai cả	아무도 / 보이지 / 않는다	không(영(0); 아니다, ~) + thấy(보다, 느끼다) + ai(누구) + cả(전부, 모두, ~도)	사전X
선배 단	chuyển sang	바꾸다	chuyển(바꾸다, 전환하다) + sang(~으로(전환하여))	사전X
선배 단	giúp cho	도와주다	giúp(돕다) + cho(~을 위해, ~에게; )	사전O
선배 단	hết cỡ	한껏	hết(끝나다, 다 떨어지다) + cỡ(크기, 사이즈)	사전O
선배 단	thấy nóng	덥다고 / 느끼다	thấy(보다, 느끼다) + nóng(뜨겁다, 덥다)	사전X
선배 단	con chuột	쥐, / 마우스(컴퓨터)	con(자식, 아이) + chuột(쥐)	사전O
선배 단	máy in màu	컬러 / 프린터	máy(기계, 기기(컴퓨터 등) + in(인쇄하다) + màu(색)	사전O
선배 단	biển báo tròn	금지 표지판	biển(바다) + báo(신문) + tròn(둥근)	사전O
선배 단	biển báo hình vuông	안내 표지판	biển(바다) + báo(신문) + hình(그림, 사진) + vuông(네모난)	사전O
선배 단	cấm xe kéo	견인차 금지	cấm(금지하다) + xe(차, 탈것) + kéo(끌다, 당기다)	사전O
선배 단	cấm xe người kéo	인력 수레 금지	cấm(금지하다) + xe(차, 탈것) + người(사람) + kéo(끌다, 당기다)	사전O
선배 단	cấm người đi bộ	보행자 금지	cấm(금지하다) + người(사람) + đi(가다) + bộ(벌, 세트(옷 등을 세)	사전O
선배 단	cấm xe tải	화물차 금지	cấm(금지하다) + xe(차, 탈것) + tải(다운로드하다)	사전O
선배 단	cấm xe ô tô	자동차 금지	cấm(금지하다) + xe(차, 탈것) + ô(칸, 셀) + tô((쌀국수 등을 담는) )	사전O
선배 단	cấm xe đạp	자전거 금지	cấm(금지하다) + xe(차, 탈것) + đạp(밟다·페달을 밟다)	사전O
선배 단	cấm rẽ phải	우회전 금지	cấm(금지하다) + rẽ(꺾어지다, 돌아가다) + phải(옳다, 맞다)	사전O
선배 단	cấm rẽ trái	좌회전 금지	cấm(금지하다) + rẽ(꺾어지다, 돌아가다) + trái(개 (과일을 세는 종별)	사전O
선배 단	cấm quay đầu	유턴 금지	cấm(금지하다) + quay(돌리다) + đầu(머리; 처음, 맨 앞)	사전O
선배 단	biển báo dừng lại	정지	biển(바다) + báo(신문) + dừng(멈추다) + lại(다시; 되돌아 (viế)	사전O
선배 단	trạm dừng nghỉ	휴게소	trạm(정류장, 역, 소) + dừng(멈추다) + nghỉ(쉬다)	사전X
선배 단	trả chậm	외상	trả(돌려주다, 지불하다) + chậm(느린)	사전O
선배 단	thu thuế	세금을 걷다	thu(가을) + thuế(세금)	사전X
선배 단	giá thân thương	친구 가격	giá(가격) + thân(몸; 친한) + thương(아끼다, 사랑하다)	사전O
선배 단	chào hàng	호객행위	chào(인사하다; 안녕하세요() + hàng(줄, 열; 가게; 상품)	사전O
선배 단	kẹt tiền	돈이 궁한	kẹt(끼다, 막히다) + tiền(돈)	사전O
선배 단	quầy hướng dẫn	안내데스크	quầy(카운터, 창구) + hướng(방향) + dẫn(이끌다, 데려가다)	사전O
선배 단	máy chạy bộ	러닝머신	máy(기계, 기기(컴퓨터 등) + chạy(뛰다, 달리다) + bộ(벌, 세트(옷 등을 세)	사전O
선배 단	đáng nhớ	기억에 / 남을 / 가치가 / 있다	đáng(~할 만한) + nhớ(기억하다)	사전X
선배 단	không hẳn	딱히 / 하지 / 않다 / 형용사	không(영(0); 아니다, ~) + hẳn(분명히, 완전히)	사전X
선배 단	chính gốc	토박이	chính(바로(강조)) + gốc(출신)	사전O
선배 단	được chỉ định	(~에 / 의해) / 지정받다	được(~하게 되다, ~할 수) + chỉ(가리키다) + định(~하려고 하다)	사전X
선배 단	tuyệt cảnh	절경	tuyệt(훌륭한, 최고의) + cảnh(경치, 장면)	사전O
선배 단	bán đảo	반도	bán(팔다) + đảo(섬)	사전O
선배 단	quanh năm	일년 / 내내	quanh(주위에, 둘레에) + năm(다섯(5))	사전O
선배 단	máy giặt	세탁기	máy(기계, 기기(컴퓨터 등) + giặt(빨래하다, 세탁하다)	사전O
선배 단	bộ ly chén	컵과 / 그릇 / 세트	bộ(벌, 세트(옷 등을 세) + ly(잔, 컵) + chén(작은 그릇, 공기)	사전O
선배 단	nhận tiền mặt	현금을 / 받다	nhận(받다) + tiền(돈) + mặt(얼굴; 표면)	사전O
선배 단	chen nhau	붐비다	chen(밀치다, 끼어들다) + nhau(서로)	사전O
선배 단	mẫu hàng	견본 / 샘플	mẫu(견본, 본보기 (the) + hàng(줄, 열; 가게; 상품)	사전O
선배 단	máy in	인쇄기, / 프린터	máy(기계, 기기(컴퓨터 등) + in(인쇄하다)	사전O
선배 단	bộ quần áo	상하의 한 세트	bộ(벌, 세트(옷 등을 세) + quần(바지) + áo(옷, 상의)	사전O
선배 단	quà tặng	증정품	quà(선물) + tặng(선물하다, 주다)	사전O
선배 단	màu sắc	색상	màu(색) + sắc(sắc 성조(´); 날)	사전O
선배 단	từng vùng	각 지역, 지역마다	từng(~해 본 적이 있다 () + vùng(지역, 지방)	사전O
선배 단	chèo kéo	끈질기게 붙들다, 호객 행위 하다	chèo(노를 젓다) + kéo(끌다, 당기다)	사전O
선배 단	hình ảnh đọng lại	남아 있는 이미지, 잔상	hình(그림, 사진) + ảnh(사진) + đọng(고이다, 정체되다) + lại(다시; 되돌아 (viế)	사전O
선배 단	thất học	배우지 못한, 미취학의	thất(잃어버리다) + học(배우다, 공부하다)	사전O
선배 단	đông vui	북적이고 즐거운, 활기찬	đông((사람이) 붐비는, 많) + vui(기쁘다, 즐겁다)	사전O
선배 단	dẫn đến	일으키다	dẫn(이끌다, 데려가다) + đến(도착하다, ~까지)	사전O
선배 단	tốn nhiều tiền	돈이 / 많이 / 들다	tốn((비용이) 들다, 소모) + nhiều(많은) + tiền(돈)	사전O
선배 단	cả đêm	밤새도록	cả(전부, 모두, ~도) + đêm(밤)	사전O
선배 단	cầu tre	대나무 다리	cầu(다리) + tre(대나무)	사전O
선배 단	lỡ hẹn	약속을 놓치다, 약속을 못 지키다	lỡ(놓치다) + hẹn(약속(하다))	사전O
선배 단	ngã năm	오거리	ngã(넘어지다) + năm(다섯(5))	사전O
선배 단	hộp thư rác	스팸메일함 / hộp thư: 메일함, rác: 쓰레기	hộp(상자, 갑 (종별사)) + thư(편지) + rác(쓰레기)	사전O
선배 단	tắm biển	해수욕하다 / tắm: 목욕하다, biển: 바다	tắm(목욕하다, 물놀이하다) + biển(바다)	사전X
선배 단	bảo hành dài hạn	장기 보증 / dài hạn: 장기	bảo((~하라고) 말하다, ) + hành(파, 양파) + dài(길다) + hạn(기한·마감)	사전O
선배 단	cấp visa	비자를 / 발급하다	cấp(급(수)) + visa(비자)	사전O
선배 단	nội ô	도심 / 시내 중심부	nội(국내의) + ô(칸, 셀)	사전O
선배 단	nhà ống	폭이 좁고 긴 집	nhà(집) + ống(관, 튜브)	사전O
선배 단	đất liền	육지 / 본토 / 대륙	đất(땅, 흙) + liền(즉시, 바로)	사전O
선배 단	phải lòng	반하다 / 사랑에 빠지다	phải(옳다, 맞다) + lòng(마음)	사전O
선배 단	mạng lưới	네트워크	mạng(네트워크, 인터넷) + lưới(네트·그물)	사전O
선배 단	thiếu nước	물부족	thiếu(부족하다, 빠지다 (c) + nước(나라; 물)	사전O
선배 단	lá héo	잎이 시들다	lá(장 (잎 모양을 세는 ) + héo(시들다)	사전O
선배 단	cho đến nay	이제까지	cho(~을 위해, ~에게; ) + đến(도착하다, ~까지) + nay(지금, 오늘 (hôm )	사전O
선배 단	vào học	취학하다	vào(~안으로, ~에) + học(배우다, 공부하다)	사전O
선배 단	sinh động	생동감 넘치는	sinh(태어나다) + động(동굴)	사전O
선배 단	tiêu dùng	소비하다	tiêu(소비하다) + dùng(사용하다, 쓰다)	사전O
선배 단	nhìn chung	대체로	nhìn(보다, 바라보다) + chung(공통의, 함께)	사전O
선배 단	dầu gội đầu	샴푸	dầu(기름, 오일) + gội(머리를 감다) + đầu(머리; 처음, 맨 앞)	사전O
선배 단	sữa rửa mặt	세안제, / 클렌징폼	sữa(우유) + rửa(씻다, 닦다) + mặt(얼굴; 표면)	사전O
선배 단	mua số lượng lớn	대량 / 구매하다	mua(사다) + số(숫자) + lượng(양, 분량) + lớn(큰)	사전O
선배 단	nổi bật	눈에 / 띄다, / 두드러지다	nổi(물 위에 뜨다, 올라오) + bật(켜다)	사전O
선배 단	dự toán	예산안	dự(참석하다) + toán(수학)	사전O
선배 단	buổi họp cuối năm	연말회의	buổi(때, 시간대) + họp(회의하다) + cuối(끝, 마지막; 끝에) + năm(다섯(5))	사전X
선배 단	tăng gấp đôi	두배 / 오르다	tăng(오르다, 늘다) + gấp(접다) + đôi(켤레, 쌍 (종별사))	사전O
선배 단	giảm một nửa	절반 / 감소하다	giảm(줄이다, 줄어들다) + một(하나(1)) + nửa(절반)	사전O
선배 단	chở xăng dầu	휘발유, / 석유를 / 운송하다	chở(태워 주다) + xăng(휘발유, 기름) + dầu(기름, 오일)	사전X
선배 단	tiền thuê hàng tháng	월세	tiền(돈) + thuê(빌리다, 임대하다) + hàng(줄, 열; 가게; 상품) + tháng(월, 개월)	사전O
선배 단	có sẵn	(수중에) 가지고 있다	có(있다, 가지다; (긍정) + sẵn(이미 마련된, 준비된 )	사전O
선배 단	tặng kèm	서비스	tặng(선물하다, 주다) + kèm(곁들이다, 함께 붙이다)	사전O
선배 단	dành cho	~를 위해서, ~하기 위한	dành(남겨두다, 할애하다) + cho(~을 위해, ~에게; )	사전O
선배 단	tiền lời	이윤	tiền(돈) + lời(말, 말씀; 이익)	사전O
선배 단	chợ nổi	수상시장	chợ(시장) + nổi(물 위에 뜨다, 올라오)	사전O
선배 단	khác hẳn	완전히 / 다르다	khác(다르다, 다른) + hẳn(분명히, 완전히)	사전O
선배 단	lặn biển	스노쿨링, / 잠수하다	lặn(잠수, 다이빙) + biển(바다)	사전O
선배 단	số chẵn	짝수	số(숫자) + chẵn(짝수)	사전O
선배 단	số lẻ	홀수	số(숫자) + lẻ((101처럼 자릿수가 )	사전O
선배 단	bao la	광대한, / 거대한	bao(봉지, 가방, 케이스) + la(소리치다)	사전O
선배 단	thật ra thì	사실은	thật(정말, 진짜의) + ra(나가다, 나오다) + thì(~하면 (조건의 뒤 절)	사전X
선배 단	phí đỗ xe	주차 / 요금	phí(요금, 비용) + đỗ(합격하다) + xe(차, 탈것)	사전O
선배 단	hạn mức	한도	hạn(기한·마감) + mức(수준, 정도)	사전X
선배 단	bán dẫn	반도체	bán(팔다) + dẫn(이끌다, 데려가다)	사전O
선배 단	mắc nợ	빚지다	mắc(비싼(남부 방언)) + nợ(빚, / 빚을 / 지다)	사전O
선배 단	cạnh tranh	경쟁하다, 경쟁	cạnh(옆) + tranh(그림)	사전O
선배 단	chỉ tiêu	기준, 목표, 지표	chỉ(가리키다) + tiêu(소비하다)	사전O
선배 단	con số	숫자, 지수	con(자식, 아이) + số(숫자)	사전O
선배 단	giữ chân	유지하다, 붙잡다(인재 등을)	giữ(가지고 있다, 보관하다) + chân(다리, 발)	사전O
선배 단	phòng ban	과, 파트, 부서, 부처	phòng(방, 호실) + ban(부서)	사전O
선배 단	trước hết	우선, 먼저	trước(앞, ~앞에, ~전에) + hết(끝나다, 다 떨어지다)	사전O
선배 단	tầng lầu	(건물의) 층, 위층	tầng(층) + lầu(층, 위층 (남부 방언)	사전O
선배 단	thương lượng	협상하다	thương(아끼다, 사랑하다) + lượng(양, 분량)	사전O
선배 단	đời mới	신형의	đời(삶, 세대) + mới(새로운; 막, 방금 ()	사전O
선배 단	tiền hàng	상품값	tiền(돈) + hàng(줄, 열; 가게; 상품)	사전O
선배 단	gấp đôi	두 / 배	gấp(접다) + đôi(켤레, 쌍 (종별사))	사전O
선배 단	một nửa	절반	một(하나(1)) + nửa(절반)	사전O
선배 단	đóng thuế	세금을 / 내다	đóng(닫다; (역할을) 맡다) + thuế(세금)	사전O
선배 단	trốn thuế	탈세하다	trốn(도망치다, 피하다) + thuế(세금)	사전O
선배 단	độ phân giải cao	고해상도	độ(정도, 도) + phân(나누다, 분) + giải(상; 풀다) + cao(높은, (가격이) 비싼)	사전X
선배 단	độ bền	내구성	độ(정도, 도) + bền(튼튼한, 내구성 있는)	사전O
선배 단	thương hiệu nổi tiếng	유명 / 브랜드	thương(아끼다, 사랑하다) + hiệu((전문적인 품목을 취급) + nổi(물 위에 뜨다, 올라오) + tiếng(언어, 소리)	사전X
선배 단	kịp thời	제때에, 시기적절한	kịp(시간에 맞추다, 늦지 ) + thời(때, 시대)	사전O
선배 단	say xe	멀미	say(취한) + xe(차, 탈것)	사전O
선배 단	cảm sổ mũi	코감기	cảm(감기, 독감) + sổ(수첩, 공책) + mũi(코)	사전O
선배 단	nội thất	인테리어	nội(국내의) + thất(잃어버리다)	사전O
선배 단	tiền hoa hồng	수수료 / 커미션	tiền(돈) + hoa(꽃) + hồng(핑크색)	사전O
선배 단	làm việc từ xa	재택근무 / 원격근무	làm(하다, 일하다) + việc(일 (동명사화 표지)) + từ(단어) + xa(먼)	사전X
선배 단	vay tiền	돈을 빌리다	vay(( 돈을 ) 빌리다) + tiền(돈)	사전O
선배 단	mua đô la	달러를 사다	mua(사다) + đô(수도, 도시) + la(소리치다)	사전O
선배 단	ánh sáng	빛, / 광선	ánh(빛) + sáng(아침)	사전O
선배 단	phiếu giảm giá	할인쿠폰	phiếu(쿠폰, / 상품권, /) + giảm(줄이다, 줄어들다) + giá(가격)	사전X
선배 단	thứ tự	순서, 차례	thứ(종류, 가지) + tự(스스로, 직접)	사전O
선배 단	việc gấp	급한 일	việc(일 (동명사화 표지)) + gấp(접다)	사전O
선배 단	việc chạy xe	달리는 것	việc(일 (동명사화 표지)) + chạy(뛰다, 달리다) + xe(차, 탈것)	사전X
선배 단	việc dừng xe	멈추는 것	việc(일 (동명사화 표지)) + dừng(멈추다) + xe(차, 탈것)	사전O
선배 단	việc kiếm tiền	돈을 버는 것	việc(일 (동명사화 표지)) + kiếm((돈을) 벌다, 찾다) + tiền(돈)	사전O
선배 단	việc làm việc	일하는 것	việc(일 (동명사화 표지)) + làm(하다, 일하다) + việc(일 (동명사화 표지))	사전O
선배 단	bình an	평안한, 안전	bình(보통) + an(편안하다, 안전하다)	사전O
선배 단	một ngày nào đó	언젠가	một(하나(1)) + ngày(날, 하루) + nào(어느, 어떤) + đó(그것, 그곳(지시대명사)	사전X
선배 단	kiểu nói chuyện	화법	kiểu(방식, 스타일) + nói(말하다) + chuyện(일, 이야기)	사전O
선배 단	mời uống nước	음료를 권하다	mời(초대하다, 권하다) + uống(마시다) + nước(나라; 물)	사전O
선배 단	áo ấm	따뜻한 옷 (방한복)	áo(옷, 상의) + ấm(따뜻하다)	사전O
선배 단	ban nhạc	밴드 / 악단	ban(부서) + nhạc(음악)	사전O
선배 단	bánh dày	반야이 (베트남 떡)	bánh(빵, 과자) + dày(두껍다)	사전O
선배 단	bệnh sốt rét	말라리아 (학질)	bệnh(병, 아프다) + sốt(열(이 나다)) + rét(추운 (살을 에는 추위)	사전O
선배 단	bệnh tả	콜레라	bệnh(병, 아프다) + tả(묘사하다)	사전X
선배 단	bó hẹp	좁은 / 한정된	bó(다발, 묶음) + hẹp((폭, 범위가) 좁다)	사전O
선배 단	cam lòng	감수하다, 체념하다	cam(오렌지) + lòng(마음)	사전O
선배 단	chịu ơn	은혜를 입다	chịu(견디다, 참다) + ơn(은혜, 신세(cám ơ)	사전O
선배 단	chanh đá	아이스 레몬차	chanh(라임, 레몬) + đá(돌; 얼음; (발로) )	사전O
선배 단	chiều dài	길이	chiều(오후) + dài(길다)	사전O
선배 단	chuyển tải	전달하다, 운송하다	chuyển(바꾸다, 전환하다) + tải(다운로드하다)	사전O
선배 단	con đầu lòng	첫째 아이	con(자식, 아이) + đầu(머리; 처음, 맨 앞) + lòng(마음)	사전O
선배 단	cố đô	옛 수도	cố(노력하다 / 애쓰다) + đô(수도, 도시)	사전O
선배 단	cột đá	석주 (돌기둥)	cột(열, 칸) + đá(돌; 얼음; (발로) )	사전O
선배 단	cơ bản	기본의	cơ(기회) + bản(마을 (소수민족) / )	사전O
선배 단	cuộc thi	대회, 경기	cuộc(회, 판 (대화·모임·) + thi(시험(을 보다))	사전X
선배 단	cuốn hút	매혹시키다	cuốn((책 등을 세는 단위)) + hút(빨다·흡입하다)	사전O
선배 단	chính quyền	정권, 정부	chính(바로(강조)) + quyền(권리, 권한)	사전O
선배 단	cử chỉ	몸짓, 손짓, 거동	cử(선출하다, 임명하다) + chỉ(가리키다)	사전O
선배 단	đáng ra	마땅히, 원래는	đáng(~할 만한) + ra(나가다, 나오다)	사전O
선배 단	đáng thương	가련한, 불쌍한	đáng(~할 만한) + thương(아끼다, 사랑하다)	사전O
선배 단	điều tra	조사하다	điều(것, 사항) + tra(찾아보다)	사전O
선배 단	đỉnh núi	산봉우리	đỉnh(정상, 꼭대기) + núi(산)	사전O
선배 단	đón tiếp	영접하다, 맞이하다	đón(마중하다, 맞이하다) + tiếp(계속하다)	사전O
선배 단	đau khổ	고통스러운, 괴로움	đau(아프다) + khổ(힘들다, 고생하다, 괴)	사전O
선배 단	đau vai	어깨 통증	đau(아프다) + vai(역할; 어깨)	사전O
선배 단	đầu não	두뇌, 본부, 핵심	đầu(머리; 처음, 맨 앞) + não(뇌)	사전O
선배 단	để dành tiền	돈을 저축하다	để(~하기 위해서) + dành(남겨두다, 할애하다) + tiền(돈)	사전O
선배 단	để đời	불후의, 후세에 남길	để(~하기 위해서) + đời(삶, 세대)	사전O
선배 단	đi ngoài	배설하다 (설사하다)	đi(가다) + ngoài(밖, ~밖에)	사전O
선배 단	độ cao	높이, 고도	độ(정도, 도) + cao(높은, (가격이) 비싼)	사전O
선배 단	đồng bằng	평야, 델타	đồng(동(베트남 화폐 단위)) + bằng(~로, ~로써 (수단·)	사전O
선배 단	đúng hẹn	약속 시간을 지키는	đúng(맞다, 옳다) + hẹn(약속(하다))	사전O
선배 단	gần như	거의	gần(가깝다) + như(~처럼, ~같이; ~와)	사전O
선배 단	giải nhất	1등상	giải(상; 풀다) + nhất(가장, 제일)	사전O
선배 단	giảm bớt	줄이다, 경감하다	giảm(줄이다, 줄어들다) + bớt((값을) 깎다, 줄이다)	사전O
선배 단	giảm cân	살을 빼다	giảm(줄이다, 줄어들다) + cân(킬로그램)	사전O
선배 단	giàu có	부유한	giàu(부유한, 돈 많은) + có(있다, 가지다; (긍정)	사전O
선배 단	giấy mời	초대장	giấy(종이) + mời(초대하다, 권하다)	사전O
선배 단	hắt hơi	재채기하다	hắt(확 끼얹다, 뿌리다 () + hơi(약간, 조금)	사전O
선배 단	hiếm có	드문, 희귀한	hiếm(드문) + có(있다, 가지다; (긍정)	사전O
선배 단	hiệu may	양복점, 옷가게	hiệu((전문적인 품목을 취급) + may(재봉)	사전O
선배 단	khu rừng	숲 지역	khu(구역) + rừng(숲, 산림)	사전O
선배 단	kiếm lời	이익을 얻다	kiếm((돈을) 벌다, 찾다) + lời(말, 말씀; 이익)	사전X
선배 단	khéo tay	솜씨 좋은/교묘한	khéo(능숙한) + tay(손)	사전O
선배 단	khó thở	숨쉬기 힘든	khó(어려운) + thở(숨쉬다, 호흡하다)	사전O
선배 단	kim tự tháp	피라미드	kim(바늘) + tự(스스로, 직접) + tháp(탑)	사전O
선배 단	lạnh giá	매우 추운	lạnh(춥다, 차갑다) + giá(가격)	사전O
선배 단	mai một	잊혀지다, 소멸되다	mai(내일) + một(하나(1))	사전O
선배 단	mất sạch	전부 잃다	mất((시간이) 걸리다) + sạch(깨끗한)	사전O
선배 단	một phần	일부분	một(하나(1)) + phần(부분; 몫, 인분)	사전O
선배 단	nhà cao tầng	고층 건물	nhà(집) + cao(높은, (가격이) 비싼) + tầng(층)	사전X
선배 단	nhà vua	왕	nhà(집) + vua(왕)	사전X
선배 단	nhanh chóng	신속히	nhanh(빠른) + chóng(빨리, 신속하게)	사전O
선배 단	ngủ gật	꾸벅꾸벅 졸다	ngủ(자다) + gật(끄덕이다)	사전O
선배 단	nguồn lợi	이익의 원천, 혜택	nguồn(근원, 원천) + lợi(이익, 잇몸)	사전O
선배 단	nhập cuộc	참여하다, 끼어들다	nhập(수입하다, 들어가다) + cuộc(회, 판 (대화·모임·)	사전O
선배 단	nhịn ăn	금식하다, 굶다	nhịn(참다, 금하다) + ăn(먹다)	사전O
선배 단	nóng bức	무더운	nóng(뜨겁다, 덥다) + bức(폭, 장 (그림·사진을)	사전O
선배 단	nước lũ	홍수, 불어난 물	nước(나라; 물) + lũ(홍수)	사전X
선배 단	phòng cấp cứu	응급실	phòng(방, 호실) + cấp(급(수)) + cứu(구조하다)	사전O
선배 단	phân bổ	분포하다, 배분하다	phân(나누다, 분) + bổ(영양분이 많은)	사전O
선배 단	phân loại	분류하다	phân(나누다, 분) + loại(종류, 부류)	사전O
선배 단	quyền lợi	권리, 이익	quyền(권리, 권한) + lợi(이익, 잇몸)	사전O
선배 단	rời bỏ	떠나다, 포기하고 떠나다	rời(떠나다, 분리되다) + bỏ(넣다, 버리다, 그만두)	사전X
선배 단	run người	몸을 떨다	run(떨림) + người(사람)	사전O
선배 단	sai lầm	실수, 잘못된	sai(틀리다) + lầm(잘못 / 생각하다)	사전O
선배 단	sống động	생생한, 역동적인	sống(살다) + động(동굴)	사전O
선배 단	say nắng	일사병에 걸리다, (비유) 첫눈에 반하다	say(취한) + nắng(햇볕이 나다, 화창하다)	사전O
선배 단	say sóng	배멀미를 하다	say(취한) + sóng(파도)	사전O
선배 단	sức lực	힘, 체력	sức(힘/건강) + lực(체력)	사전O
선배 단	suốt đời	평생 동안	suốt(내내, 줄곧) + đời(삶, 세대)	사전O
선배 단	suốt năm	일 년 내내	suốt(내내, 줄곧) + năm(다섯(5))	사전O
선배 단	tăng lên	오르다, 증가하다	tăng(오르다, 늘다) + lên(오르다, 타다; (동사)	사전O
선배 단	tập luyện	연습하다, 훈련하다	tập(연습하다, 익히다) + luyện(연습하다)	사전O
선배 단	tiêu tiền	돈을 쓰다	tiêu(소비하다) + tiền(돈)	사전O
선배 단	tìm kiếm	찾다, 수색하다	tìm(찾다) + kiếm((돈을) 벌다, 찾다)	사전O
선배 단	tất bật	분주한, 몹시 바쁜	tất(다, 모두) + bật(켜다)	사전O
선배 단	thành đạt	성달하다, 성공하다	thành(~으로(되다)) + đạt(도달하다, 이루다)	사전O
선배 단	thân mến	친애하는, 정다운	thân(몸; 친한) + mến(정들다, 좋아하다)	사전O
선배 단	thuốc giảm sốt	해열제	thuốc(약) + giảm(줄이다, 줄어들다) + sốt(열(이 나다))	사전O
선배 단	thuyết trình	발표하다, 설명하다	thuyết(이론) + trình(제시하다, / 제출하다)	사전O
선배 단	vật cảnh	애완동물, 관상용 동물	vật(물건, 사물) + cảnh(경치, 장면)	사전X
선배 단	viên thuốc	알약	viên(알 (알약·사탕 등을 ) + thuốc(약)	사전O
선배 단	vở chèo	체오(베트남 전통극)	vở(공책) + chèo(노를 젓다)	사전O
선배 단	vừa vặn	(크기가) 딱 맞는	vừa(방금 ~하다; 알맞은) + vặn(비틀다, 돌리다)	사전O
선배 단	hẳn là	틀림없이, 분명히	hẳn(분명히, 완전히) + là(~이다)	사전O
선배 단	đáng yêu	사랑스러운	đáng(~할 만한) + yêu(사랑하다)	사전O
선배 단	rượu thuốc	약술, 약주	rượu(술) + thuốc(약)	사전O
선배 단	cách nghĩ	사고방식	cách(방법, 방식; 떨어져 ) + nghĩ(생각하다)	사전O
선배 단	điện ảnh	영화	điện(전기, 전력) + ảnh(사진)	사전O
선배 단	nhật ký	일기	nhật(일본) + ký(킬로그램(kg))	사전O
선배 단	màu đen	검은색	màu(색) + đen(검은)	사전O
선배 단	màu trắng	흰색	màu(색) + trắng(하얀)	사전O
선배 단	màu đỏ	빨간색	màu(색) + đỏ(빨갛다)	사전O
선배 단	màu vàng	노란색	màu(색) + vàng(노란색)	사전O
선배 단	màu xám	회색	màu(색) + xám(회색)	사전O
선배 단	màu tím	보라색	màu(색) + tím(보라색)	사전O
선배 단	màu xanh lá cây	초록색	màu(색) + xanh(파란, 초록의) + lá(장 (잎 모양을 세는 ) + cây(나무; ~그루(식물 분)	사전O
선배 단	màu xanh da trời	파란색	màu(색) + xanh(파란, 초록의) + da(피부, 가죽) + trời(하늘, 날씨)	사전O
선배 단	màu hồng	분홍색	màu(색) + hồng(핑크색)	사전O
선배 단	quán giải khát	음료수 전문점 (찻집)	quán(가게, 작은 식당) + giải(상; 풀다) + khát(목마르다)	사전O
선배 단	một vòng	여행, 관광	một(하나(1)) + vòng(고리, 한 바퀴)	사전O
선배 단	theo mình	내 의견으로는	theo(~에 따라, ~에 따르) + mình(자기 자신, 스스로 ()	사전O
22기 	ô tô	자동차	ô(칸, 셀) + tô((쌀국수 등을 담는) )	사전O
22기 	thịt gà	닭고기	thịt(고기) + gà(닭)	사전X
22기 	xong rồi	다 했다, 끝났다	xong(끝나다, 다 하다) + rồi(이미, 벌써 (완료);)	사전X
22기 	thịt lợn	돼지고기 (thịt heo)	thịt(고기) + lợn(돼지)	사전X
22기 	ổ điện	콘센트	ổ((바게트빵을 세는 단위) + điện(전기, 전력)	사전O
22기 	máy tính bảng	태블릿 PC	máy(기계, 기기(컴퓨터 등) + tính(성질, ~성; 계산하다) + bảng(칠판)	사전O
22기 	đôi đũa	젓가락 한 쌍	đôi(켤레, 쌍 (종별사)) + đũa(젓가락)	사전X
22기 	chanh leo	패션프루트	chanh(라임, 레몬) + leo(오르다)	사전O
22기 	sữa tươi	생우유	sữa(우유) + tươi(신선한)	사전O
22기 	rau mùi	고수(채소)	rau(채소) + mùi(냄새)	사전O
22기 	vịt quay	오리구이	vịt(오리) + quay(돌리다)	사전X
22기 	quên rồi	잊어버렸다	quên(잊다) + rồi(이미, 벌써 (완료);)	사전X
22기 	mì tôm	라면	mì(국수) + tôm(새우)	사전O
22기 	xanh da trời	하늘색	xanh(파란, 초록의) + da(피부, 가죽) + trời(하늘, 날씨)	사전O
22기 	cố lên	힘내	cố(노력하다 / 애쓰다) + lên(오르다, 타다; (동사)	사전O
22기 	đầu năm	연초	đầu(머리; 처음, 맨 앞) + năm(다섯(5))	사전X
22기 	ngủ dậy	잠에서 깨다	ngủ(자다) + dậy(일어나다)	사전X
22기 	bạn mới	새 친구	bạn(친구) + mới(새로운; 막, 방금 ()	사전X
22기 	kem tay	핸드크림	kem(아이스크림; 크림) + tay(손)	사전X
22기 	quán ăn gần	가까운 식당	quán(가게, 작은 식당) + ăn(먹다) + gần(가깝다)	사전X
22기 	chúc buổi trưa	좋은 점심 되세요	chúc(기원하다, 빌다) + buổi(때, 시간대) + trưa(정오, 낮)	사전X
22기 	con thỏ	토끼	con(자식, 아이) + thỏ(토끼)	사전X
22기 	con cá heo	돌고래	con(자식, 아이) + cá(물고기, 생선) + heo(돼지 (lợn))	사전X
22기 	ngu ngốc	멍청한	ngu(어리석다) + ngốc(멍청한)	사전O
