# n	i	표제어	결정	새 한국어	새 품사	근거
5	0	A Di Đà Phật	A	아미타불		보조 1차: 원문은 = A Di Đà뿐, 나무아미타불(인사·감탄) 덧붙음
146	0	Biển Đông	K	남중국해(베트남에서 부르는 이름)		클로드 판정(보조 1차 뜻: 한국어 동해는 다른 바다(동해)를 가리켜 오해 소지, 원문은 South China Sea)
331	0	Bồn Man	R			클로드: 지금 뜻이 맞음(보조 1차 뜻: 무앙푸안은 원문(잘린 뜻풀이)에 없음, 지어낸 것)
441	1	Chũ	A	쭈 읍 지역에서 재배하는 벼 품종에 속하는	형	보조 1차: 원문 of or pertaining to … 형용 뜻인데 고유로 되어 있음, 꼴도 형용사로
521	2	CĐ	A	전문대학	명	보조 1차: 원문 college는 명사 뜻인데 형으로 되어 있음
615	0	Di-gan	A	집시의, 롬족의		보조 1차: 형용사 칸에 명사 꼴(집시, 로마)이고 로마는 도시와 헷갈림
731	0	Giéc-man	A	(언어학) 게르만의		보조 1차: 형용사 칸에 명사 꼴
808	0	Hin-đi	A	힌디어	명	보조 1차: 원문 Hindi (language)는 언어 이름(명사)인데 형으로 되어 있음
871	1	Hy Hoàng	A	(중국 신화) 복희·황제 등 문명을 세운 신화 시대의(다른 꼴)		보조 1차: 형용사 칸에 명사 꼴(Hi Hoàng 형용사 뜻과 맞춤)
898	2	Hán	A	(예스러움) 응우옌 왕조 때(19세기) 베트남 사람이 스스로를 가리키던		보조 1차: 형용사 칸에 명사 꼴
918	0	Hán-Tạng	A	(언어학) 한장어의		보조 1차: 형용사 칸에 명사 꼴
927	0	Hê-brơ	A	히브리의		보조 1차: 형용사 칸에 명사 꼴
973	0	Hẹ	A	하카족(객가)의		보조 1차: 형용사 칸에 명사 꼴
1130	0	Latinh	A	라틴의		보조 1차: 형용사 칸에 명사 꼴
1221	0	Lêô	A	(가톨릭) 레오		보조 1차: 원문에 없는 교황명 덧붙임
1357	1	Mèo	A	고양잇과(생물 분류의 과)		보조 1차: 원문 family는 생물 분류 단계인데 가족으로 옮김
1431	0	Mực	K	검은 개에게 흔히 붙이는 이름		클로드 판정(보조 1차 뜻: 먹물이 라는 한국식 이름을 지어 붙임, 원문은 검은 개 이름)
1504	0	Nam Úc	A		고유	보조 1차: 지명 South Australia인데 명사 칸
1514	0	New York	A		고유	보조 1차: 지명 New York인데 명사 칸
1749	0	Phù Đổng Thiên Vương	A	부동천왕(베트남 신화 사불사 중 한 명, Thánh Gióng)		보조 1차: '타인종 장군'은 원문에 없는 풀이
1781	0	Piô	A	(가톨릭) 비오		보조 1차: 원문에 없는 교황명 덧붙임
1954	0	Sóc Thiên vương	A	삭천왕(베트남 신화 사불사 중 한 명, Thánh Gióng)		보조 1차: '타인종 장군'은 원문에 없는 풀이
1966	0	Sơn Tinh	A	산정(전설 속 산신, 탄비엔산의 신으로 모심)		보조 1차: 원문에 없는 '수정과 싸운' 풀이를 뺌
2112	1	Thành Sen	A	타인센(하띤성의 동)		보조 1차: ward(phường)는 다른 칸처럼 동으로 옮김, 방은 어색
2163	0	Thượng Đình	A	트엉딘(하노이 타인쑤언군의 동)		보조 1차: ward는 방이 아니라 동으로 옮김(다른 칸과 통일)
2187	0	Thổ Nhĩ Kỳ	A		고유	보조 1차: 제목은 형용사이나 gloss는 나라 이름 Turkey
2211	0	Thụy	A	투이(여자 이름, = Thuỵ)		보조 1차: 원문 = Thuỵ 에 없는 스위스·스웨덴 앞 글자 풀이를 뺌
2227	0	Tiều	A	차오저우(潮州)의		보조 1차: 형용사 칸에 '사람·말' 명사꼴을 씀, 원문은 형용사 Teochew
2593	0	XKLĐ	A	노동력을 수출하다 (다른 꼴)		보조 1차: 고유 gloss는 xuất khẩu lao động의 다른 꼴, 동사 칸에 명사꼴 ko
2700	0	a-ma-tơ	A	(구어) 아마추어의		보조 1차: 형 칸에 명사꼴 아마추어
2703	0	a-ma-tưa	A	아마추어의 (다른 꼴)		보조 1차: 형 칸에 명사꼴
2717	0	amatơ	A	아마추어의 (다른 꼴)		보조 1차: 형 칸에 명사꼴
2784	0	an-pha-bê	A	알파벳		보조 1차: 정의 문장을 그대로 옮김, 짧은 대응어 있음
2785	0	anh chị em	K	형제자매, (젊은) 남녀들		클로드 판정(보조 1차 뜻: 원문에 없는 뜻 여러분 덧붙음)
2866	1	ba phải	A		명	보조 1차: 원문 yes-man은 명사 뜻, 형 칸 아님
2913	0	bang giao	A	국교를 맺다, 외교 관계를 맺다		보조 1차: 동사 칸에 명사꼴 외교 관계
2914	0	bao bọc	A	감싸다, 둘러싸다		보조 1차: 원문에 없는 뜻 보호하다 덧붙음
2915	0	bao biếm	A	(옛) 포폄하다, 칭찬하고 비판하다		보조 1차: 동사 칸에 명사꼴 칭찬과 비판
2990	0	bia miệng	A	(사후에도 남는) 오명		보조 1차: 원문 posthumous(사후의) 빠짐
2995	0	binh biến	A	군사 반란을 일으키다		보조 1차: 동사 칸에 명사꼴, 병변은 뜻 오류
3012	0	binh vận	A	선전 공작을 하다		보조 1차: 원문에 없는 적군을 상대로 덧붙음
3027	0	biên chế	A	정원, 정규 인력		보조 1차: 원문에 없는 뜻 정규직 덧붙음
3255	0	bài bác	A	경멸하다, 배척하다		보조 1차: 원문 to despise(경멸하다)가 빠짐
3264	0	bài tập	R			클로드: 지금 뜻이 맞음(보조 1차 뜻: 원문 exercise 하나인데 숙제·운동 동작 덧붙음)
3379	0	bán phần	A	부분적인		보조 1차: 원문 partial 뿐인데 접두사 반(半)- 덧붙음
3543	0	bãi trường	A	방학		보조 1차: '종업'은 원문에 없음(school vacation)
3574	0	bét	A	꼴찌인, 가장 못한	형	보조 1차: gloss 'be the last/worst'는 상태 서술이라 부사 아님
3631	0	bình quân	A	평균의		보조 1차: 형 칸인데 명사 '평균' 꼴
3740	0	bóng tối	A	어둠		보조 1차: '그늘'은 원문(darkness)에 없음
3753	0	bóp cổ nhận nước	A	목 졸라 죽이다		보조 1차: '물에 처넣다·궁지로 몰아'는 원문에 없음
3762	0	bông gạo	A	케이폭나무		보조 1차: 목화나무는 다른 식물(kapok=케이폭)
3786	1	bù trừ	A		명	보조 1차: gloss 'clearing'은 명사 뜻, 한국어도 명사 꼴
3834	0	băn khoăn	A	불안한, 걱정스러운		보조 1차: '망설이다·고민하다'는 원문(worried; anxious; uneasy)에 없음
3853	0	băng huyết	A	(의학) 하혈하다, 자궁 출혈을 하다		보조 1차: 동사 칸에 명사 '자궁 출혈'이 붙음
3910	1	bạc hà	R			클로드: 지금 뜻이 맞음(보조 1차 ?: gloss가 'species'뿐이라 '토란대의 한 종류'를 확인할 수 없음)
3976	0	bản lĩnh	A	배짱, 기개		보조 1차: 뜻풀이 문장째(긴 설명)를 옮김
4021	0	bảo mật	A	기밀을 지키다, 기밀이다		보조 1차: '보안'이라는 명사 꼴이 동사 칸에 섞임
4106	0	bất nghĩa	A	의롭지 못한, 부도덕한		보조 1차: '배은망덕'은 원문(unrighteous; immoral; unjust)에 없음
4110	0	bất quá	A	(구어·문어) 정 안 되면, 이 지경에 이르면		보조 1차: '기껏해야'는 원문(if it has come to this)에 없음
4124	0	bất đắc kì tử	A	(죽는 것이) 갑자기, 뜻밖에		보조 1차: 부사 칸에 동사 꼴
4161	0	bẩm chất	A	타고난, 선천적인		보조 1차: 형 칸에 명사 '소질'이 붙음
4186	0	bậc trung	A		형	보조 1차: gloss 'midranking'은 형용 뜻이고 한국어도 형용 꼴
4186	1	bậc trung	A		형	보조 1차: gloss 'average'와 한국어가 형용 꼴인데 명 칸
4544	0	bộ lạc	A	부족		보조 1차: tribe에 마을 뜻 부락은 맞지 않음
4545	2	bộ môn	A	(대학) 학과		보조 1차: 원문 정의문을 짧은 대응어로
4569	0	bộ đội	A	군인(베트남군)		보조 1차: 원문에 없는 군대 뜻 덧붙음
4593	0	bột chiên	A	벗찌엔(베트남식 튀긴 떡 요리)		보조 1차: 원문에 없는 남부 덧붙임
4599	1	bộn	A	매우 많이	부	보조 1차: 원문 very much (부사 뜻), 품사 제목 어긋남
4608	0	bởi	A	(옛) ~에서, ~로부터	전	보조 1차: from은 전치사 뜻
4619	0	bờ bến	A	(문어) 물가, 해안		보조 1차: 원문 bank·shore·coast, 끝 뜻은 원문에 없음
4620	0	bời lời	R			클로드: 지금 뜻이 맞음(보조 1차 뜻: 원문에 속 이름 없음, 녹나무과는 근거 없음)
4670	3	bừa	A	경솔하게, 아무렇게나, 무모하게		보조 1차: 부사 칸인데 형용사 꼴
4780	0	cao lớn	K	키가 크고 몸집이 큰		클로드: 원문 tall; high — cao lớn 은 키·몸집이 큼
4783	0	cao hổ cốt	A	호골고(호랑이 뼈 보약)		보조 1차: tonic을 고약(연고)으로 옮김
4823	0	cao địa	A		명	보조 1차: 원문 upland; highland는 명사 뜻(품사 관용은 어긋남)
4825	2	chai	A	(피부) 굳은살	명	보조 1차: 원문 callus 명사 뜻, 품사 형은 어긋남
4845	0	chay	A	뽕나무과 나무의 한 종		보조 1차: 원문은 한 종(tonkinensis)이지 속이 아님
4854	0	chan hoà	A		부	보조 1차: 원문 Adverb, 뜻 harmoniously는 부사
4865	0	cheo	A	쥐사슴		보조 1차: 다른 칸 cheo cheo와 같은 낱말 쥐사슴으로, 애기사슴은 틀린 대응
4876	0	chen lấn	A	밀치다, 떠밀다		보조 1차: 원문에 없는 새치기 뜻 덧붙음
4891	1	chi chiết	A	(후에) 죄책감에 시달리는, 괴로운		보조 1차: 형용사 칸에 명사 꼴
4893	0	chi bằng	R			클로드: 지금 뜻이 맞음(보조 1차 ?: 원문 to say nothing of(~는 말할 것도 없이)와 ko 차라리 ~하는 편이 낫다가 달라 원문만으로 판단 불가)
4894	0	chi họ	R			클로드: 지금 뜻이 맞음(보조 1차 뜻: 원문 clan; tribe, 가문의 갈래는 원문에 없음)
4928	0	chim chích	A	개개비류		보조 1차: acrocephalid warbler는 개개비류, 휘파람새는 다른 새
4939	0	chim sâu	A	꽃새		보조 1차: flowerpecker는 꽃새, 동박새류는 다른 새
4969	0	chiu chíu	A	잇따라 쉭쉭 날아가다		보조 1차: 원문에 없는 총알 덧붙음
5028	0	chiếu bí	A	(체스·장기) 외통으로 몰다, 체크메이트하다		보조 1차: 동사 칸에 명사 꼴
5032	0	chiếu cố	A		동	보조 1차: 뜻은 동사(to care for)인데 품사 명
5032	1	chiếu cố	A		동	보조 1차: 뜻은 동사(to consider)인데 품사 명
5043	0	chiếu hết	A	(체스, 장기) 체크메이트를 부르다		보조 1차: 동사 칸에 명사 꼴
5059	0	chiền chiện	K	개개비사촌류(참새목 새)		클로드 판정(보조 1차 뜻: 원문에 종다리라는 근거 없음, 원문은 참새목 새)
5084	0	choét	A	(색이) 선명한, 강렬한(= choé)		보조 1차: = choé(색이 선명한)인데 야한은 다른 뜻
5122	0	chung thủy	R			클로드: 지금 뜻이 맞음(보조 1차 뜻: 다른 꼴인 chung thuỷ의 뜻과 맞춤, 한결같은은 다른 뜻)
5122	1	chung thủy	R			클로드: 지금 뜻이 맞음(보조 1차 뜻: 다른 꼴인 chung thuỷ의 뜻과 맞춤)
5123	0	chung khảo	A		명	보조 1차: final one(명사 뜻)인데 품사 형, 한국어도 명사 꼴
5161	0	chuyển hóa	A	전환하다, 변화시키다(= chuyển hoá)		보조 1차: = chuyển hoá의 뜻, 대사는 원문에 없음
5188	0	chuẩn tinh	A	(옛, 무기) 가늠쇠		보조 1차: foresight는 앞가늠쇠(가늠쇠), 가늠자는 뒤쪽 조준기
5215	0	chuối tiêu	K	쭈오이띠에우(재배 바나나의 한 종류)		클로드 판정(보조 1차 뜻: 원문에 캐번디시 계열이라는 말 없음)
5218	0	chuối ngự	A	쭈오이응으(하남 원산의 재배 바나나)		보조 1차: 원문에 임금 진상용이라는 말 없음
5273	0	chán chê	A		부	보조 1차: 뜻이 부사(prolongedly), 한국어도 부사 꼴
5273	1	chán chê	A		부	보조 1차: 뜻이 부사(ad nauseam), 한국어도 부사 꼴
5357	0	chè trôi nước	R			클로드: 지금 뜻이 맞음(보조 1차 뜻: 원문 a Vietnamese dessert뿐, 생강 시럽 찹쌀 경단은 원문에 없음)
5358	0	chè bà ba	R			클로드: 지금 뜻이 맞음(보조 1차 뜻: 원문 a southern Vietnamese dessert뿐, 재료 설명은 원문에 없음)
5365	0	chè bách niên hảo hợp	R			클로드: 지금 뜻이 맞음(보조 1차 뜻: 원문에 결혼식·백년해로 설명 없음)
5369	0	chão chuộc	K	개구리의 한 종류(몸집 큼, = chẫu chuộc)		클로드 판정(보조 1차 ?: 원문은 See chẫu chuộc뿐인데 ko는 청개구리로 구체화, 원문만으로 판단 불가)
5410	0	chê chán	A		부	보조 1차: 뜻이 부사(prolongedly), 한국어도 부사 꼴
5410	1	chê chán	A		부	보조 1차: 뜻이 부사(ad nauseam), 한국어도 부사 꼴
5439	0	chí thân	A	매우 가까운, 절친한		보조 1차: 지친은 지친(피곤한)과 헷갈려 학습자를 잘못 이끎
5506	1	chòng	A	래칫 렌치 (다른 꼴)		보조 1차: ratchet wrench를 죔쇠 렌치로 옮겨 어색
5520	0	chíp chíp	R			클로드: 지금 뜻이 맞음(보조 1차 ?: 원문 undulate venus(종)를 바지락으로 구체화, 원문만으로 판단 불가)
5522	0	chíu	A	휙 소리 내며 날다		보조 1차: 원문에 없는 총알 덧붙음
5622	0	chút	A	고손자(현손)		보조 1차: gloss 'great-great-grandchild'인데 '고손주의 자녀의 자녀'는 세대가 둘 더 내려가 틀림
5653	0	chăng là chẳng	A		구	보조 1차: gloss 'there was no one who didn't'는 절이라 명사가 아님
5653	1	chăng là chẳng	A		구	보조 1차: gloss 'none other than'은 구 표현이라 명사가 아님
5666	0	chơi hụi	A	계(契)		보조 1차: 명사 칸에 '계를 하다'(동사 꼴)가 덧붙음
5672	1	chưa	A	아직		보조 1차: 'yet'을 '이미; 벌써'(already)로 써 반대 뜻이 됨
5676	2	chương trình	A	(방송) 논픽션 방송 프로그램(퀴즈쇼·토크쇼·전화 참여쇼 등)		보조 1차: 'nonfiction'을 '비극 외'로 잘못 옮김
5708	0	chạo	A	짜오(다진 고기·해산물을 사탕수수 줄기에 꽂아 만든 꼬치 요리)		보조 1차: gloss에 새우라는 말이 없고 돼지 껍질·고기·해산물이라 함
5809	0	chẩm	A	후두의, 뒤통수의		보조 1차: 형용사 칸에 명사 '후두부(뒤통수)'를 씀(occipital은 형용사)
5952	1	chỉ thiên	K	엘레판토푸스속의 꽃(국화과)		클로드 판정(보조 1차 ?: gloss가 'flowers of the genus'로 잘려 있어 어떤 속인지 알 수 없고 ko '어떤 속의 꽃들'도 정보가 없음)
5970	1	chỉ định	A	지시, 표시		보조 1차: gloss 'indication; instruction'에 없는 '처방'이 덧붙음
5987	0	chị đại	A	(속어) 여자 두목		보조 1차: gloss 'a female gang leader'에 없는 '언니'가 덧붙음
6159	0	chủ nghĩa quốc gia	A	(옛) 민족주의, 특히 무산계급 국제주의나 공산주의와 대비되는 것		보조 1차: gloss 'nationalism'을 '국가주의'(statism)로 옮겨 뜻이 다름
6299	0	co ro	A	(몸이) 오들오들 떨다		보조 1차: gloss 'to shiver'인데 '웅크리다'(crouch)는 다른 뜻
6333	0	con giáp thứ 13	A	(속어, 낮잡아) 불륜 상대		보조 1차: gloss 'the other woman or man'인데 '내연녀'는 여성만 가리켜 좁힘
6390	0	cung cầu	A		명	보조 1차: gloss 'supply and demand'는 명사 뜻이고 한국어도 '수요와 공급' 명사 꼴
6413	0	cuốn chiếu viên	A	공 모양으로 말리는 노래기류		보조 1차: 공벌레(쥐며느리류 갑각류)와 혼동되는 '공벌레류 노래기'는 'pill millipede'와 다름
6442	0	cà chớn	A		형	보조 1차: gloss 'rude, sassy, insolent'는 형용사 뜻이고 한국어도 형용사 꼴
6503	0	càng cuốc	R			클로드: 지금 뜻이 맞음(보조 1차 ?: gloss가 '(species)'뿐이라 '구름무늬왕도마뱀'이 맞는지 원문으로 확인할 수 없음)
6504	0	càng đước	R			클로드: 지금 뜻이 맞음(보조 1차 ?: gloss가 '(species)'뿐이라 '노란머리사원거북'이 맞는지 원문으로 확인할 수 없음)
6520	0	cá chét	K	날가지숭어류(열대 바닷물고기)		클로드 판정(보조 1차 뜻: 'fourfinger threadfin'은 실꼬리돔(다른 과 물고기)과 다름)
6523	0	cá bông lau	A	상어메기류의 한 종류		보조 1차: 원문에 없는 '메콩' 뺌
6557	0	cá lìm kìm	R			클로드: 지금 뜻이 맞음(보조 1차 뜻: 원문에 없는 '학공치류·민물' 지어낸 것)
6578	0	cá rô đồng	A	아나바스(기어오르는 민물고기)		보조 1차: 한국어에 영어 음역('클라이밍 퍼치')·'논' 덧붙음
6580	0	cá ngão	R			클로드: 지금 뜻이 맞음(보조 1차 뜻: 원문은 '(species)'뿐, 강준치는 근거 없음)
6590	0	cá tai tượng	R			클로드: 지금 뜻이 맞음(보조 1차 뜻: 원문은 '(species)'뿐, 자이언트 구라미는 근거 없음)
6594	0	cá thính	R			클로드: 지금 뜻이 맞음(보조 1차 뜻: 원문에 없는 '볶은 쌀가루' 덧붙음)
6597	1	cá trắm	R			클로드: 지금 뜻이 맞음(보조 1차 뜻: black carp를 '청어'(herring)로 옮겨 틀림)
6673	0	cánh quạt	A	프로펠러		보조 1차: 원문에 없는 '선풍기 날개' 덧붙음
6674	1	cánh cam	R			클로드: 지금 뜻이 맞음(보조 1차 뜻: 원문은 'species'뿐, '풍뎅이'는 근거 없음)
6696	0	cát hung	A	길하거나 흉한		보조 1차: 형용사 칸에 명사 '길흉'
6737	0	câu cấu	R			클로드: 지금 뜻이 맞음(보조 1차 뜻: 원문은 '(species)'뿐, '초록바구미'는 근거 없음)
6774	0	còng	R			클로드: 지금 뜻이 맞음(보조 1차 뜻: 원문에 없는 '농게'(cáy와 혼동) 지어냄)
6787	0	có thể	R			클로드: 영어판 용례 'có thể làm/nghe/nói = can do/hear/say' — '~할 수 있다'가 원문 근거
6858	0	công kích	R			클로드: 지금 뜻이 맞음(보조 1차 뜻: 원문에 없는 '비난하다' 덧붙음)
6946	0	cõi vĩnh hằng	A	저승		보조 1차: 원문 'the world of the dead'에 없는 '영원한 세계' 덧붙음
6966	0	cùi bắp	A	옥수수 속대		보조 1차: cob을 줄기(옥수숫대)로 옮겨 틀림
6985	0	cú vọ	K	피그미올빼미류		클로드 판정(보조 1차 뜻: 피그미올빼미를 금눈쇠올빼미(다른 종)로 옮김)
7008	0	cúm núm	K	상자게류(칼라파속 게)		클로드 판정(보조 1차 뜻: 원문에 없는 '꽃게' 지어냄)
7206	1	cạp nong	K	띠무늬우산뱀(크레이트) (다른 꼴)		클로드 판정(보조 1차 뜻: '반다'는 없는 낱말(banded krait 잘못 옮김))
7207	1	cạp nia	K	말레이우산뱀(크레이트) (다른 꼴)		클로드 판정(보조 1차 뜻: '말레이반다'는 없는 낱말(Malayan krait 잘못 옮김))
7249	0	cải hoán	A		동	보조 1차: gloss 'to change; to alter'는 동사 뜻인데 명사로 표시, 한국어는 이미 동사형
7279	0	cảm tử	A	죽음을 무릅쓰다		보조 1차: 동사 gloss인데 형용사형 '결사적인'이 덧붙음
7397	0	cầu chui	K	굴다리(위로 철길·도로가 지나는 다리)		클로드 재판정: cầu chui = 밑으로 지나가는 다리(원문 viaduct·overpass) — 한국어 대응어는 '굴다리'. 앞서 '고가도로'로 바꾼 것은 잘못이라 되돌림
7402	0	cần thăng	R			클로드: 지금 뜻이 맞음(보조 1차 뜻: 원문은 'species'뿐, '깐탕·감귤류'는 근거 없음)
7443	0	cẩn thận	K	조심하는, 신중한, 꼼꼼한		클로드: 기초사전 꼼꼼하다(형용) 대역 cẩn thận
7527	0	cặp bồ	A	연애하다		보조 1차: 원문에 없는 '바람피우다' 덧붙음
7642	2	cộng	A	(자주 비하) 공산주의의 (다른 꼴)		보조 1차: 형용사 칸에 명사 꼴 '공산주의자'; cộng sản 형용사 뜻은 '공산주의의'
7719	0	cụng	A	부딪치다		보조 1차: gloss는 'to bump, to knock'뿐인데 '(잔을) 부딪치다'가 덧붙음
7727	0	cụng li	A		동	보조 1차: gloss가 'to clink glasses'(동사 뜻)인데 품사가 명
7738	0	củ từ	A	작은 참마(마의 한 종)		보조 1차: '다이코 마'는 근거 없는 말, lesser yam 에 맞게 고침
7776	0	cứu hoả	A	소방		보조 1차: 명사 칸에 동사 뜻 '불을 끄다'가 덧붙음
7777	0	cứu quốc	A	나라를 구하다		보조 1차: 동사 칸에 명사 '구국'이 덧붙음
7806	0	cửi	A	(합성어) 베를 짜다		보조 1차: 동사 gloss인데 명사꼴 '베 짜기'
7842	0	da liễu	A	피부성병의		보조 1차: venereological 은 성병이지 비뇨기가 아님
7973	0	diễn tập	A	훈련하다, 연습하다	동	보조 1차: 품사 제목은 Noun이나 gloss가 'to exercise or to drill'(동사 뜻)
8028	0	du hành	A	여행하다		보조 1차: 원문 'to travel'에 없는 '항해하다'가 덧붙음
8067	0	dzô dziên	R			클로드: 지금 뜻이 맞음(보조 1차 ?: gloss가 깨져('= from=southern Vietnam') 근거 없음; ko '눈치 없는(vô duyên)'을 원문으로 확인할 수 없음)
8176	1	dã	A		형	보조 1차: gloss 'wild, savage, rustic'은 형용사 뜻인데 품사가 명
8177	1	dã man	A	(역사) 야만적인		보조 1차: 형용사 칸에 명사꼴 '야만인'
8231	0	dóc	A	(합성어) 거짓말하다		보조 1차: 동사 gloss 'to lie'인데 명사꼴 '거짓말'
8241	0	dôi	A		형	보조 1차: gloss 'superfluous; residual; excessive'는 형용사 뜻인데 품사가 명
8262	0	dăm	A		수	보조 1차: gloss 'some five; about five; a few'는 수량 표현인데 품사가 명
8303	0	dưa lê	R			클로드: 지금 뜻이 맞음(보조 1차 뜻: 원문 'honeydew melon'에 없는 '참외'가 덧붙음)
8305	0	dưa gang	R			클로드: 지금 뜻이 맞음(보조 1차 ?: gloss는 '오이의 한 종류(species)'인데 ko는 '월과(참외류)'라 서로 엇갈림; 원문만으로 확정 불가)
8307	1	dưa muối	A		형	보조 1차: gloss 'poor man's, meager'는 형용사 뜻인데 품사가 명
8321	0	dương tính	A	(의학) 양성의		보조 1차: 형용사 칸에 명사꼴 '양성'
8328	0	dưỡng lão	A	노인을 봉양하다		보조 1차: 동사 gloss인데 명사 '양로'가 덧붙음
8547	0	dịch thuật	A	번역하다		보조 1차: 원문 'to translate'에 없는 '통역하다'가 덧붙음
8565	1	dọc	A		형	보조 1차: gloss 'vertical'은 형용사 뜻인데 품사가 부
8573	0	dọc mùng	R			클로드: 지금 뜻이 맞음(보조 1차 ?: gloss는 'species'뿐인데 ko '대만토란 줄기(국거리 채소)'는 원문으로 확인 불가)
8593	0	dồng dộc	R			클로드: 지금 뜻이 맞음(보조 1차 ?: gloss는 'certain birds of the genus'뿐인데 ko '베짜는새'는 원문으로 확인 불가)
8683	0	dựng chuyện	A		동	보조 1차: gloss가 'to create a story'로 동사 뜻인데 품사가 형
8683	1	dựng chuyện	A		동	보조 1차: gloss가 'to make up something untrue'로 동사 뜻인데 품사가 형
8773	3	ghi	A	회색의, 잿빛의		보조 1차: 형용사 칸에 명사 설명('색, 회색')을 씀. gloss는 grey
8815	3	ghẻ	A	(구어) 질 낮은, 싸구려의, 형편없는		보조 1차: 형용사 칸에 명사('똥, 쓰레기')를 섞음. gloss는 low-quality, cheap
8825	0	ghếch	A	(높은 곳에) 걸쳐 올려놓다		보조 1차: 원문은 무엇이든 높은 곳에 기대어 올려놓는 것인데 '발을'로 좁힘
9051	0	giáo sĩ	A	선교사		보조 1차: 원문은 'a missionary'뿐인데 '성직자'가 덧붙음
9106	0	giùm	A	(중·남부) 대신, 대신하여		보조 1차: 부사 칸에 동사형('대신 해 주다')을 씀. gloss는 in someone else's stead
9176	0	giải thưởng	R			클로드: 지금 뜻이 맞음(보조 1차 뜻: 원문은 prize·award·trophy인데 '상금'은 없는 뜻)
9281	0	giặc cỏ	A		명	보조 1차: 품사 제목은 Verb인데 gloss는 'local insurgents and troublemakers'로 명사 뜻(집합 명사)
9292	0	giẻ cùi	R			클로드: 지금 뜻이 맞음(보조 1차 뜻: 원문에 없는 구체적 종 이름('붉은부리파랑까치')을 지어 붙임)
9398	0	guột	A	양치식물의 한 종류		보조 1차: 원문은 kind of fern인데 '고사리'로 특정함(다른 양치류일 수 있음)
9401	0	gà đồng	A	뜸부기 (조류의 한 종)		보조 1차: watercock은 물닭(coot)이 아니라 뜸부기 종류
9408	0	gà ri	A	밴텀닭(몸집 작은 닭 품종)		보조 1차: '가리닭'은 근거 없는 말, 원문은 bantam뿐
9412	0	gà ác	R			클로드: 지금 뜻이 맞음(보조 1차 뜻: 원문은 베트남에 주로 있는 닭 품종인데 '오골계'로 특정함)
9466	0	gò má	A	광대뼈		보조 1차: 원문은 cheekbone인데 '볼'(뺨)이 덧붙음
9570	0	gầm ghì	A	비둘기, 특히 야생 비둘기		보조 1차: 원문은 dove·pigeon(특히 야생)인데 '산비둘기·녹색비둘기류'로 특정함
9577	0	gần xa	A	멀고 가까운, 도처의		보조 1차: 형용사 칸에 명사 꼴('곳, 곳곳')을 씀
9613	0	gằn	A	목이 메는		보조 1차: 원문은 choking인데 '(목소리가) 거친'으로 다른 뜻을 씀
9629	0	gọi là	K	~라고 부르다, ~라고 불리다, 이른바		클로드: 기초사전 부르다(동사) 대역 gọi là, 원문 (được ~) to be called
9651	0	gốc tử	K	(글자 그대로) 티 나무(감나무속)의 밑동		클로드 판정(보조 1차 뜻: 원문은 종 이름 없이 thị tree라고만 했는데 '감나무'로 특정함)
9668	0	gờm	A	무시무시하다, 겁나다		보조 1차: 원문은 'be fearsome, be frightening'(무서운 쪽)인데 '꺼리다, 무서워하다'로 무서워하는 쪽 뜻을 씀
9704	0	han	K	쐐기풀과의 가시 나무(덴드로크니데속)		클로드 판정(보조 1차 뜻: nettle tree는 느릅나뭇과가 아니라 팽나무속을 가리킴(원문에 과 정보 없음))
9722	0	hay	A	(옛, 문어) 알다, 알게 되다		보조 1차: '듣다'는 원문(to know; get to know; learn)에 없음
9747	0	hiên	A	베란다		보조 1차: '처마'는 원문(veranda)에 없음
9794	0	hiển ngôn	A	설명		보조 1차: 원문 explanation과 다른 뜻을 씀
9879	0	hoa sữa	A	호아스어(칠판나무, 악마나무)		보조 1차: 원문에 없는 설명(하노이 가을 향)을 뺌
9988	0	hoán tỉnh	A		동	보조 1차: gloss가 to wake somebody(동사)인데 품사가 명
9988	1	hoán tỉnh	A		동	보조 1차: gloss가 to rouse(동사)인데 품사가 명
10036	0	hoả thiêu	A	화장하다		보조 1차: 원문 to cremate에 없는 뜻(불태우다)을 뺌
10090	0	huề	A	무승부가 된(다른 꼴)		보조 1차: 형용사 칸에 명사 꼴(무승부)이 들어 있음
10181	0	hành trình	R			클로드: 기초사전 일정(명사) 대역 hành trình
10192	0	hành thích	A		동	보조 1차: gloss가 to assassinate(동사)인데 품사가 명
10199	0	hào hoa	A	너그럽고 예의 바른		보조 1차: 원문 generous and polite; liberal과 달리 멋스럽다를 씀
10209	0	hào hùng	A	영웅적인, 강하고 사나운		보조 1차: 원문 heroic, strong and fierce와 다른 웅장하다를 씀
10222	0	hát hò	A	노래하다		보조 1차: 원문 to sing에 없는 뜻(흥겹게 놀다)을 덧붙임
10234	1	hè	A	(건축) 포치, 현관		보조 1차: 원문 porch를 정의 문장처럼 풀어 씀
10235	1	hão	A		부	보조 1차: gloss(in vain; for no purpose)가 부사 뜻인데 품사가 형
10237	0	hãng	A	회사		보조 1차: 원문 firm; company에 없는 뜻(브랜드)을 덧붙임
10244	0	hãm hại	A	해치다, 다치게 하다		보조 1차: 원문 harm; hurt에 없는 뜻(모함하다)을 씀
10250	0	hãnh tiến	A	기회주의적인		보조 1차: 원문 opportunistic에 없는 뜻(벼락출세)을 덧붙임
10260	0	héo ruột	A	쓸쓸한, 처량한		보조 1차: 원문 desolate, forlorn과 다른 뜻(애가 타는)을 씀
10317	0	hình tích	A	숨긴 정체		보조 1차: 원문 concealed identity에 없는 뜻(행적)을 덧붙임
10322	0	híp	A	(눈이) 거의 감긴		보조 1차: 원문 of eyes to be nearly closed에 없는 부어(붓다)가 들어 있음
10357	0	hô	A		동	보조 1차: gloss가 to cry; to scream(동사)인데 품사가 명
10366	0	hô hoán	A		동	보조 1차: gloss가 to call out; to shout(동사)인데 품사가 명
10373	0	hôn quân	A	혼군, 부패한 군주		보조 1차: 원문 corrupt monarch와 다른 뜻(어리석은)을 씀
10509	0	hạ mình	R			클로드: 지금 뜻이 맞음(보조 1차 뜻: 원문 to cave in(굴복하다)과 다른 뜻(자신을 낮추다)을 씀)
10570	0	hải âu	K	슴새·알바트로스류 바닷새		클로드 판정(보조 1차 ?:  원문의 과(科) 이름이 지워져 있어 갈매기 · 알바트로스가 맞는지 판단할 수 없음)
10630	0	hậu sự	A	장례 준비		보조 1차: 원문 undertaking of tang(장례)에 없는 뜻(뒷일)을 덧붙임
10645	0	hằng ngày	A	매일, 날마다		보조 1차: 부사 칸에 관형 꼴(일상의)이 들어 있음
10661	0	hến	K	재첩류(재첩과 조개)		클로드 판정(보조 1차 ?:  원문 gloss가 family로만 남아 있어 (생물) 한 과가 맞는 뜻인지 판단할 수 없음(hến은 조개류로 보이나 원문 근거 없음))
10673	0	hết mình	A		부	보조 1차: gloss(to the fullest)와 한국어가 부사 뜻인데 품사가 형
10745	0	học sĩ	A	학자		보조 1차: 원문 scholar에 없는 뜻(학사)을 덧붙임
10816	0	hồi sức	A	기력을 회복하다		보조 1차: 원문에 없는 뜻(소생 치료)을 덧붙임
10937	0	hộp thư	K	우편함, 편지함		클로드: 기초사전 우편함·편지함(명사) 대역 hộp thư
10944	0	hớ	A	(말·일에서) 부주의해 실수하는, 소홀한		보조 1차: 형용사 칸에 동사꼴 '실수하다, 헛짚다'
10952	0	hở hang	A	노출이 심한, 드러난		보조 1차: '야한'은 원문에 없는 뜻
11121	0	khai vị	K	(술·음식이) 식욕을 돋우다(식전에 먹음)		클로드 판정(보조 1차 뜻: 동사 칸인데 '식욕을 돋우는, 전채의'는 형용사꼴·'전채' 불명)
11135	2	khinh	A		명	보조 1차: 품사 제목은 형용사인데 gloss 'Hydrogen'은 명사
11155	0	khiêng	A	(주로 무거운 물건을) 들어 나르다		보조 1차: '여럿이'는 원문에 없음
11186	0	khoa học luận	A	인식론		보조 1차: '과학론'은 원문(epistemology)에 없음
11206	0	khoan	A	잠깐 기다리다	동	보조 1차: gloss 'to wait a bit'는 동사 뜻인데 부사 칸
11240	0	khoảng cách	R			클로드: 기초사전 갭·괴리(명사) 대역 khoảng cách — 격차
11253	0	khoằm	A	(일정한 표현에서) 약간 굽은, 휜		보조 1차: '코가'는 원문에 없는 한정
11277	0	khung thành	A	(스포츠) 골대		보조 1차: label 'sport'인데 '축구'로 좁힘
11280	0	khung cảnh	A	틀, 배경, 맥락		보조 1차: 원문 framework·setting·context인데 '풍경'은 없고 framework 빠짐
11286	0	khuynh diệp	K	유칼립투스		클로드 판정(보조 1차 ?: gloss가 'genus'뿐(속 이름 누락)이라 원문만으로 판단 불가)
11336	0	khà	A	흡족해서 숨을 내쉬다		보조 1차: 동사 칸에 감탄사꼴 '캬'
11381	1	khéo	A		형	보조 1차: gloss 'strange; odd; ridiculous…'는 형용사 뜻인데 부사 칸
11436	0	khó chịu	A	불편한, 언짢은, 견딜 수 없는		보조 1차: '(몸이) 힘들다'는 원문에 없는 덧붙임, 형용사꼴로 맞춤
11474	0	khôn hồn	A	(구어, 경고·위협에서) 현명한, 분별 있는		보조 1차: gloss는 형용사 'wise; sensible'인데 명령문꼴로 옮김
11570	0	khạng	A		동	보조 1차: gloss 'to walk slowly or awkwardly'는 동사 뜻인데 형용사 칸
11570	1	khạng	A		동	보조 1차: gloss 'to walk with difficulty'는 동사 뜻인데 형용사 칸
11571	0	khạng nạng	A	어기적어기적 걷다	동	보조 1차: gloss 'to walk with difficulty'는 동사 뜻인데 형용사 칸
11601	0	khảo đính	A	(옛) 교정하다, 편집하다, 검토해 바로잡다		보조 1차: '고정하다'는 원문(revise; edit; review and correct)과 다른 뜻으로 읽힘
11625	0	khẩu phần	A	배급량, 식사량		보조 1차: '1인분'은 원문(ration; food intake)에 없음
11656	0	khề khà	A	술에 취해 난투극을 벌이다		보조 1차: 원문 'drunken brawl'(싸움)인데 '느릿느릿 떠들다'로 옮김
11691	0	khống	A		동	보조 1차: gloss 'to not give what should be given'는 동사 뜻인데 부사 칸
11784	0	kim phượng	K	공작꽃(실거리나무속)		클로드 판정(보조 1차 ?: gloss가 'species'뿐(종 이름 누락)이라 원문만으로 판단 불가)
11856	0	kiến ba khoang	K	청딱지개미반날개		클로드 판정(보조 1차 ?: gloss가 'species'뿐(종 이름 누락)이라 원문만으로 판단 불가)
11860	0	kiêu ngoa	A	(문어) 거짓된, 기만적인		보조 1차: '과장된'은 원문(deceitful)에 없음
11894	0	kiền kiền	R			클로드: 지금 뜻이 맞음(보조 1차 ?: gloss가 'various plants of the genus'뿐(속 이름 누락)인데 ko의 '호페아'는 원문 근거 없음)
11947	0	kèo nèo	R			클로드: 지금 뜻이 맞음(보조 1차 ?: gloss에 종 이름이 빠져(species, , …) ko의 '노랑벨벳잎'은 원문 근거 없음)
11965	0	kê khai	A	열거하다, 상세히 적다		보조 1차: 원문에 없는 '신고하다'
11974	0	kêu nài	A	하소연하다, 불평을 많이 하다		보조 1차: 원문에 없는 '졸라 대다'
12012	0	kì tôm	R			클로드: 지금 뜻이 맞음(보조 1차 ?: 원문 gloss가 (species)뿐이라 종 확인 불가)
12059	1	kíp	A	(주로 총기) 부싯돌		보조 1차: 뇌관은 flint와 다른 뜻
12073	0	kĩ	A	꼼꼼한, 세심한		보조 1차: 형용사 칸에 부사 꼴 '꼼꼼히, 자세히'
12120	0	kế tiếp	A	다음이다, 뒤를 잇다		보조 1차: 동사 칸에 '다음의' 형용사 꼴
12220	0	lam	A	(드묾) 푸른, 남색의		보조 1차: 형용사 칸에 명사 꼴 '파란색'
12227	0	lai rai	A	오랫동안 조금씩 하는		보조 1차: 형용사 칸에 부사 꼴 '조금씩 오래'
12238	1	lao	A	작살, 투창, 표창		보조 1차: dart를 화살(arrow)로 옮김
12276	0	les	A	레즈비언의		보조 1차: 형용사 칸에 명사 꼴
12318	0	linh ngữ	A	(드묾, 불교) 감옥		보조 1차: '영어'는 English로 오해될 수 있고 원문엔 prison뿐
12342	0	liên chi	A	(조직의) 지부		보조 1차: 원문에 없는 '연합'
12354	0	liên tiếp	K	연이은, 잇따른, 연달아		클로드: 기초사전 거푸·내리(부사) 대역 liên tiếp
12371	0	liền tay	A	즉시, 곧바로		보조 1차: 원문에 없는 '손을 쉬지 않고'
12374	0	liền kề	A	연이은, 잇따른		보조 1차: 원문 consecutive에 없는 '바로 이웃한'
12430	0	long quyền	A	(무술) 용 권법		보조 1차: 원문에 없는 '남파'
12433	0	lon ton	A	종종걸음 치는		보조 1차: 형용사 칸에 부사 꼴 '종종걸음으로'
12508	0	luận cương	A	테제, 논강		보조 1차: 원문 thesis에 없는 '요강'
12544	0	luỹ tiến	R			클로드: 지금 뜻이 맞음(보조 1차 뜻: exponential은 누진이 아니라 지수)
12592	0	làm đẹp	R			클로드: 지금 뜻이 맞음(보조 1차 ?: gloss(vivify; enrich)와 ko(예쁘게 꾸미다)가 서로 안 맞으나 원문만으로는 판단 불가)
12610	0	làng nước	A		명	보조 1차: 제목은 Verb지만 gloss 'one's village'는 명사 뜻
12610	1	làng nước	A		명	보조 1차: 제목은 Verb지만 gloss 'people within the same scene'은 명사 뜻
12669	1	lãi	A	기생충		보조 1차: 원문에 없는 '회충'
12720	0	léo	A		동	보조 1차: gloss 'to approach'는 동사 뜻
12837	0	lót dạ	R			클로드: 지금 뜻이 맞음(보조 1차 ?: gloss는 부사 설명(decently enough...)인데 ko는 동사 '요기하다'라 품사·뜻 확인 불가)
12845	0	lô nhô	A	흔들거리는		보조 1차: 원문 'wobbling'과 다른 '울쑥불쑥'
12846	0	lô xô	A	뒤엉킨, 흔들거리는		보조 1차: 원문 'wobbling'을 '들쭉날쭉'으로 옮김
12860	0	lôi đình	A		명	보조 1차: 제목은 Verb지만 gloss 'thunderclap'은 명사 뜻
12860	1	lôi đình	A		명	보조 1차: 제목은 Verb지만 gloss 'wrath, rage'는 명사 뜻
12906	0	lăm le	A	(남부) 벼르며, 노리며		보조 1차: 부사 칸에 동사 종결 꼴 '벼르다, 노리다'
13012	2	lưỡng tính	A		명	보조 1차: 제목은 Adjective지만 gloss 'duality'는 명사 뜻이고 ko도 명사 '이중성'
13154	0	lẫn nhau	K	서로, 상호의		클로드: 기초사전 서로(부사) 대역 lẫn nhau, 원문 mutual
13157	2	lậm	A		동	보조 1차: gloss가 to become … 동사 뜻인데 품사 제목이 형용사
13172	0	lập nghiệp	A	사업을 일으키다, 자리를 잡다		보조 1차: 원문은 사업을 세우고 경력을 쌓는다는 뜻, 일자리를 잡다는 어긋남
13187	3	lắp	A	말을 더듬다(줄임말)		보조 1차: 동사 칸에 명사 말더듬기
13224	0	lẽo đẽo	A	바싹 뒤따라		보조 1차: 부사 칸에 동사 꼴
13235	0	lẹo cái	A	(옛, 모욕) 동성애자인		보조 1차: 형 칸에 명사 꼴
13266	0	lễ lạt	A	명절, 휴일과 축제일		보조 1차: 경조사는 원문에 없음
13276	1	lịch	A	(날짜별) 일정표		보조 1차: 정의 문장을 그대로 옮김
13295	0	lọ mọ	A	(어둠 속에서) 더듬더듬		보조 1차: 부사 칸에 동사 꼴
13387	0	lớp mầm	R			클로드: 지금 뜻이 맞음(보조 1차 뜻: 원문에 없는 나이 범위가 덧붙음)
13388	0	lớp chồi	R			클로드: 지금 뜻이 맞음(보조 1차 뜻: 원문에 없는 나이 범위가 덧붙음)
13389	0	lớp lá	R			클로드: 지금 뜻이 맞음(보조 1차 뜻: 원문에 없는 나이 범위가 덧붙음)
13404	2	lở	A	(피부에) 곪는 발진이 생기다(아프고 가려움)		보조 1차: 꾸밈말이 매달려 끝남
13422	0	lởm chởm	A	톱니 모양 가장자리를 가진		보조 1차: 이가 난 모양은 뜻이 불분명
13586	0	manh mún	A	파편적인, 조각난		보조 1차: 영세한은 원문에 없는 뜻
13716	0	muôn vàn	A	(문어) 수많음, 무수함		보조 1차: 명사 칸에 형용사 꼴
13718	0	muôn tâu	A		감	보조 1차: 동사가 아니라 신하가 임금께 아뢸 때 쓰는 말머리 표현
13761	0	màng nhện	K	(해부) 거미막		클로드 판정(보조 1차 ?: 원문이 dura mater인데 13759 màng cứng(경막)과 겹치고 màng nhện은 보통 거미막(arachnoid)이라 원문 오류 의)
13871	1	mây	A	라탄, 등덩굴		보조 1차: 등나무는 칡·등꽃 쪽 식물(위스테리아)이라 라탄과 다름
13903	0	mè	A	(초가지붕의) 대나무 도리·산자		보조 1차: 원문은 purlin·batten인데 서까래는 다른 부재(rafter)
13975	0	mía lau	A	키 작은 사탕수수(한 종)		보조 1차: 원문 dwarf는 키 작은 것, 가는이 아님
14025	0	mô thức	A	패러다임, 양식, 모형		보조 1차: 원문의 핵심 뜻 paradigm이 빠짐
14063	0	múa võ	A	섀도복싱을 하다		보조 1차: 원문은 shadowboxing인데 시범은 다른 뜻
14213	0	mạy tèo	R			클로드: 지금 뜻이 맞음(보조 1차 ?: 원문 gloss가 'species.<ref>}}</ref>'로 깨져 있어 어떤 종인지 알 수 없음. 뽕나무과는 근거 없음)
14223	0	mấp mé	K	가장자리에 닿을 듯하다, 가까이 다가가다		클로드 판정(보조 1차 뜻: 원문 'to come near'. '넘실거리다'는 원문에 없는 뜻)
14256	0	mẫn cán	A	부지런한, 열성적인		보조 1차: 원문 'diligent, zealous'. '유능한'은 원문에 없음
14336	6	mặt	A	(옛) 오른쪽의		보조 1차: 형용사 칸에 명사꼴 '오른쪽'. 원문 'right'(형)
14440	0	mọi cà lơ	R			클로드: 지금 뜻이 맞음(보조 1차 ?: 원문 gloss 'Bru or people'은 깨져 있어 어느 민족인지 불명. 한국어의 '따오이족'은 원문에 없음)
14446	2	mốt	A	미래에		보조 1차: 부사 칸에 명사꼴 '미래'. 원문 'future'(부)
14456	0	mỏi nhừ	A	몹시 지친		보조 1차: 원문 'very tired'. '뻐근한'은 다른 뜻
14485	0	mỗi người một nẻo	A	사람마다 취향이 다르다		보조 1차: 원문은 '각자 취향·기호가 있다(to each his own)'. '제 갈 길'은 다른 뜻
14542	0	mở cửa	R			클로드: 지금 뜻이 맞음(보조 1차 뜻: 원문 'to open the door'(문자·비유 꼬리표). '영업을 시작하다·개방하다(경제)'는 원문에 없는 덧붙임)
14583	0	mục sở thị	A	직접 눈으로		보조 1차: 부사 칸에 '보다' 동사꼴. 원문 'with one's own eyes'
14617	0	mực ghim	R			클로드: 지금 뜻이 맞음(보조 1차 ?: 원문 'mitre squid'. 한국어 '창오징어의 한 종류'는 원문에 없고, 14609.2의 mitre squid(미트라오징어류)와도 어긋남.)
14670	0	net	A	피시방(= quán net)		보조 1차: 원문은 '= quán net'뿐. '인터넷'은 원문에 없는 덧붙임
14671	0	new wave	K	(음악) 유로디스코(베트남에서 뉴웨이브라 부름)		클로드 판정(보조 1차 뜻: 원문 'eurodisco music'. '뉴웨이브'는 원문 뜻이 아님)
14689	2	ngay	A		부	보조 1차: gloss 'as soon as, straight away'는 부사 뜻(형 제목과 어긋남)
14753	0	nghè	A	(옛) 진사에 급제한		보조 1차: 형용사 칸에 명사꼴 '진사'. 원문은 과거에서 tiến sĩ 칭호를 얻은 상태
14762	0	nghêu	A	조개		보조 1차: 원문 'clam'. '바지락류'는 원문에 없는 특정 종 덧붙임
14825	0	nghệt	A	(얼굴이) 멍한		보조 1차: 형용사 칸에 명사구 '멍한 얼굴'. 원문 'of face: ... dull look'은 얼굴을 꾸미는 형용사
14857	0	nghịch biến	R			클로드: 지금 뜻이 맞음(보조 1차 ?: 원문 'not proportional'(비례하지 않는)인데 한국어는 '감소하는'으로 서로 어긋남. 원문이 부정확해 보여 원문만으로는 확정 불가)
14893	0	ngoại hạng	A	(스포츠) 최상위의, 특출한	형	보조 1차: gloss 'exceptional; top-level'은 형용사 뜻(제목 Noun과 어긋남). '프리미어'는 원문에 없음
15005	0	nguyên uỷ	A	기원, 유래		보조 1차: 원문 'origin, provenance'. '경위, 내막'은 다른 뜻
15091	0	ngò ôm	A	응오옴(요리, 특히 깐쭈어에 쓰는 식물)		보조 1차: '논에서 자라는 허브'는 원문에 없는 덧붙임. 원문은 베트남 요리에 쓰는 식물
15105	0	ngò om	A	응오옴 (다른 꼴)		보조 1차: 원문은 '= ngò ôm'. '논에서 자라는 허브'는 원문에 없는 덧붙임(15091과 같은 고침)
15159	0	ngùn ngụt	R			클로드: 지금 뜻이 맞음(보조 1차 ?: 원문 'curl, wreath'(굽이·고리)인데 한국어는 '활활, 뭉게뭉게'로 불길 뜻까지 들어 있어 원문과 어긋남. 원문 gloss가 짧아 어)
15273	0	ngạ quỷ	A		명	보조 1차: 원문 gloss가 명사(preta)인데 품사가 형
15279	1	ngả	A		부	보조 1차: gloss가 부사적(face-up)인데 품사가 형
15291	0	ngấm ngầm	A	은밀한, 은근한		보조 1차: 형용사 칸인데 부사 꼴('남몰래')
15308	2	ngấy	K	(식물) 산딸기속의 한 종(루부스 코친키넨시스)		클로드 판정(보조 1차 ?: 원문 gloss가 'species' 뿐이라 무슨 종인지 알 수 없고 '종'은 뜻이 불분명)
15356	1	ngốc	A	(비격식, 가벼운 낮잡음 또는 애칭) 바보 같은		보조 1차: 형용사 칸에 명사 '바보'
15384	0	ngột	A	(중부·남부) 숨이 막히다, 답답함을 느끼다		보조 1차: 동사 칸에 형용사 꼴('답답한')
15393	0	ngụp	A	물속으로 잠수하다		보조 1차: 'dive'인데 '잠기다'는 수동 뜻
15431	0	ngửa	A		부	보조 1차: gloss가 부사적(face-up)인데 품사가 형
15460	0	ngữ văn	A	(중고등 교육, 과목) 베트남어(국어 과목)		보조 1차: '국어'만 쓰면 한국어로 오해, 원문은 Vietnamese
15565	0	nhong nhong	A	(의성어) 딸랑딸랑	부	보조 1차: gloss가 말방울 소리 의성어인데 형용사 칸에 문장째 소리 설명
15566	0	nhong nhóng	A	빈둥거리며 기다리거나 서성이는		보조 1차: 뜻풀이를 문장째 옮김
15569	0	nhon nhón	A		부	보조 1차: gloss가 부사적(with light quick steps), ko도 부사 꼴인데 품사가 형
15570	0	nhon nhỏn	A		부	보조 1차: gloss가 부사적(with light quick steps), ko도 부사 꼴인데 품사가 형
15712	1	nhác	A		동	보조 1차: gloss가 동사('to catch sight of')인데 품사가 형
15742	0	nhát nhúa	A		형	보조 1차: '= nhát (cowardly)' 형용사 뜻인데 품사가 동
15805	0	nhãn nhục	A	용안으로 만든 음료·단 죽(chè)		보조 1차: '(째)' 오기, 원문은 용안으로 만든 음료나 chè
15812	0	nhão	A	흐물흐물하고 질척한		보조 1차: 뜻풀이를 문장째 옮김
15826	0	nhí	A	(직업 앞, 익살) 어린애 같은		보조 1차: 형용사 칸에 명사 '꼬마'
15947	0	nhạt nhùng	A		형	보조 1차: '= nhạt (tasteless)' 형용사 뜻인데 품사가 동
15992	0	nhẩm	A	속으로 읽다·외우다, 중얼거리다		보조 1차: 원문에 없는 '셈하다'가 들어가 있음
16053	0	nhật san	A	일간 잡지		보조 1차: 'magazine'인데 '일간지'는 신문을 뜻함
16158	0	nhởn nhơ	A	자유롭게 돌아다니며		보조 1차: 부사 칸에 동사 꼴 문장('돌아다니게 두다')
16170	0	nhừ tử	A		부	보조 1차: gloss가 부사('terribly; awfully')인데 품사가 명
16276	0	nám	A	그을린, 염증이 생긴		보조 1차: 원문 'burnt, inflamed'에 없는 '기미'(명사)가 들어가 있음
16293	0	nâu	A	갈색의		보조 1차: 'brown (having a brown color)' 형용사 칸인데 명사 꼴 '갈색'
16369	0	nói năng	A	말하다		보조 1차: gloss 'to speak'인데 명사 '말씨'가 덧붙음
16381	0	nói một đằng làm một nẻo	R			클로드: 지금 뜻이 맞음(보조 1차 ?: gloss 'to feign'은 이 관용구와 맞지 않아 보이고 ko(말과 행동이 다르다)와도 달라 원문만으로 판단 불가)
16389	0	nón ba tầm	A	논바떰(베트남 전통의 납작한 야자잎 모자)		보조 1차: gloss에 없는 '북부 여인' 덧붙음
16391	0	nón quai thao	R			클로드: 지금 뜻이 맞음(보조 1차 뜻: gloss에 없는 '북부' 덧붙음)
16420	0	nô nức	A	들뜬, 열성적인		보조 1차: gloss 'enthusiastic; eager'인데 '몰려드는'이 덧붙음
16589	0	nước đến chân mới nhảy	A		관용	보조 1차: gloss가 'to wait for something bad to happen then trying to fix it' 관용 표현이라 형용사가 아님
16607	1	nấm	A	균류		보조 1차: gloss 'fungus'인데 '곰팡이류'는 범위가 좁아 틀림
16630	0	nấm tràm	R			클로드: 지금 뜻이 맞음(보조 1차 뜻: gloss에 없는 특정 종(쓴맛그물버섯)을 지어냄. gloss는 쓴맛 나는 식용 버섯)
16724	0	nọ	A	(문어) 이, 저		보조 1차: gloss 'this, that yonder'인데 'this'가 빠지고 gloss에 없는 '이러저러한'이 덧붙음
16737	2	nốt	A	마저, 끝까지		보조 1차: 부사 칸인데 '끝내다, 마저 하다'는 동사 꼴
16790	0	nội thành	K	시내에서, 도심 지역에서		클로드: 부사 칸 — 기초사전 시내·도심(명사) 대역 nội thành
16830	0	nứa	A	(중간 크기 열대) 대나무의 일종		보조 1차: gloss 'medium-sized tropical bamboo'인데 '작은'으로 틀림
16843	0	nứt nẻ	A		형	보조 1차: gloss 'cracked and fissured'는 형용사 뜻인데 명사 칸
16844	0	nức	A		형	보조 1차: gloss 'strong and pervasive'는 형용사 뜻인데 명사 칸
16858	0	nữ công	A	여자가 하는 일		보조 1차: gloss 'women's work'인데 '가정학'이 덧붙음
16864	0	nửa chừng	A		부	보조 1차: ko '도중에, 반쯤'은 부사 꼴인데 품사가 형. 원문 품사도 Adverb
16903	0	oanh liệt	R			클로드: 지금 뜻이 맞음(보조 1차 ?: gloss 'vigorous; resonant'와 ko '장렬한, 빛나는'이 어긋나나 원문만으로는 고칠 말을 정할 수 없음)
16933	0	oắt	A	(아이가) 짓궂은		보조 1차: gloss '(of a child) mischievous'인데 명사 '꼬마(낮잡음)'가 덧붙음
16945	0	parky	K	(인터넷 속어, 비하) 북부 사람의		클로드 판정(보조 1차 ?: 형용사 칸에 gloss는 'Bắc Kì'뿐이라 ko '북부 사람'(명사 꼴)이 맞는지 원문만으로 판단 불가)
17080	0	phong nhã	A		형	보조 1차: gloss 'elegant'는 형용사 뜻인데 명사 칸 (ko '우아한'은 맞음)
17088	0	phong vương	A	왕자 작위를 내리다		보조 1차: gloss는 '왕의 형제(prince)'에게 작위를 내리는 것인데 '왕으로 봉하다'는 왕이 되게 한다는 뜻이라 틀림
17134	0	phá đảo	A		동	보조 1차: gloss 'to clear or to reach the end of a video game'는 동사 뜻인데 명사 칸 (ko는 동사 꼴로 맞음)
17306	0	phê điểm	A		동	보조 1차: gloss 'to mark; to grade'는 동사 뜻인데 명사 칸 (ko는 동사 꼴로 맞음)
17321	0	phòng bệnh	A	예방의		보조 1차: gloss 'relating to disease prevention'인데 동사 '병을 예방하다'가 덧붙음
17330	0	phòng không	A	방공하다		보조 1차: 동사 칸인데 명사 '방공'이 덧붙음
17376	0	phóng đại	A		동	보조 1차: gloss 'to magnify, to enlarge, to exaggerate'는 동사 뜻인데 명사 칸 (ko는 동사 꼴로 맞음)
17401	0	phù phiếm	A		형	보조 1차: gloss가 형용사 뜻
17467	0	phạm lỗi	A	잘못하다, 실수하다		보조 1차: 원문에 없는 '반칙하다' 덧붙음
17502	0	phản vệ	A	(의학, 몸이) 유해 물질에 반응해 스스로를 보호하다		보조 1차: 원문은 보호 반응; 과민 반응(아나필락시스)은 원문에 없음
17507	0	phản phúc	A	배신하는, 불충실한, 반역적인		보조 1차: '변덕스러운'은 원문에 없음
17518	0	phản tư	A	성찰하다, 반성하다	동	보조 1차: gloss가 동사('to reflect')인데 명사 칸
17556	0	phẩm	A	물감, 색소		보조 1차: 원문에 없는 '품' 덧붙음
17571	0	phập phồng	A	부풀었다 꺼졌다 하다, 들썩이다		보조 1차: 원문에 없는 '(마음이) 두근거리다' 덧붙음
17663	0	phụ giáo	A		명	보조 1차: gloss가 명사('a teacher's assistant')인데 동사 칸
17748	0	qua loa	K	대충하는, 건성인, 대충대충		클로드: 기초사전 건성건성·설렁설렁(부사) 대역 qua loa
17754	0	qua cầu rút ván	K	(관용, 낮잡아) 은혜를 원수로 갚다, 배신하다		클로드 판정(보조 1차 뜻: gloss는 'to be treacherous'; 직역·풀이는 원문에 없음)
17755	0	qua mặt	R			클로드: 지금 뜻이 맞음(보조 1차 뜻: gloss 'to overlook'인데 '건너뛰다, 제치다·앞지르다'는 다른 뜻)
17756	0	pơ mu	R			클로드: 지금 뜻이 맞음(보조 1차 ?: gloss가 '(species)'뿐이라 어떤 종인지 원문으로 확인 불가; ko '푸젠측백(포키에니아)'은 원문에 없는 추정)
17766	0	quai nón	A		명	보조 1차: gloss 'chinstrap'은 명사인데 형용사 칸
17813	0	quay xe	R			클로드: 지금 뜻이 맞음(보조 1차 뜻: 원문에 없는 '차를 돌리다' 덧붙음)
17890	0	quá cố	A	(문어) 세상을 떠나다		보조 1차: 원문에 없는 '고인이 된' 덧붙음
17898	0	quá sức	R			클로드: 지금 뜻이 맞음(보조 1차 뜻: 원문에 없는 '힘에 부치는' 덧붙음)
17899	0	quá lời	A		형	보조 1차: gloss가 형용사 뜻(excessively talkative)인데 부사 칸
17900	0	quá 180 phút	A	(인터넷 속어) 너무 오래 해서 돌아 버리다	동	보조 1차: gloss가 동사 뜻('become mad')인데 부사 칸
17932	0	quán triệt	A	철저히 실행하다, 관철하다		보조 1차: 원문에 없는 '이해하고' 덧붙음(원문 'execute thoroughly')
17940	1	quân phiệt	A		명	보조 1차: gloss 'Warlordism'은 명사 뜻인데 형용사 칸
18042	0	quất	A	(북부, 중부) 칼라만시(감귤류)		보조 1차: gloss 'calamansi'인데 낑깡(금귤)은 다른 과일
18085	0	quầng	A	(해·달) 무리, 후광		보조 1차: 원문에 없는 '다크서클' 덧붙음
18100	0	quẹt	A	문지르다		보조 1차: 원문 'to rub'인데 '긋다(성냥)'는 원문에 없음
18162	0	quỷ	R			클로드: 지금 뜻이 맞음(보조 1차 뜻: 원문 evil spirit(악령)뿐인데 ko에 없는 뜻 '장난꾸러기'가 ·로 덧붙음)
18214	1	ren	A	꿰다, 끈으로 묶다, 엮다		보조 1차: 동사 칸에 명사 '레이스'가 들어감(원문 to thread; lace; weave)
18271	0	rui	R			클로드: 지금 뜻이 맞음(보조 1차 ?: 원문 lath, slat(가는 널·욋가지)인데 ko는 서까래(rafter) — 다른 물건일 수 있으나 원문만으로 판단 불가)
18322	1	ràng ràng	A		부	보조 1차: 원문 gloss가 clearly, plainly(부사 뜻)인데 형으로 되어 있음
18345	0	rã	A	녹다, 썩다, 분해되다		보조 1차: 원문 dissolve/decay/decompose인데 ko에 '흩어지다'가 덧붙고 decay(썩다)가 빠짐
18415	0	rù rì	K	(갑각류) 에메리타속 게의 한 종		클로드 판정(보조 1차 ?: 원문 gloss가 genus 하나뿐이라 낱말 뜻으로 의심스러우나 원문만으로 판단 불가)
18491	0	rượu cẩm	R			클로드: 지금 뜻이 맞음(보조 1차 뜻: 원문은 black rice인데 ko에 없는 '찹쌀'이 덧붙음)
18539	0	rắn cạp nia	R			클로드: 지금 뜻이 맞음(보조 1차 ?: gloss가 'a species ()'로 비어 있어 종을 확인할 수 없음; ko '말레이 우산뱀'은 원문 근거 없음)
18566	0	rặt	A	순전한, 오직 ~뿐인		보조 1차: 형용사 칸에 부사 꼴(오로지, 순전히)
18569	2	rẽ	A		형	보조 1차: gloss 'being a tenant farmworker'는 형용사 뜻인데 부사 칸
18631	0	rộn	A	떠들썩한, 어수선한		보조 1차: 원문 'disorderly'가 빠지고 원문에 없는 '바쁜'이 들어감
18693	0	rừng thiêng nước độc	R			클로드: 지금 뜻이 맞음(보조 1차 뜻: 원문 'treacherous'에 없는 '풍토병' 덧붙음)
18785	0	sau hết	A		부	보조 1차: gloss가 부사 뜻(in the last place; after all)인데 명사 칸
18807	0	sen đá	R			클로드: 지금 뜻이 맞음(보조 1차 뜻: 원문 gloss에 속 이름이 없는데 '에케베리아'는 원문에 없는 추정)
18808	0	sau sau	R			클로드: 지금 뜻이 맞음(보조 1차 ?: gloss가 '(species)'뿐이라 종을 확인할 수 없음; ko '대만풍나무'는 원문 근거 없음)
18814	0	set up	A	(구어) 준비하다, 설치하다		보조 1차: 원문에 없는 '설정' 덧붙음(명사형)
18878	0	sinh đồ	A	(역사) 향시 세 차례는 합격했으나 최종 시험에는 합격하지 못한 학자의 칭호		보조 1차: ko가 '세 시험에 합격'만 말해 최종 불합격 조건이 빠짐
19017	1	suốt	A	(대나무로 만든) 실패, 실감개		보조 1차: '북'은 베틀 북(shuttle)이라 bobbin 뜻과 다름
19195	0	sõi	A	(언어 실력) 유창하게		보조 1차: 품사는 부사인데 ko가 형용사 꼴('유창한')이라 부사 꼴로 맞춤
19231	0	săm	A	(옛) 방		보조 1차: '챔버'는 외래어 음역일 뿐 뜻이 안 전해져 '방'으로 고침
19233	0	súng đạn	R			클로드: 지금 뜻이 맞음(보조 1차 뜻: 원문은 '발사체를 쓰는 모든 총'인데 '탄약'이 덧붙음)
19261	0	sĩ số	A	학생 수		보조 1차: 원문은 학생 총수인데 '정원'(수용 인원)은 다른 뜻
19329	0	sạch sành sanh	A	텅 빈		보조 1차: 품사는 형용사인데 ko가 부사 꼴('깡그리, 싹')이고 원문은 '완전히 비어 있는'
19359	0	sấp	A	엎어져, 엎드려		보조 1차: 원문은 '얼굴을 아래로'뿐인데 '뒤집힌'이 덧붙고 부사 꼴과도 안 맞음
19437	0	sọc	A	줄무늬가 있는		보조 1차: 형용사 칸인데 ko가 명사('줄무늬')
19528	0	sổ đỏ	R			클로드: 지금 뜻이 맞음(보조 1차 ?: 원문 gloss는 '= sổ hộ khẩu(가족 호구부)'인데 ko는 토지 사용권 증서라 서로 다름. 원문만으로는 어느 쪽이 맞는지 판단 불가)
19618	0	sử địa	R			클로드: 지금 뜻이 맞음(보조 1차 ?: 원문 gloss는 '= lịch sử địa phương(지방사)'인데 ko는 '역사와 지리(과목)'라 서로 다름. 원문만으로는 판단 불가)
19652	0	ta thán	A		동	보조 1차: 원문 gloss가 'to upsettingly complain'(동사 뜻)인데 품사가 형, ko는 이미 동사 꼴
19692	0	tam sao thất bản	A	(글이) 옮겨 베낄수록 원본과 달라진		보조 1차: 원문에 없는 '말이 말을 만든다'가 ' · '로 덧붙음
19697	1	tanh	A	날고기 피 냄새가 나는		보조 1차: 형용사 칸인데 ko가 명사구('피 비린내')
19709	0	tao phùng	A		동	보조 1차: 원문 gloss가 'to encounter somebody'(동사 뜻)인데 품사가 형, ko는 이미 동사 꼴
19739	0	tha hồ	A		부	보조 1차: 원문 gloss가 'at will; to one's satisfaction'(부사 뜻)이고 ko도 부사('마음껏, 실컷')인데 품사가 동
19838	0	thao luyện	A		동	보조 1차: 원문 gloss가 'to drill, to practise'(동사 뜻)인데 품사가 명, ko는 이미 동사 꼴
19860	0	theo dõi	R			클로드: 지금 뜻이 맞음(보조 1차 뜻: 원문(지켜보다·추적하다·감시하다)에 없는 '팔로우하다'와 '뒤를 밟다'가 ' · '로 덧붙음)
20054	0	thoáng khí	A	(날씨가) 선선하고 맑은		보조 1차: 원문 'cool and clear'에 없는 '바람이 잘 통하는'이 덧붙음
20060	0	thoát ý	R			클로드: 지금 뜻이 맞음(보조 1차 ?: gloss 'adaptive'뿐인데 ko가 '(번역이) 의역의'로 원문에 없는 맥락을 단 것으로 보임; 원문만으로 판단 불가)
20116	0	thui thủi	A	외톨이인, 쓸쓸한		보조 1차: 형용사 칸인데 한국어가 부사 꼴('외톨이로, 쓸쓸히'); 원문 alone/isolated/solitary
20169	0	thuế má	A		명	보조 1차: 원문 품사 제목은 Verb지만 gloss 'taxes'는 명사 뜻이고 ko도 명사('세금')
20177	0	thuốc lào	R			클로드: 지금 뜻이 맞음(보조 1차 뜻: 원문 'wild tobacco, makhorka'인데 ko가 '투옥라오'라는 근거 없는 음역어와 원문에 없는 설명을 씀)
20403	0	thân thế	A	일생, 내력, 신원, 신분		보조 1차: 원문 'life; background; identity; status'에 없는 '(유명인의)'가 덧붙고 '신분'이 빠짐
20654	0	thương tật	A	부상, 상처		보조 1차: 원문 'injury; wound'에 없는 '장애'가 덧붙음
20661	0	thương vụ	A	(외국과의) 통상 업무		보조 1차: 원문 'economic affairs with another country'에 없는 '거래'가 덧붙음
20761	0	thảo nào	A	어쩐지, 당연하게도		보조 1차: '그러니까'는 원문 'unsurprisingly; no wonder'(놀랄 것 없다)와 다른 뜻
20815	0	thấy	A	보다, 느끼다		보조 1차: 뜻풀이 문장('감각을 통해 정보를 얻는 데 성공하다')을 그대로 옮김; 짧은 대응어로
20815	1	thấy	A	느끼다, 생각하다		보조 1차: 뜻풀이 문장을 길게 그대로 옮김; 짧은 대응어로
20924	1	thắt lưng	A	(해부) 허리, 요부		보조 1차: 원문 'the lower back'을 '허리 아랫부분'으로 옮겨 엉덩이 쪽으로 오해될 수 있음
20925	0	thắt	A	매다, 조이다		보조 1차: 뜻풀이 문장을 길게 그대로 옮김; 짧은 대응어로
20941	3	thẳng	A		부	보조 1차: 원문 품사 Adverb이고 ko('똑바로, 곧게')도 부사 꼴인데 형으로 되어 있음
20962	4	thế	A		조	보조 1차: gloss가 'final particle used in an interrogative sentence'로 조사 뜻인데 품사가 부로 되어 있음
20993	0	thế hoán	A		동	보조 1차: gloss가 'to exchange; to replace…' 동사 뜻이고 ko도 동사('교체하다')인데 품사가 명으로 되어 있음
21011	0	thếch	A	몹시, 아주, 완전히		보조 1차: 원문 'very, extremely; completely'에 없는 '(맛·색이) 밍밍한, 바랜'이 덧붙음
21051	0	thịt	A	고기, 살		보조 1차: 뜻풀이 문장('사람이나 동물의 살, 특히…')을 길게 옮김; 짧은 대응어로
21070	0	thịnh tình	A		명	보조 1차: gloss 'special or pronounced concern or attention'는 명사 뜻이고 ko도 명사('두터운 정, 후의')인데 형으로 되어 있음
21114	0	thổ cẩm	K	(소수 민족의) 전통 무늬 직물, 브로케이드		클로드 판정(보조 1차 뜻: 원문은 'brocade'인데 '(소수 민족의) 전통 직물'로 원문에 없는 설명을 붙임)
21188	0	thợ hồ	A		명	보조 1차: 제목 Verb인데 gloss는 명사(bricklayer)
21190	0	thợ xây	A	벽돌공, 미장공		보조 1차: 원문에 없는 '건설 노동자' 덧붙임
21191	0	thợ ảnh	A		명	보조 1차: 제목 Verb인데 gloss는 명사(photographer)
21200	0	thụ động	A	수동적인		보조 1차: 뜻풀이 문장째 옮김
21320	0	thực tập	A	실습하다, 인턴을 하다		보조 1차: 원문에 없는 명사 '실습' 덧붙임
21463	0	tiêu phí	R			클로드: 베트남어판 위키 동사 'Dùng một cách hoang phí'(낭비)
21499	1	tiếng Việt	A	(초등, 교과목) 베트남어		보조 1차: '국어'는 한국어로 오해됨, 원문은 Vietnamese
21581	0	tiền lãi	A	(금융) 이자		보조 1차: 원문에 없는 '이익' 덧붙임
21588	0	tiền thưởng	R			클로드: 지금 뜻이 맞음(보조 1차 뜻: 원문에 없는 '상여금, 상금' 덧붙임)
21601	1	tiền phong	A	(스포츠) 공격수, 포워드	명	보조 1차: 제목 Adjective인데 gloss는 명사(forward; striker), 한국어도 명사
21656	1	tiểu tự	A	작은 글씨체		보조 1차: 원문에 없는 '소전' 덧붙임
21789	0	tranh tài	A	경기, 시합		보조 1차: 명사 칸에 동사 '겨루다' 덧붙음
21818	0	trinh	A	(여자가) 처녀의, 순결한		보조 1차: 형용사 칸에 명사 '처녀성, 정절'
21856	0	trong khi	R			클로드: 지금 뜻이 맞음(보조 1차 뜻: 원문에 없는 '~인 반면' 덧붙임)
21871	0	trung bình	R			클로드: 지금 뜻이 맞음(보조 1차 뜻: 원문에 없는 '중간, 보통' 덧붙임)
21879	0	trung du	R			클로드: 지금 뜻이 맞음(보조 1차 뜻: 원문에 없는 '구릉지' 덧붙임)
21885	0	tru di tam tộc	A	(역사) 삼족을 멸함		보조 1차: 명사 칸에 동사 꼴
21992	0	trái ngang	R			클로드: 지금 뜻이 맞음(보조 1차 뜻: 원문에 없는 '기구한' 덧붙임)
22024	0	tráng niên	A	한창때의, 장년의		보조 1차: 원문에 없는 '(특히 남자가)' 덧붙임
22065	0	trình bày	R			클로드: 지금 뜻이 맞음(보조 1차 뜻: 원문에 없는 '배치하다, 꾸미다' 덧붙임)
22133	0	trông coi	A		동	보조 1차: 제목 Adverb인데 gloss는 동사(to look after)
22133	1	trông coi	A		동	보조 1차: 제목 Adverb인데 gloss는 동사(to supervise)
22295	0	trả lại	R			클로드: 지금 뜻이 맞음(보조 1차 뜻: 원문 give back/return/restore에 없는 '반품하다·거스름돈을 주다'가 덧붙음)
22344	0	trẩu	K	유동나무(기름을 짜는 나무)		클로드 판정(보조 1차 뜻: gloss는 '(species)'뿐이라 '식물'은 원문에 없는 덧붙임)
22396	0	trển	R			클로드: 지금 뜻이 맞음(보조 1차 뜻: gloss는 'that place'뿐, '저 위'는 원문에 없는 덧붙임)
22400	0	trẹo	R			클로드: 지금 뜻이 맞음(보조 1차 뜻: gloss는 deviated/askew/twisted인데 '삐다'는 원문에 없는 다른 뜻)
22431	0	trọng nam khinh nữ	A	남자를 여자보다 중시하다	동	보조 1차: gloss는 동사 'to favor males over females'인데 ko가 명사 '남아 선호(남존여비)'
22449	2	trống	A	(이름에 cá가 들어가는 동물·고래류가) 수컷의		보조 1차: 문장 꼴이 어색하고 원문의 '고래류 포함'과 어긋나 다듬음
22540	0	trứng gà	R			클로드: 지금 뜻이 맞음(보조 1차 뜻: gloss는 'lucmo (species)'뿐이라 '과일'은 원문에 없는 덧붙임)
22565	0	trực nhật	A		동	보조 1차: gloss가 'to do class chores'로 동사 뜻인데 품사가 명사
22571	0	trực giác	A		명	보조 1차: gloss가 'intuition'으로 명사 뜻인데 품사가 형용사
23339	0	tại chức	A	(교육) 직장에 다니면서		보조 1차: 부사 칸인데 형용사 꼴
23342	0	tạch	A	(작은 폭발에서 나는) 가볍게 갈라지는 소리의		보조 1차: 형용사 칸에 명사 꼴
23344	0	tại gia	A	(불교) 출가하지 않다, 재가이다		보조 1차: 동사 칸에 관형 꼴
23352	0	tại ngoại hậu cứu	R			클로드: 지금 뜻이 맞음(보조 1차 뜻: 원문 out on bail, 불구속 조사는 덧붙음)
23457	0	tẩm bổ	A		동	보조 1차: 원문이 동사 뜻(to improve...)
23660	0	tồ tồ	A	시끄럽고 많은		보조 1차: 원문에 없는 (물이) 덧붙음
23707	0	tổng đài	R			클로드: 지금 뜻이 맞음(보조 1차 뜻: 콜센터는 원문에 없음)
23770	0	tụi tui	R			클로드: 지금 뜻이 맞음(보조 1차 뜻: 듣는 이 제외는 원문에 없음)
23778	0	tụt	A	떨어지다, 내려가다		보조 1차: 흘러내리다는 원문에 없음
23798	0	tứ thiết	A		명	보조 1차: 원문이 명사 뜻(목재 네 종류)
23843	0	từ ngữ	K	어휘, 표현		클로드 판정(보조 1차 뜻: 원문의 compound word가 빠짐)
23889	0	tử sĩ	K	전사자, 희생한 사람		클로드 판정(보조 1차 뜻: 결사대원은 원문(man of sacrifice)에 없는 뜻)
23896	1	tự kỉ	A	(구어, 비유) 내향적인 사람처럼		보조 1차: 부사 칸에 관형 꼴
23974	0	u du	R			클로드: 지금 뜻이 맞음(보조 1차 ?: 원문이 학명이 빠진 certain species of the genus family뿐이라 왕골 무리(사초과) 확인 불가)
24013	0	uống	R			클로드: 지금 뜻이 맞음(보조 1차 뜻: (약을) 먹다는 원문에 없는 뜻)
24446	0	vô trị	A	무정부의		보조 1차: 원문 형용사 뜻만, 덧붙은 명사 뜻 제거
24462	0	vô tội vạ	A	마구, 함부로	부	보조 1차: gloss 'freely; as one wishes'는 부사 뜻
24616	0	vươn mình	A	(문어) 활짝 피어나다		보조 1차: 원문은 'to flower'뿐, '도약하다'는 원문에 없음
24678	0	vầy	A	이런, 이와 같은		보조 1차: 원문은 'such, like this'뿐, '(= vậy, 남부)'는 원문에 없고 형용사 꼴로 맞춤
24684	0	vất vưởng	A	불확실한, 정해지지 않은, 불안정한		보조 1차: 원문 'uncertain; undecided; unstable'에 없는 '떠도는'을 뺌
24687	1	vẩn	A		동	보조 1차: gloss 'to grow thick; to become muddy'는 동사 뜻
25534	1	xốp	A		명	보조 1차: 제목은 형용사이나 gloss polystyrene은 명사 뜻
25535	0	xới	A	(구어) 고향, 지역, 땅, 나라		보조 1차: 뜻 칸이 뒤바뀜(gloss hometown; region; area)
25535	1	xới	A	(흙을) 갈아엎다, 북돋우다		보조 1차: 뜻 칸이 뒤바뀜(gloss to turn up earth)
25535	2	xới	A	(밥을) 푸다, 파다		보조 1차: 뜻 칸이 뒤바뀜(gloss to dig; to scoop rice)
25586	0	yên sĩ phi lí thuần	A	(옛) 영감(음역어)		보조 1차: 한국어 칸에 영어(inspiration)가 남음
25613	0	yêu dấu	A	(문어) 깊이 사랑하다, 소중히 여기다		보조 1차: 동사 칸에 형용사 꼴
25753	0	ác chiến	A	격전을 벌이다		보조 1차: 동사 칸에 gloss에 없는 형용사 뜻(격렬한)이 덧붙음
25768	5	ách	A	(옛) 프랑스 식민지 시기의 하급 관리인 부책임자 직위	명	보조 1차: 품사 제목은 Verb이나 gloss는 직위(명사) 뜻
25867	0	áo tơi	A		명	보조 1차: 제목은 형용사이나 gloss(a kind of straw coat)는 명사 뜻
26681	0	đon	A	단, 묶음		보조 1차: 원문 sheaf, bundle에 없는 '볏모'를 덧붙임
26775	0	đày	A	유배 보내다		보조 1차: 원문에 없는 '혹사하다'를 덧붙임
26861	0	đánh đổi	A		동	보조 1차: 품사 제목은 Noun이나 gloss는 'to sacrifice…'로 동사 뜻
26897	0	đãi ngộ	A	대우하다, 보수를 주다		보조 1차: 원문 to compensate, to remunerate(동사)에 없는 명사 '대우'를 덧붙임
26903	0	đã đời	A	(구어) 흡족한		보조 1차: 형용사 칸에 부사형 '실컷, 흡족하게'를 섞어 씀
26940	0	đê mê	R			클로드: 지금 뜻이 맞음(보조 1차 뜻: 원문 'obsessed with; crave'에 없는 '황홀해하다, 도취하다'로 옮김)
26947	0	đích tôn	A	장남의 장남인		보조 1차: 형용사 칸에 명사 '종손'을 씀
26956	0	đích danh	R			클로드: 지금 뜻이 맞음(보조 1차 뜻: 명사 칸에 부사형 '실명으로'를 씀)
24140	1	viết	A	(남부) 필기구, 펜		보조 1차: 뜻풀이를 문장째 옮김 — 'non-chalk handheld writing instrument'
24200	0	vong quốc	A	(문어) 나라를 잃다, 나라가 망하다		보조 1차: 동사 칸에 명사 '망국'
24254	0	vái	A	두 손을 모으고 절하다		보조 1차: 뜻풀이 문장 통째 옮김, 짧은 대응어로
24267	0	váy	A	치마, 원피스		보조 1차: gloss 'skirt; dress'에서 dress 빠짐
24284	5	vè	A	(남부) 흙받이		보조 1차: '흙받기'는 틀린 낱말, 흙받이(mudguard)
24296	0	vãn	A	(자리가 파할 무렵) 한산한, 뜸한		보조 1차: 형용사 칸에 '뜸해지다' 동사꼴
24297	0	vên vên	A	(식물) 아니솝테라 코스타타(나무의 한 종)		보조 1차: full=Anisoptera costata인데 '생물의 한 종'으로 뭉뚱그림
24315	0	vò vẽ	K	(북부) 말벌의 한 종(베스파 아피니스)		클로드 판정(보조 1차 뜻: full=lesser banded hornet (Vespa affinis), 학명이 빠지고 '작은'이 덧붙음)
24318	0	vò võ	A	오랫동안 외로운		보조 1차: 형용사 칸에 부사꼴 '외로이'
24331	0	vòi voi	A	(식물) 인도 헬리오트로프		보조 1차: full=Heliotropium indicum인데 '생물의 한 종'으로 뭉뚱그림
24375	0	vô lí	A	말이 안 되는, 터무니없는		보조 1차: gloss 'make sense'는 '이치에 맞지 않는'의 잘림인데 ko가 정반대 '말이 되는'
24783	0	vểnh	A	(귀·꼬리가) 쫑긋 선		보조 1차: 형용사 칸에 타동사꼴 '세우다'
24814	0	vịt giời	R			클로드: 지금 뜻이 맞음(보조 1차 뜻: gloss 'wigeon'(홍머리오리속 오리)을 일반어 '들오리'로 뭉뚱그림)
24829	0	vịt trời	R			클로드: 지금 뜻이 맞음(보조 1차 뜻: gloss 'a wigeon'을 '들오리'로 뭉뚱그림)
24838	0	vối	A	(식물) 시지기움속 식물(학명 시지기움 네르보숨)		보조 1차: full=Syzygium nervosum인데 '생물의 한 종'으로 뭉뚱그림
24840	0	vọp	A	(조개) 맹그로브 조개의 한 종(학명 겔로이나 코악산스)		보조 1차: full=Geloina coaxans인데 '생물의 한 종'으로 뭉뚱그림
24863	4	với	A	(다른 꼴) 관련 없는 것을 일축하며 강조하는 말		보조 1차: 한국어에 뜻이 없고 '(다른 꼴)'뿐 — với chẳng(24875)의 뜻을 닮
24943	0	xa xa	A	좀 먼, 저 멀리 있는		보조 1차: 형용사 칸에 부사꼴 '멀리'
25007	0	xe lôi	R			클로드: 지금 뜻이 맞음(보조 1차 뜻: gloss 'a buggy (vehicle)'에 없는 '오토바이가 끄는' 설명이 덧붙음)
25088	0	xoàng xĩnh	A		형	보조 1차: 원문 품사 제목은 Verb이나 gloss 'very mediocre'는 형용사 뜻
25142	0	xuôi	A	순방향의, 순조로운		보조 1차: 따옴표 낀 gloss를 그대로 옮겨 뜻이 어색함
25278	0	xèo	A		형	보조 1차: 원문 품사 제목은 Verb이나 gloss 'limp, slack, flabby, flaccid'는 형용사 뜻
25283	0	xép	R			클로드: 지금 뜻이 맞음(보조 1차 ?: gloss 'little haven'과 한국어 '작은 곁방'이 맞지 않으나 원문만으로 새 뜻을 확정할 수 없음)
25326	0	xíu	A	(남부) 아주 작은 (một xíu 조금)		보조 1차: 형용사 칸에 부사꼴 '아주 조금'
25338	0	xô bồ	R			클로드: 지금 뜻이 맞음(보조 1차 뜻: gloss 'grossly, boorishly'와 달리 '난잡한, 뒤죽박죽인'을 씀)
25412	0	xơ xác	A		형	보조 1차: 원문 품사 제목은 Adverb이나 gloss 'denuded; withered; bare; abject'는 형용사 뜻
25463	0	xả láng	A	거리낌 없이 마음껏 하다		보조 1차: 동사 칸에 부사꼴 '마음껏, 거리낌 없이'
25491	2	xẩm	A		명	보조 1차: 원문 품사 제목은 Adjective이나 gloss 'Chinese woman'은 명사 뜻
25501	0	xếp hạng	A	순위를 매기다		보조 1차: 원문에 없는 '순위에 오르다'가 ' · '로 덧붙음
25513	2	xốc	A		명	보조 1차: 원문 품사 제목은 Verb이나 gloss 'a bunch; a group'은 명사 뜻
25969	1	ì	A	(바깥 충격에도) 둔하고 고집스럽다		보조 1차: 짧은 대응어로 정리(정의문 옮김)
25979	0	ì ạch	A	낑낑대는, 힘겨운		보조 1차: 형용사 칸에 부사꼴
26026	0	ôi	A	(고기가) 상한, 썩은		보조 1차: 형용사 칸에 명사꼴
26077	0	ùn ùn	A	꾸역꾸역, 수없이		보조 1차: 부사 칸에 관형꼴
26095	0	ý kiến ý cò	A	(구어, 낮잡아) 의견, 입장		보조 1차: 명사 칸에 -랍시고 꼴
26178	0	ăn nói	A	말하다, 자기 생각을 표현하다		보조 1차: 동사 칸에 명사 말주변이 덧붙음
26408	0	Đội ca	R			클로드: 지금 뜻이 맞음(보조 1차 ?: 원문 뜻풀이가 중간에서 잘림(the formal role title of ...), ko 근거 없음)
26409	0	Đội viên	A	(소년 선봉대) 대원		보조 1차: 같은 말 중복(대원 · 대원)
26509	0	đi ngoài	A	(완곡) 대변을 보다		보조 1차: 원문에 없는 설사하다가 덧붙음
26526	0	đi đời nhà ma	A	(구어) 끝장나다, 죽다	동	보조 1차: 품사 제목은 명사이나 gloss가 동사(to die hard)
26544	0	điên điển	A	세스바니아 세스반(식물)		보조 1차: 학명 종(Sesbania sesban)과 맞추기, 속 이름만 쓴 것을 종으로 정리
26544	1	điên điển	A	뱀가마우지속의 새		보조 1차: 물새의 한 무리는 뭉뚱그림, 원문은 Anhinga속
26546	0	đinh lăng	A	폴리시아스 프루티코사(관목)		보조 1차: 종(Polyscias fruticosa)에 맞춤, 원문에 없는 약용 삭제
26554	0	điếu cày	R			클로드: 지금 뜻이 맞음(보조 1차 뜻: 원문에 없는 대나무 덧붙음)
26627	0	điện cơ	A	전기기계학		보조 1차: electromechanics는 학문 분야, 전기 기계는 기계 기기
26990	0	đôi	A	두 배로		보조 1차: 부사 칸에 관형꼴(두 배의)
27002	0	đông nam	A	남동쪽의, 동남쪽의		보조 1차: 형용사 칸에 명사 동남이 섞임
27004	0	đông bắc	A	북동쪽의, 동북쪽의		보조 1차: 형용사 칸에 명사 동북이 섞임
27013	0	đôn hậu	A		형	보조 1차: 품사 제목은 Noun이나 gloss가 형용사 뜻(dignified and empathetic)이고 ko도 형용사꼴
27071	0	đơn giản	A	간단한, 단순한	형	보조 1차: 품사 제목은 Noun이나 gloss가 형용사 뜻(simple)
27072	4	đơn	A	(식물) 프시코트리아속		보조 1차: 원문은 Psychotria속인데 그냥 속(屬)으로 뭉뚱그림
27106	0	đơn sai	A	신의를 저버린		보조 1차: 원문에 없는 (옛) 꼬리표가 붙음
27187	0	đường đột	A	갑작스러운, 느닷없는, 실례되는		보조 1차: 형용사 칸에 부사 불쑥
27267	0	đại tài	A	큰 인재, 재주가 뛰어난 사람		보조 1차: 명사 칸에 형용사꼴이 섞임
27315	0	đả đảo	A	타도하다		보조 1차: 원문에 없는 구호 명령형 덧붙임
28454	1	gạo	K	목면나무(봄박스 세이바, 붉은 꽃이 피는 나무)		클로드 판정(보조 1차 ?: 원문 Bombax ceiba(목면나무류)인데 판야나무는 다른 종(켑나무)일 수 있어 한국어 종 이름 판단 불가, 뒤 (식물의 한 종류)도 군더더)
28481	0	lương	A	(옛 말투 또는 합성어에서만) 기독교 신자가 아닌		보조 1차: 원문은 non-Christian인데 '천주교'로 좁힘
28487	3	mai	A	오크나과의 나무(때로 관목)의 한 종		보조 1차: 살구나무와 다른 식물인데 살구나무로 읽힘
28565	1	táo	A	인도대추		보조 1차: 학명 Ziziphus mauritiana는 인도대추, 대추(Z. jujuba)는 2번 뜻
28634	0	Hỏa Lò	A	(역사) 푸카인(하노이의 옛 마을)		보조 1차: 원문은 옛 마을 Phụ Khánh인데 한국어에 없는 뜻 화로가 덧붙고 옛 감옥은 원문에 없음
28813	1	dẽ run	R			클로드: 지금 뜻이 맞음(보조 1차 ?: 원문이 속 이름이 잘린 채(any shorebird of the genus genus)라 어느 속인지 알 수 없고 한국어 어떤 속의 도요새는 모)
28826	1	giẽ giun	R			클로드: 지금 뜻이 맞음(보조 1차 ?: 원문이 속 이름이 잘린 채(any shorebird of the genus genus)라 어느 속인지 알 수 없고 한국어 어떤 속의 도요새는 모)
28910	1	hỏa châu	R			클로드: 지금 뜻이 맞음(보조 1차 ?: 원문이 속 이름이 잘린 채(likely of the genus genus)라 어떤 꽃인지 알 수 없고 한국어 꽃의 한 종류는 모호함)
28998	0	kỳ tôm	R			클로드: 지금 뜻이 맞음(보조 1차 ?: 원문이 (species)만 남아 잘렸고 학명도 없어 중국물도마뱀이 맞는지 판단 불가)
29002	0	kỹ	A	꼼꼼한, 자세한		보조 1차: 형용사 칸에 부사꼴 꼼꼼히, 자세히를 씀
29128	0	nguyên ủy	A	기원, 유래		보조 1차: 원문 origin, provenance인데 경위·내막은 다른 뜻
29202	0	quỉ	A	귀신, 악마, 도깨비		보조 1차: 원문은 못생기거나 장난스럽거나 악한 영(귀신·악마·도깨비 등)인데 장난꾸러기는 원문에 없는 다른 뜻
29257	0	thiên lý	K	통킹재스민(텔로스마, 꽃을 먹는 덩굴 식물)		클로드 판정(보조 1차 ?: 원문이 (species)만 남아 잘렸고 학명도 없어 판단 불가, 한국어 야래향은 다른 식물(밤에 향 나는 꽃)일 가능성)
29277	0	thượng sỹ	A	원사		보조 1차: 원문 sergeant major인데 한국군 계급에서 상사가 아니라 원사에 해당, 1번(master sergeant)과 엇갈림
29277	1	thượng sỹ	A	상사		보조 1차: 원문 master sergeant인데 한국군 계급에서 원사가 아니라 상사에 해당, 0번과 엇갈림
29283	0	thẩm mỹ viện	R			클로드: 지금 뜻이 맞음(보조 1차 뜻: 원문은 beauty salon인데 성형외과는 원문에 없는 뜻)
35183	0	kiều nương	A		명	보조 1차: gloss는 '아름다운 여인'(명사)
35201	0	kịn	A	비밀스럽다(옛)	형	보조 1차: '비밀'은 동사 칸에 명사꼴
35216	0	kinh viện	A		명	보조 1차: gloss는 경전 강사(명사)
35217	0	kính viễn	A		명	보조 1차: gloss는 원시용 안경(명사)
35218	0	kinh cụ	A		동	보조 1차: gloss 'Sợ hãi'는 동사 뜻
35249	0	kính ái	A		동	보조 1차: '존경하고 사랑하다'는 동사 뜻
35260	0	kịt	A	꼭 닫혀		보조 1차: 부사 칸에 '닫히다' 동사꼴
35262	0	ký họa	A	스케치	명	보조 1차: gloss는 빠른 그림 방식(명사)
35264	0	kỳ ngộ	A		명	보조 1차: gloss는 '기이한 만남'(명사)
35282	0	kỳ tài	A		명	보조 1차: gloss는 뛰어난 재능(명사)
35308	0	lá tọa	A	(바지가) 겉끈으로 묶여 허리가 늘어지다		보조 1차: 형용사 칸에 명사꼴
35309	0	lại cái	A		명	보조 1차: '남녀 양성의 사람'은 명사 뜻
35311	0	lách cách	A	딸각딸각(작고 단단한 물건이 부딪치는 소리)	부	보조 1차: 의성어, 형용사 칸에 명사꼴
35312	0	lại bữa	A		동	보조 1차: '밥맛이 돌아오다'는 동사 뜻
35317	0	là lượt	A		형	보조 1차: gloss 'Đẹp và sang'은 형용사 뜻
35325	0	lá mặt	A	겉만 꾸며 위선적이다		보조 1차: 형용사 칸에 명사꼴
35326	0	lá nhãn	A	상품 라벨 · 꼬리표		보조 1차: 상표는 라벨과 다름
35333	0	lạch đạch	A	무겁게 걷는 모양		보조 1차: 부사 칸에 동사꼴
35334	0	lả lướt	A	걸음걸이가 지쳐 보이다		보조 1차: 형용사 칸에 명사꼴
35363	0	lai máu	A	(동물이) 잡종이다		보조 1차: 형용사 칸에 명사꼴
35364	0	lai nhai	A	끈질기게		보조 1차: 부사 칸에 동사꼴
35391	0	lãi thuần	R			클로드: 지금 뜻이 맞음(보조 1차 ?: gloss가 비어 있어('.') 판단할 수 없음)
35395	0	làm mẫu	A	견본을 만들다		보조 1차: 뜻풀이를 문장째 옮김
35395	1	làm mẫu	A	진열해 보이다		보조 1차: 뜻풀이를 문장째 옮김
35400	0	làm mướn	R			클로드: 지금 뜻이 맞음(보조 1차 ?: gloss가 비어 있어('.') 판단할 수 없음)
35401	0	làm ngơ	R			클로드: 지금 뜻이 맞음(보조 1차 ?: gloss가 비어 있어('.') 판단할 수 없음)
35403	0	làm nhàm	A		동	보조 1차: '쉴 새 없이 ~하다'는 동사 뜻
35403	1	làm nhàm	A		동	보조 1차: '쉴 새 없이 ~하다'는 동사 뜻
35438	0	làm rẽ	A	수확을 나누는 소작 방식		보조 1차: 명사 칸에 동사꼴
35440	0	làm xằng	R			클로드: 지금 뜻이 맞음(보조 1차 ?: gloss가 비어 있어('.') 판단할 수 없음)
35444	0	làng nhàng	A		형	보조 1차: gloss는 '호리호리하고 약간 마름'(형용사)
35475	0	lanh tanh	A		부	보조 1차: 의성어, 형용사 칸에 '딸랑딸랑'
35488	0	lạnh gáy	R			클로드: 지금 뜻이 맞음(보조 1차 ?: gloss가 비어 있어('.') 판단할 수 없음)
35489	0	lạt lẽo	R			클로드: 지금 뜻이 맞음(보조 1차 ?: gloss가 비어 있어('(phương ngữ) .') 판단할 수 없음)
35500	0	lau láu	A	재잘재잘		보조 1차: 부사 칸에 동사꼴
35519	0	láo lếu	R			클로드: 지금 뜻이 맞음(보조 1차 ?: gloss가 비어 있어('.') 판단할 수 없음)
35530	0	lay lắt	K		형	클로드: 의태어·서술 뜻풀이(Nói …) — 베트남어 사전 관례대로 형용사(보조 1차 품사: 뜻풀이가 동사 뜻)
35530	1	lay lắt	K		형	클로드: 의태어·서술 뜻풀이(Nói …) — 베트남어 사전 관례대로 형용사(보조 1차 품사: 뜻풀이가 동사 뜻)
35538	0	lăm lẳm	A	손에 꽉 쥐어		보조 1차: 부사 칸에 동사꼴
35557	0	lắm khi	A		부	보조 1차: '자주'는 부사 뜻
35559	0	lắm lời	A		형	보조 1차: '말이 많다'는 형용사 뜻
35561	0	lạy tạ	A		동	보조 1차: gloss는 '절하여 감사하다'(동작)
35563	0	lắc rắc	A	후드득(빗방울이 드문드문 떨어지는 소리)	부	보조 1차: 의성어, 형용사 칸에 명사꼴
35563	1	lắc rắc	A	톡톡(가볍고 바삭하며 드문드문 이어지는 소리)	부	보조 1차: 의성어, 형용사 칸에 명사꼴
35565	0	lặn ngụp	R			클로드: 지금 뜻이 맞음(보조 1차 ?: gloss가 비어 있음('(hiếm)'))
35583	0	lắt mắt	A		형	보조 1차: '작다'는 형용사 뜻
35607	0	lâm học	R			클로드: 지금 뜻이 맞음(보조 1차 ?: gloss가 비어 있어('.') 판단할 수 없음)
35615	0	lầu lầu	K		형	클로드: 의태어·서술 뜻풀이(Nói …) — 베트남어 사전 관례대로 형용사(보조 1차 품사: '없어지다'는 동사 뜻)
35616	0	lập cập	K		형	클로드: 의태어·서술 뜻풀이(Nói …) — 베트남어 사전 관례대로 형용사(보조 1차 품사: '떨다'는 동사 뜻)
35616	1	lập cập	K		형	클로드: 의태어·서술 뜻풀이(Nói …) — 베트남어 사전 관례대로 형용사(보조 1차 품사: '걸음이 불안하다'는 서술 뜻)
35630	0	lấy được	A	제 이익만 위해 도리를 무시하고		보조 1차: '얻다'는 gloss와 다름
35645	0	lân tuất	A		동	보조 1차: '긍휼히 여기다'는 동사 뜻
35660	0	lề luật	R			클로드: 지금 뜻이 맞음(보조 1차 ?: gloss가 비어 있어('.') 판단할 수 없음)
35661	1	le te	A	몸집은 작으나 영리하고 재빠르다		보조 1차: 형용사 칸에 명사꼴
35661	2	le te	A	경망스럽고 허둥대다		보조 1차: 형용사 칸에 명사꼴
35662	0	lem lém	K		형	클로드: 의태어·서술 뜻풀이(Nói …) — 베트남어 사전 관례대로 형용사(보조 1차 품사: '번지다'는 동사 뜻)
35662	1	lem lém	K		형	클로드: 의태어·서술 뜻풀이(Nói …) — 베트남어 사전 관례대로 형용사(보조 1차 품사: '먹다'는 동사 뜻)
35662	2	lem lém	K		형	클로드: 의태어·서술 뜻풀이(Nói …) — 베트남어 사전 관례대로 형용사(보조 1차 품사: 서술 뜻)
35663	1	lép bép	A	쉴 새 없이		보조 1차: 부사 칸에 동사꼴
35665	0	lẹp xẹp	A	(집이) 작고 낮다		보조 1차: 형용사 칸에 명사꼴
35677	0	lè xè	A	땅에 닿을 듯 낮게		보조 1차: 부사 칸에 형용사꼴
35679	0	lèo xèo	A	지글지글(기름이 끓고 타는 소리)	부	보조 1차: gloss는 소리, 동사 칸
35684	0	lẹp kẹp	A		부	보조 1차: gloss는 신발 끄는 소리(의성어)
35700	0	lệ luật	R			클로드: 지금 뜻이 맞음(보조 1차 ?: gloss가 비어 있어('(ít dùng) .') 판단할 수 없음)
35706	0	lệ khệ	A	무겁고 힘겹게		보조 1차: 부사 칸에 동사꼴
35728	0	lên cao	A	위로		보조 1차: 부사 칸에 동사꼴
35736	0	lễ tang	R			클로드: 지금 뜻이 맞음(보조 1차 ?: gloss가 비어 있어('.') 판단할 수 없음)
35749	0	lệnh lang	A		명	보조 1차: gloss는 '남의 아들을 부르는 말'(명사)
35757	0	lí láu	A	재잘재잘		보조 1차: 부사 칸에 동사꼴
35772	0	lí bình	A		명	보조 1차: gloss 'Sự bình đẳng'은 명사 뜻
35775	0	li tâm	R			클로드: 지금 뜻이 맞음(보조 1차 ?: gloss가 비어 있어('.') 판단할 수 없음)
35791	0	liên quân	A		명	보조 1차: gloss는 연합 군대(명사)
35840	0	líu lô	K		형	클로드: 의태어·서술 뜻풀이(Nói …) — 베트남어 사전 관례대로 형용사(보조 1차 품사: '말하다'는 동사 뜻)
35874	0	loảng xoảng	A		부	보조 1차: gloss는 의성어, 형용사 칸에 소리 낱말
35908	0	loạn xí ngầu	A		명	보조 1차: gloss 'Tình trạng hỗn loạn'은 명사 뜻
35919	0	lon xon	A		형	보조 1차: '허둥지둥하다'는 형용사 뜻
35941	0	lọm cọm	K		형	클로드: 의태어·서술 뜻풀이(Nói …) — 베트남어 사전 관례대로 형용사(보조 1차 품사: 서술 뜻(노인이 일하다))
35956	0	lòe bịp	R			클로드: 지금 뜻이 맞음(보조 1차 ?: gloss가 비어 있어('.') 판단할 수 없음)
35966	0	long tong	A		명	보조 1차: gloss는 '작은 북 소리'(명사)
35968	0	long tóc gáy	K	(겁에 질려) 죽어라고 달아나는 모양으로	동	클로드 판정(보조 1차 품사: '달아나다'는 동사 뜻)
35969	0	long vân	A		명	보조 1차: gloss는 '행운의 기회'(명사)
35971	0	lòng máng	A		형	보조 1차: gloss는 '길게 오목하다'(형용사)
35976	0	lóp lép	A	거의 · 가까이		보조 1차: 부사 칸에 동사꼴
36006	0	lộ đồ	A		명	보조 1차: gloss는 '길'(명사)
36020	0	lổm ngổm	A	엉금엉금		보조 1차: 부사 칸에 동사꼴
36031	0	lợn cỏ	A	작은 돼지 품종		보조 1차: 원문에 없는 '토종'이 붙음
36058	0	lông hồng	A	기러기 깃털(아주 가벼움)		보조 1차: 'chim hồng'은 홍학이 아니라 기러기 쪽 새
36059	0	lông lốc	A	데굴데굴		보조 1차: 부사 칸에 동사꼴
36088	0	lở loét	A	번지는 헌데	명	보조 1차: gloss는 '번져 가는 부스럼 병'(명사)
36094	1	lỡm	A		부	보조 1차: '악의로'는 부사 뜻
36097	0	lớ xớ	A		동	보조 1차: '허둥지둥하다'는 동사 뜻
36100	0	lợn bột	A	식용으로 기르는 새끼 안 낳는 돼지		보조 1차: '거세'는 원문에 없음
36108	0	lờ vờ	A	시늉만 내어		보조 1차: 부사 칸에 동사꼴
36128	0	lời chúc	A	축원의 말		보조 1차: '축하'와 '바라는 말'은 다름
36134	0	lợi nhuận ròng	R			클로드: 지금 뜻이 맞음(보조 1차 ?: gloss가 비어 있어('.') 판단할 수 없음)
36135	0	lợi nhuận thuần	R			클로드: 지금 뜻이 맞음(보조 1차 ?: gloss가 비어 있어('.') 판단할 수 없음)
36141	0	lúa nếp	R			클로드: 지금 뜻이 맞음(보조 1차 ?: gloss가 비어 있어('.') 판단할 수 없음)
36142	0	lúa tẻ	R			클로드: 지금 뜻이 맞음(보조 1차 ?: gloss가 비어 있어('.') 판단할 수 없음)
36190	0	lui lủi	A	조용히 홀로		보조 1차: 부사 칸에 동사꼴
36203	0	lục tục	A	잇달아		보조 1차: 부사 칸에 동사꼴
36204	0	lục xì	A		명	보조 1차: gloss는 의료 기관(명사)
36209	0	lủn củn	A	아주 짧게		보조 1차: 부사 칸에 형용사꼴
36224	0	luyện tinh	A	정제법		보조 1차: gloss는 '정제하는 방법'(명사), 동사꼴
36231	0	luống những	A	공만 많이 들여		보조 1차: '헛되이'는 원문에 없고 부사 칸에 동사꼴
36235	0	lủng củng	A		형	보조 1차: '어수선하다' 등 형용사 뜻
36235	1	lủng củng	A		형	보조 1차: '어색하다' 등 형용사 뜻
36235	2	lủng củng	A		형	보조 1차: '화목하지 못하다' 형용사 뜻
36261	0	lúp bê	A	윤활유 부족으로 엔진이 손상되는 현상		보조 1차: 명사 칸에 동사꼴
36264	0	lưỡng cư	R			클로드: 지금 뜻이 맞음(보조 1차 ?: gloss가 비어 있어('(ít dùng) .') 판단할 수 없음)
36268	0	lưỡng diện	A	양면이 있다	형	보조 1차: gloss 'Có hai mặt'은 형용사 뜻
36275	0	lươn mươn	A	질질 끌며		보조 1차: 부사 칸에 동사꼴
36280	0	lướt thướt	A	(옷이) 너무 길어 질질 끌리게		보조 1차: 부사 칸에 동사꼴
36298	0	lực điền	A		명	보조 1차: gloss는 '건장한 농민'(명사)
36304	0	lừa mị	R			클로드: 지금 뜻이 맞음(보조 1차 ?: gloss가 비어 있어('.') 판단할 수 없음)
36310	0	mạ điện	A	전기 도금하다		보조 1차: 동사 칸에 명사꼴
36312	0	mà lại	K	그런데도, 그러면서도(상반되는 뜻을 이음)	접	클로드 판정(보조 1차 둘: gloss는 접속사 뜻)
36312	1	mà lại	A	(문장 끝에서) 강조를 나타냄	부	보조 1차: gloss는 부사 뜻
36313	0	ly tâm	A		명	보조 1차: gloss는 '원심력'의 줄임말(명사)
36325	0	lưu li	A	귀한 옥		보조 1차: '유리'는 원문에 없고 오해를 줌
36338	0	mã lửa	A	(수탉이) 털이 붉고 윤기 나다		보조 1차: 형용사 칸에 명사꼴
36342	0	mạ kẽm	A	아연 도금하다		보조 1차: 동사 칸에 명사꼴
36355	0	ma pháp	R			클로드: 지금 뜻이 맞음(보조 1차 ?: gloss가 비어 있어('.') 판단할 수 없음)
36392	0	mải mí	A	눈을 크게 뜨는 것		보조 1차: 명사 칸에 동사꼴
36398	0	mạ kền	A	니켈 도금하다		보조 1차: 동사 칸에 명사꼴
36429	0	mạng lởm	A	통신망이 불안정하다		보조 1차: 형용사 칸에 명사꼴
36439	0	mãn kinh	A	폐경되다		보조 1차: 동사 칸에 명사꼴
36454	0	máu cá	A	연한 붉은색이다		보조 1차: 형용사 칸에 명사꼴
36460	0	máu mê	A		명	보조 1차: gloss는 '지나치게 좋아하는 성질'(명사)
36463	0	mào đầu	A		동	보조 1차: '서두를 꺼내다'는 동사 뜻
36498	0	may sao	A	다행히도		보조 1차: 부사 칸에 형용사꼴
36502	0	may rủi	A	운에 달려 불확실하다		보조 1차: 형용사 칸에 명사꼴
4207	0	bắn vào quá khứ	A	과거를 모르다, 과거를 왜곡하다		보조 1차: 원문은 과거를 모르거나 왜곡한다는 뜻인데 ko는 직역(과거를 향해 쏘다)
4266	0	bặt	R			클로드: 지금 뜻이 맞음(보조 1차 뜻: 원문 completely silent에 없는 (소식이) 한정이 붙음)
4292	0	bết	R			클로드: 지금 뜻이 맞음(보조 1차 뜻: 원문 soiled/smeared인데 (땀·흙이)를 지어 덧붙임)
4297	0	bến xe	R			클로드: 지금 뜻이 맞음(보조 1차 ?: 원문 gloss는 a parking lot(주차장)인데 ko는 버스 터미널·정류장으로 서로 다름; 원문만으로 판단 불가)
4299	0	bến cảng	R			클로드: 지금 뜻이 맞음(보조 1차 뜻: 원문 berth(선석·정박지)인데 ko는 항구로 다름)
4312	0	bể Đông	A	(옛) 남중국해		보조 1차: 원문 South China Sea인데 ko가 한국의 동해로 읽힘
4345	0	bệt	A	바닥에 납작하게 붙어(앉거나 누운 모양)		보조 1차: 원문은 바닥에 낮게 붙어 앉거나 눕은 모양이며 털썩 주저앉음은 아님; 부사 꼴로
4363	1	bị chú	A		명	보조 1차: 제목은 Verb이나 gloss가 annotation; remark로 명사
4371	1	bịch	A	(의성) 털썩(무거운 것이 넘어지는 소리)	부	보조 1차: 제목은 Adjective이나 gloss가 의성 소리; 부로 고침
4408	0	bỏ mẹ	A	(원래 북부, 상스러움) 망했다		보조 1차: 원문 go south(일이 틀어짐)에 없는 꺼져가 덧붙음
4494	3	bổ	A	(떨어지는 모양) 빠르고 세게 땅으로		보조 1차: 부사 칸인데 동사형으로 씀
4500	4	bồng	A	(항해, 옛) 뱃머리 쪽		보조 1차: 명사 칸인데 형용사 꼴(~의)
22586	0	tu hú	R			클로드: 지금 뜻이 맞음(보조 1차 뜻: 원문은 코엘속·아시아코엘인데 검은뻐꾸기는 다른 새(드론고뻐꾸기류) 이름이라 종이 맞지 않음)
22597	0	tu hài	A	개량조개속의 조개 한 종		보조 1차: 종 이름을 뭉뚱그린 '생물의 한 종'으로 씀; 학명 Lutraria는 개량조개속
22598	1	tu huýt	A	뻐꾸기의 한 종류(아마)		보조 1차: 원문은 뻐꾸기류(아마 plaintive cuckoo)인데 '새의 한 종류'로 뭉뚱그림
22631	0	tuyến tính	A		형	보조 1차: 제목은 Noun이나 gloss가 linear(선형의)로 형용사
22631	1	tuyến tính	A		형	보조 1차: 제목은 Noun이나 gloss가 linear(선형의)로 형용사
22690	0	tuần trăng	A	삭망월(신월에서 다음 신월까지)		보조 1차: 초승달은 신월이 아님(원문은 new moon)
22710	0	tuốt luốt	A	끝까지, 쭉	부	보조 1차: 원문 all the way(부사 뜻)인데 ko가 몽땅·죄다로 다르고 구어 꼬리표가 없음
22711	0	tuốt tuồn tuột	A	끝까지, 쭉	부	보조 1차: 제목은 Noun이나 gloss가 all the way(부사); ko도 원문과 다름
22769	0	tàn phá	R			클로드: 지금 뜻이 맞음(보조 1차 뜻: 원문은 to be destroyed(수동)인데 ko는 능동 파괴하다)
22770	0	tàng hình	R			클로드: 지금 뜻이 맞음(보조 1차 뜻: 원문에 없는 스텔스의가 덧붙음)
22835	0	tác động vật lí	A		동	보조 1차: 제목은 Noun이나 gloss가 to affect physically(동사)
22835	1	tác động vật lí	A		동	보조 1차: 제목은 Noun이나 gloss가 to hit(동사)
22850	0	tái tục	R			클로드: 지금 뜻이 맞음(보조 1차 뜻: 원문 to resume에 없는 갱신하다가 덧붙음)
22855	0	tán	A	수관, 숲의 우거진 윗부분		보조 1차: 원문 canopy(숲 꼭대기 층)인데 우듬지는 나무 한 그루의 꼭대기
22878	1	táo ta	A	대추속 식물의 한 종		보조 1차: 종 이름 없이 뭉뚱그린 '한 종'; 학명 Ziziphus는 대추속
22878	2	táo ta	A	(일반적으로) 대추속의 나무		보조 1차: '그 속의 나무'로 어느 속인지 빠짐; 원문은 대추속
22887	0	táu	A	바티카속의 여러 목재용 나무		보조 1차: 어느 속인지 빠져 뭉뚱그림; 원문은 Vatica속
22889	0	táo mèo	A	도키니아속 식물의 한 종		보조 1차: 종 이름 없이 뭉뚱그린 '한 종'; 원문은 Docynia속
22889	1	táo mèo	A	도키니아속 식물의 열매, 때로 '고양이 사과'로 직역함		보조 1차: '그 속'으로 어느 속인지 빠짐
22971	0	têm	A	(구장 잎을) 석회를 발라 접다		보조 1차: betel leaf는 구장 잎이고 빈랑은 areca라 다름
22999	0	tênh	A	완전히 (buồn tênh 쓸쓸하기 그지없다)		보조 1차: 부사 칸에 원문에 없는 '텅 빈' 덧붙음
23038	0	tình tiết	A	세부 사항, 정황		보조 1차: 원문은 details·circumstances인데 '줄거리'로 좁힘
23043	0	tí tách	A	똑똑, 톡톡 (작은 것이 떨어지는 소리)		보조 1차: 정의 문장을 그대로 옮김
23068	0	tín ngưỡng	A	신앙, 믿음		보조 1차: 영어 정의 문장을 그대로 옮김, 짧은 대응어가 있음
23110	0	tóc tiên	A	(식물) 개맥문동		보조 1차: Liriope spicata는 개맥문동이고 맥문동은 L. platyphylla라 다름
23110	1	tóc tiên	A	(식물) 소엽맥문동		보조 1차: Ophiopogon japonicus는 소엽맥문동으로 부름, 애기맥문동은 맞지 않음
23111	0	tóc xanh	A		명	보조 1차: gloss가 'the youth'로 명사 뜻인데 동사로 되어 있음
23164	0	tông hiến	A	(가톨릭) 사도 헌장		보조 1차: '교황령'은 교황이 다스리던 땅(Papal States)을 뜻해 apostolic constitution과 다름
23322	0	tường vi	A	찔레나무(찔레꽃)		보조 1차: multiflora rose는 찔레나무(찔레꽃)이고 '찔레장미'는 표준 이름이 아님
27365	0	đất phù sa	R			클로드: 지금 뜻이 맞음(보조 1차 ?: 원문이 illuvium(집적층)인데 한국어 충적토는 alluvium 뜻이라 어긋남, 원문 오류 의심)
27529	0	đẳng chu	R			클로드: 지금 뜻이 맞음(보조 1차 ?: 원문은 isometric(치수가 같은)인데 한국어 등주(둘레가 같은, isoperimetric)와 어긋남, 원문만으로 판단 불가)
27536	0	đặc trưng	A	특징		보조 1차: 명사 칸에 형용사형 '특징적인'이 덧붙음
27549	0	đặc sệt	A	아주 걸쭉한		보조 1차: 원문에 없는 '(말투가) 짙은' 덧붙음
27565	0	đặm	R			클로드: 지금 뜻이 맞음(보조 1차 뜻: 원문은 intense뿐인데 '짭짤한'이 덧붙음)
27604	0	đề đốc	A	(군사, 해군) 해군 소장		보조 1차: 원문 rear admiral은 소장이고 '준장의 다른 이름'은 잘린 gloss 때문에 어긋남
27608	0	đề-pa	A		동	보조 1차: gloss가 'to set off'로 동사 뜻인데 명사로 되어 있음
27620	0	đền ơn đáp nghĩa	A	(관용) 은혜에 보답하다		보조 1차: 원문에 없는 '(전쟁 희생자·유공자에게)' 덧붙음
27626	0	để nguyên	A		동	보조 1차: gloss가 'to leave something as it is'로 동사 뜻인데 명사로 되어 있음
27714	0	định rõ	A		동	보조 1차: 한국어가 동사 꼴(분명히 정하다)인데 부사 칸에 있고 gloss도 'specified; made clear'로 부사 뜻이 아님
27763	0	đốc thúc	R			클로드: 지금 뜻이 맞음(보조 1차 뜻: gloss는 지속을 위해 계속 살피는 것인데 ko는 독촉·다그침)
27764	0	đỏ đọc	A	핏빛		보조 1차: 명사 칸에 형용사 꼴 '시뻘건'
27779	0	đối ngoại	A	대외 업무를 다루다, 대외의		보조 1차: 동사 칸에 명사 '대외' 와 ' · ' 로 이은 꼴
27782	0	đối nội	A	국내 업무를 다루다, 대내의		보조 1차: 동사 칸에 명사 꼴 '대내 · 국내의'
27835	0	đồng biến	R			클로드: 지금 뜻이 맞음(보조 1차 ?: gloss 'proportionate' 인데 ko는 '증가하는(함수)' — 원문만으로 어느 쪽이 맞는지 판단 불가)
27863	0	đồng lương	A	(구어) 봉급, 급여		보조 1차: '박봉'(적은 봉급)은 원문에 없는 뜻
27874	0	đồng liêu	A	동료 관리이다, 동료 관리의		보조 1차: 동사 칸에 명사 '동료' 가 덧붙음
27893	6	đổ	R			클로드: 지금 뜻이 맞음(보조 1차 ?: gloss 'and up' 이 잘린 듯해 ko '끝내 ~하게 되다' 와 맞는지 판단 불가)
27917	0	đổi đời	R			클로드: 지금 뜻이 맞음(보조 1차 ?: gloss 'to move forward' 와 ko '인생이 바뀌다, 팔자를 고치다' 가 어긋나나 원문만으로 판단 불가)
27927	0	đổng	A	(목표 없이) 큰 소리로 쏘아붙이듯		보조 1차: 부사 칸에 동사 꼴 '쏘아붙이다'
27988	0	động vật có xương sống	R			클로드: 지금 뜻이 맞음(보조 1차 뜻: Chordata 는 척삭동물이며 척추동물(Vertebrata)이 아님)
28087	0	đừ	R			클로드: 지금 뜻이 맞음(보조 1차 ?: gloss 'to numb' 인데 ko는 '녹초가 된'(형용사 꼴)이라 어긋나며 원문만으로 판단 불가)
28245	1	ềnh	A		동	보조 1차: gloss 가 'to lie down…' 동사 뜻인데 품사 제목은 Adjective
29338	0	trai lý	R			클로드: 지금 뜻이 맞음(보조 1차 ?: 원문이 'species species'로 잘려 종 이름 없음)
29338	1	trai lý	R			클로드: 지금 뜻이 맞음(보조 1차 ?: 원문이 '(species)'만 있어 잘림)
29385	0	tùy theo	A		전	보조 1차: 'according to'는 전치사 뜻
29385	1	tùy theo	A		전	보조 1차: 'depending on'은 전치사 뜻
29434	0	vô lý	K	말이 안 되는, 터무니없는		클로드 판정(보조 1차 ?: 원문이 '[[make sense'로 깨져 있고 부정 표시가 없어 판단 불가)
29465	0	yên sĩ phi lý thuần	A	(옛) 영감		보조 1차: 한국어 칸에 영어 'inspiration'이 남음
29474	0	úy	A	위관(소위·중위·대위)		보조 1차: 원문에 없는 '두려워하다'가 덧붙음
29524	0	ầm ầm	A	(의성어) 우르릉 울리는		보조 1차: 형용사 칸에 명사구('소리')를 씀; 원문은 thundering·roaring·rumbling
29545	0	ác man	A		형	보조 1차: 'Tàn ác dã man'은 형용 뜻풀이
29548	0	ác long	A		명	보조 1차: 'rồng dữ'는 명사 뜻풀이
29548	1	ác long	A		명	보조 1차: 'vợ khỏe ghen'은 명사 뜻풀이
29549	0	a la hỉ	A		동	보조 1차: 'mừng rỡ trước việc gì'는 동사 뜻풀이
29549	1	a la hỉ	A		동	보조 1차: 'Đón cô dâu chú rể…'는 동사 뜻풀이
29550	0	ả hảo	A		감	보조 1차: 'Vâng, dạ'는 응답 감탄사 뜻풀이
29551	0	ai ải	A		명	보조 1차: 'Sự liên tục'는 명사 뜻풀이
29553	0	ách giữa đàng	A		명	보조 1차: 'Khó khăn trước mắt'는 명사 뜻풀이
29554	0	a nà	A		감	보조 1차: 'Ê này'는 감탄사 뜻풀이
29586	0	ải Vân	A	운관 관문(왕소군이 비파를 타며 슬퍼했다는 곳)		보조 1차: 원문에 없는 '베트남 중부'가 덧붙음; 원문은 왕소군이 오랑캐에게 공물로 가던 관문
29604	0	ảnh hậu	K	(영화제) 여우주연상 수상자, 최고의 여배우		클로드 판정(보조 1차 뜻: 원문 '(nữ) người ăn ảnh nhất'에 없는 '영화배우'가 덧붙음)
29605	0	ảnh đế	K	(영화제) 남우주연상 수상자, 최고의 남배우		클로드 판정(보조 1차 뜻: 원문 '(nam) người ăn ảnh nhất'에 없는 '영화배우'가 덧붙음)
29606	0	ao chuồng	A		명	보조 1차: 'Gia đình có điều kiện căn bản'은 명사 뜻풀이
29607	0	án phạt vạ	A	지나친 소비 때문에 치르는 큰 대가	명	보조 1차: 뜻풀이가 명사구이고 한국어가 동사 꼴
29608	0	ải mĩ nhân	A		명	보조 1차: 'thử thách nhục dục…'는 명사 뜻풀이
29609	0	ái chà chà	R			클로드: 지금 뜻이 맞음(보조 1차 ?: 원문 뜻풀이가 '.'로 비어 있음)
29647	0	ắng họng	R			클로드: 지금 뜻이 맞음(보조 1차 ?: 원문 뜻풀이가 '.'로 비어 있음)
29687	0	ắt hẳn	A		부	보조 1차: 'Xem dĩ nhiên'(틀림없이)는 부사 뜻이고 한국어도 부사
29702	0	ấn loát phẩm	R			클로드: 지금 뜻이 맞음(보조 1차 ?: 원문 뜻풀이가 '(lỗi thời) .'로 비어 있음)
29711	0	ấm êm	R			클로드: 지금 뜻이 맞음(보조 1차 ?: 원문 뜻풀이가 '(văn chương) .'로 비어 있음)
29729	0	ân gia	A		명	보조 1차: 'Cha nuôi'는 명사 뜻풀이
29740	0	bả cước	A	절름발이 다리		보조 1차: 명사 칸에 동사 꼴('절다'); 원문은 'Chân khập khiễng'(절뚝거리는 다리)
29742	0	bà chằng	A		명	보조 1차: 'Hổ thành tinh'은 명사 뜻풀이
29746	0	ba cùng	A		동	보조 1차: 'Cùng ăn, cùng ở và cùng lao động'은 동사 뜻풀이
29748	0	bả dột	A	약용 식물(Ayapana triplinervis)		보조 1차: 원문의 종 이름(학명)이 빠짐
29794	0	ba xị đế	R			클로드: 지금 뜻이 맞음(보조 1차 ?: 원문 뜻풀이가 꼬리표만 있고 비어 있음)
29799	0	ba xăng khao	A	허튼소리를 하는(방언)		보조 1차: 형용사 칸에 명사('허튼소리')를 씀; 원문은 'ăn nói vớ vẩn'
29814	0	bạc mẫu	A		명	보조 1차: 'Cái khuôn đúc bạc'는 명사 뜻풀이
29820	0	bạch ngọc	A		고유	보조 1차: 'H. Vị Xuyên,'는 지명 뜻풀이
29820	1	bạch ngọc	A		고유	보조 1차: 'Hà Giang.'은 지명 뜻풀이
29867	0	bài bây	A	일부러 질질 끌며 책임을 피하는 짓		보조 1차: 명사 칸에 동사 꼴; 원문은 'Hành động cố ý kéo dài…'(행동)
29872	0	bãi miễn	R			클로드: 지금 뜻이 맞음(보조 1차 ?: 원문 뜻풀이가 '(pháp luật)' 꼬리표뿐이라 비어 있음)
29876	0	bài bông	A	옛 연회·마을 잔치 때 추던 춤		보조 1차: 원문에 없는 '궁중'이 덧붙음; 원문은 연회·잔치(yến tiệc, đình đám)
29877	0	bài bạc	R			클로드: 지금 뜻이 맞음(보조 1차 ?: 원문 뜻풀이가 '(khẩu ngữ)' 꼬리표뿐이라 비어 있음)
29900	0	bám riết	A		동	보조 1차: 'diễn tả cái gì đó cứ đi theo một ai đó hoài'는 동사 뜻이고 한국어도 동사 꼴
29901	0	ban phước	A		동	보조 1차: 'Trái nghĩa chúc dữ'(축복하다)는 동사 뜻이고 한국어도 동사 꼴
29920	0	bàn ra	A		동	보조 1차: 'Bàn với ý không tán thành'은 동사 뜻풀이이고 한국어도 동사 꼴
29944	0	ban thiện	A		동	보조 1차: 'Vua ban cơm cho ai'는 동사 뜻풀이이고 한국어도 동사 꼴
29953	0	bán ròng	A		명	보조 1차: 'Tình trạng…'(상태)는 명사 뜻풀이이고 한국어도 명사
29977	0	bán mạng	R			클로드: 지금 뜻이 맞음(보조 1차 ?: 원문 뜻풀이가 '(khẩu ngữ)' 꼬리표뿐이라 비어 있음)
30023	0	bán trả dần	R			클로드: 지금 뜻이 맞음(보조 1차 ?: 원문 뜻풀이가 '.'로 비어 있음)
30027	0	bảng số	A	수표(제곱·제곱근·로그 등을 미리 계산해 둔 표)		보조 1차: '수표'만 쓰면 어음(수표)으로 오해; 원문은 계산해 둔 수치표
30036	0	bảo cử	A		동	보조 1차: 'Đề cử ai làm công việc…'는 동사 뜻풀이이고 한국어도 동사 꼴
30047	0	bánh ú tro	A		명	보조 1차: 'Bánh tro gói hình tháp'는 명사 뜻풀이
30049	0	bao gói	A		동	보조 1차: 'Đóng gói'는 동사 뜻풀이이고 한국어도 동사 꼴
30057	0	bánh khúc	A	찹쌀·녹두·돼지고기에 khúc 채소를 넣어 둥글게 빚어 찐 북부 평야의 떡		보조 1차: '쿡잎'은 근거 없는 말; 원문은 rau khúc(khúc 채소)
30058	0	bánh xích	R			클로드: 지금 뜻이 맞음(보조 1차 뜻: 원문에 없는 '무한궤도'가 덧붙음)
30080	0	bảo hòa	A		고유	보조 1차: 'Đồng Nai.'는 지명 뜻풀이
30146	0	batê	R			클로드: 지금 뜻이 맞음(보조 1차 ?: 원문 뜻풀이가 '(옛)' 꼬리표뿐이라 뜻을 확인할 수 없음)
30158	0	bát sách	A	또똠(카드놀이) 패의 하나 · 엉뚱한 사람을 빗대는 말(농담)		보조 1차: 원문의 핵심 뜻(또똠 패 이름)이 빠짐
30174	0	bắt phạt	R			클로드: 지금 뜻이 맞음(보조 1차 ?: 원문 뜻풀이가 비어 있음)
30175	0	bất hoặc	A	세상 이치에 통달하다		보조 1차: 원문은 '세상일에 통달함'인데 '불혹'만 씀
30196	0	bẩn tưởi	A		명	보조 1차: 뜻풀이가 '쓰레기·오물'로 명사
30201	0	bấy chày	R			클로드: 지금 뜻이 맞음(보조 1차 ?: 원문 뜻풀이가 꼬리표뿐이라 확인 불가)
30217	1	be be	A		감	보조 1차: 원문 'Tht.'(의성어 감탄사)인데 동사로 표시
30223	1	bất	A		접두	보조 1차: 앞붙이 요소(접두)인데 명사로 표시
30241	0	bẻ ghi	A		동	보조 1차: 뜻풀이가 '조종하다'로 동사
30246	1	bé con	A		형	보조 1차: '작은'은 형용사인데 부사로 표시
30250	0	be bé	A		형	보조 1차: '조금 작다'는 형용사
30253	0	bắt ấn	A	손가락 끝·뿌리를 눌러 정수리·꼬리뼈 쪽 혈을 자극하다		보조 1차: 원문은 손가락 자극으로 혈을 활성화한다는 뜻이고 '수인을 맺다'는 원문에 없음
30273	0	bèn bẹt	A		형	보조 1차: '약간 납작하다'는 형용사
30283	0	bẻo lẻo	A		형	보조 1차: '수다스럽다'는 형용사 꼴
30288	0	bèo Nhật Bản	K	부레옥잠		클로드 판정(보조 1차 ?: 원문 뜻풀이가 비어 있고 '일본 수초'는 근거 없음)
30293	0	béo múp	A		형	보조 1차: '통통하다'는 형용사
30295	0	béo quay	A		형	보조 1차: '살찌다'는 형용사/동사 꼴, 명사 아님
30300	0	bế kinh	A	월경량이 아주 적은 병증		보조 1차: 원문은 월경혈이 아주 적게 나오는 병증인데 '무월경'은 다름
30304	1	bềnh bồng	A	떠다니는		보조 1차: '~를 나타내는 말'로 풀이를 옮김
30309	0	bĩ bàng	A		형	보조 1차: '충분하다·번듯하다'는 형용사
30315	0	bệ ngọc	A	옥좌를 놓는 단		보조 1차: 원문은 왕의 자리를 놓는 단(대)인데 '옥좌'로 씀
30318	0	bệnh nghề nghiệp	A		명	보조 1차: 명사구인데 속담으로 표시
30319	0	bệnh thành tích	A		명	보조 1차: 명사구인데 속담으로 표시
30321	0	bếp Hoàng Cầm	A	호앙껌 야전 아궁이(연기를 흩어 공중 발견을 피함)		보조 1차: 이름 'Hoàng Cầm' 표기가 틀림
30331	0	bỉ ngạn	A	석산(꽃무릇) · 붉게 피는 꽃, 죽음·저승의 상징		보조 1차: 종 이름(Lycoris radiata)이 빠짐
30335	0	bi hài kịch	A	희비극		보조 1차: 풀이 문장을 옮김, 대응어 있음
30388	0	binh di	A		동	보조 1차: 뜻풀이 '적을 평정함'은 동사
30390	0	biên thư	A		명	보조 1차: 뜻풀이가 '국경 밖 소식'으로 명사
30414	0	biết chừng nào	A		구	보조 1차: 뜻풀이가 '…를 나타내는 말(조합)'로 구
30423	0	biết đâu đấy	A		구	보조 1차: 뜻풀이가 '…를 나타내는 말(조합)'로 구
30423	1	biết đâu đấy	A		구	보조 1차: 뜻풀이가 '…를 나타내는 말(조합)'로 구
30435	0	bình Phiên	A		동	보조 1차: '적을 평정하다'는 동사구, 고유명사 아님
30440	0	bịt mồm	A		동	보조 1차: '입을 막다'는 동사구, 속담 아님
30460	0	binh vực	R			클로드: 지금 뜻이 맞음(보조 1차 ?: 원문 뜻풀이가 비어 있음('(옛)' 표시뿐))
30476	0	bĩu môi	R			클로드: 지금 뜻이 맞음(보조 1차 ?: 원문 뜻풀이가 비어 있음)
30478	0	bom đạn	R			클로드: 지금 뜻이 맞음(보조 1차 뜻: 원문 'Chiến tranh'뿐인데 '폭탄과 총탄' 덧붙음)
30485	0	bỏ đi	R			클로드: 지금 뜻이 맞음(보조 1차 뜻: 원문은 '다른 곳으로 가다'뿐, '버리다'는 덧붙음)
30493	0	bó vỉa	A		동	보조 1차: 뜻이 동사구인데 속담으로 표시
30493	1	bó vỉa	A		동	보조 1차: 뜻이 동사구인데 속담으로 표시
30494	0	bỏ thăm	A		동	보조 1차: '투표하다'는 동사, 속담 아님
30536	0	bỏng mắt	A		관용	보조 1차: 일반 관용 표현이지 속담이 아님
30543	0	boong boong	R			클로드: 지금 뜻이 맞음(보조 1차 ?: 원문 뜻풀이가 '(연속 뜻)' 꼬리표뿐이라 확인 불가)
30576	0	bộ tịch	A		명	보조 1차: 뜻풀이가 '몸짓'으로 명사
30584	0	bổ mí	A		명	보조 1차: 뜻풀이가 '성형 수술'로 명사, 속담 아님
30595	0	bơi trải	A	전통 방식으로 배 경주를 하다		보조 1차: 동사 칸에 명사형 뜻
30606	0	bột mỳ	R			클로드: 지금 뜻이 맞음(보조 1차 ?: 원문 뜻풀이가 비어 있음)
30612	0	bơi nhái	R			클로드: 지금 뜻이 맞음(보조 1차 ?: 원문 뜻풀이가 '(방언)' 꼬리표뿐이라 확인 불가)
30627	0	bời bẹ	A		명	보조 1차: 뜻풀이가 '도박'으로 명사
30628	0	bộn lộc	A		형	보조 1차: '복이 많다'는 형용사 꼴
30632	0	bờ bụi	A	둑과 덤불		보조 1차: 원문은 '둑과 덤불'인데 '덤불'만 씀
30638	0	bơi sải	A	자유형으로 헤엄치다		보조 1차: 동사 칸에 명사 '자유형'만 씀
30703	0	buột tay	A		동	보조 1차: '손에서 놓치다'는 동사
30712	0	ca cao	A	카카오나무		보조 1차: 나무 묘사를 풀어 옮김, 대응어 있음
30717	0	bút vẽ	R			클로드: 지금 뜻이 맞음(보조 1차 ?: 원문은 '화가의 필명·서명'이라 하는데 '화필'과 어긋남(원문 자체가 의심스러움))
30721	0	buồn thiu	A	실망해 흥이 없이 슬프다		보조 1차: 형용사 칸에 명사형 뜻
30723	0	bứng ghế	A		동	보조 1차: '파면하다'는 동사, 속담 아님
30744	0	bưu thiệp	R			클로드: 지금 뜻이 맞음(보조 1차 ?: 원문 뜻풀이가 비어 있음)
30745	0	bức cung	A	강압 신문(자백 강요)		보조 1차: 원문은 명사(신문 방식)인데 동사로 씀
30770	0	cả cục	A		부	보조 1차: '통째로·한꺼번에'는 부사
30771	0	cả gói	A		부	보조 1차: '통째로·전부'는 부사
30806	1	cam tuyền	K		고유	클로드: 의성·의태어 품사 통일(소리 흉내=부, 모양·상태=형)(보조 1차 품사: 지명인데 형용사로 표시)
30813	0	cảm mạo	A	감기(기후 탓에 앓음)		보조 1차: 풀이 문장을 옮기고 동사형으로 씀
30834	0	cao danh	A	높은 명성		보조 1차: 명사 칸에 '명성이 높다'를 씀
30863	0	cao đạc	A		동	보조 1차: 뜻풀이가 '고도를 측량하다'로 동사
30866	0	cao tầng	A	(건물이) 층수가 많은		보조 1차: 형용사인데 명사 '고층'만 씀
30881	0	cấm khẩu	A	입이 굳어 말을 못 하다		보조 1차: 동사 칸에 명사 '병'을 쓰고 원문에 없는 '함구하다'를 덧붙임
30901	0	căng buồm	A		동	보조 1차: '돛을 올리다'는 동사
30908	0	cắt cầu	A		동	보조 1차: '거래를 끊다'는 동사
30917	0	cặp nhiệt	A	체온계		보조 1차: 풀이 문장을 옮김, 대응어 있음
30936	0	cẩn mật	A		형	보조 1차: '치밀하다·엄중하다'는 형용사 꼴
30939	0	cầm cờ	A		명	보조 1차: '거문고와 바둑'은 명사
30948	0	cắt đúm	A		동	보조 1차: '장터에서 짝을 구하다'는 동사구, 속담 아님
30956	0	cần vọt	A	깊은 곳에서 무거운 것을 끌어올리는 긴 장대		보조 1차: 원문에 없는 '물'이 덧붙음
30959	0	cập kênh	A		형	보조 1차: 뜻풀이가 '쉽게 기울어지는'으로 형용사
30970	0	câu lệnh	A		명	보조 1차: 뜻풀이가 '명령'으로 명사
30978	0	cây gai	R			클로드: 지금 뜻이 맞음(보조 1차 ?: 원문은 '동아시아 토종 식물'뿐이라 '모시풀' 여부를 확인할 수 없음)
30985	0	cha chả	R			클로드: 지금 뜻이 맞음(보조 1차 ?: 원문 뜻풀이가 비어 있음)
30989	0	cất chức	A		동	보조 1차: '해임하다·파면하다'는 동사
31010	0	cầu thân	A		동	보조 1차: 뜻풀이가 '혼인을 청하다'로 동사
31010	1	cầu thân	A		동	보조 1차: 뜻풀이가 '가까워지고 싶어 하다'로 동사
31032	0	cháo đậu	A	콩과 카사바로 쑨 죽		보조 1차: 원문의 '콩과 카사바(sắn)' 중 카사바가 빠짐
31036	0	chạy một đời	A		명	보조 1차: '앞뒤 못 헤아리는 사람'은 명사구, 속담 아님
31055	0	chao lượn	A	기우뚱거리며 날다		보조 1차: 원문은 '이리저리 기울어 날다'인데 '선회하다'는 뜻이 다름
31064	0	châu Á	R			클로드: 지금 뜻이 맞음(보조 1차 ?: 원문 뜻풀이가 비어 있음)
31073	0	chậm tiêu	A	소화가 매우 느린		보조 1차: 원문 gloss는 소화가 매우 느린 사람을 가리킨다는 뜻인데 문장째 옮김
31073	1	chậm tiêu	A	정보를 받아들이는 것이 매우 느린		보조 1차: 원문 gloss는 정보 수용이 매우 느린 사람을 가리킨다는 뜻인데 문장째 옮김
31079	0	chấm mút	A		명	보조 1차: 제목은 속담이나 gloss는 '부당 이득 행위'라는 명사 뜻
31087	0	chập cheng	A		부	보조 1차: gloss는 심벌즈 소리를 흉내 낸 말(의성어), 동사 칸에 소리 낱말
31111	0	chấp uy	A		동	보조 1차: gloss는 '명령을 집행함'이라는 동사 뜻, 명사 칸에 동사 꼴
31124	0	chấp sự	A		동	보조 1차: gloss는 '임무를 맡아 수행하다'라는 동사 뜻, 명사 칸에 동사 꼴
31126	0	chè lam	A	찹쌀·생강·땅콩·계피로 만든 말랑한 엿		보조 1차: 원문의 재료 중 계피(quế)가 빠지고 재료만 나열됨
31127	1	chất mùn	K	-		클로드 판정(보조 1차 ?: gloss '갈색'은 부식질 설명의 조각일 뿐 별도 뜻이 아님; 원문만으로 판단 불가)
31127	2	chất mùn	K	-		클로드 판정(보조 1차 ?: gloss '어디에나 흔히 있는'은 부식질 설명의 조각일 뿐 별도 뜻이 아님; 원문만으로 판단 불가)
31166	0	chỉ có	A		부	보조 1차: ko '오직·단지'는 부사인데 형용사 칸
31167	0	chết mòn	A		동	보조 1차: gloss는 '천천히 죽다'라는 동사 뜻
31203	0	chiền chiền	A		형	보조 1차: gloss '분명하다, 뚜렷하다'는 형용사 뜻, 명사 칸
31215	0	chia phước	A		동	보조 1차: gloss는 '축원'의 반의어로 복을 빌어 주다(동사 뜻), 명사 칸에 동사 꼴
31235	0	chim phường chèo	A	할미새사촌류의 새		보조 1차: 수컷 붉고 암컷 노란 새는 할미새사촌(Pericrocotus)류; 홍여새는 다른 새(여새류)
31262	0	chíp hôi	A		형	보조 1차: gloss '작고 어리석고 하찮다'는 형용사 뜻, 명사 칸에 형용사 꼴
31297	0	chốc mòng	A		부	보조 1차: gloss '그동안, 지금까지'는 부사 뜻, 동사 칸
31307	0	chơm	A		형	보조 1차: gloss 'thơm과 같다'는 형용사 뜻, 부사 칸에 '향기롭다'
31309	0	chơi hết mình	R			클로드: 지금 뜻이 맞음(보조 1차 ?: gloss(대중의 요구를 충족시킴)가 한국어 '있는 힘껏 놀다'와 맞지 않아 원문으로 판단 불가)
31320	0	chơi bậu	A		동	보조 1차: gloss는 chơi hụi(계를 하다)를 보라는 동사 뜻, 명사 칸에 동사 꼴
31347	0	chung thiên	A	평생토록(잊지 않음)		보조 1차: 부사 칸에 동사 꼴 '잊지 않다'; gloss는 '평생, 영원히'라는 부사 뜻
31367	0	chuẩn nhận	A		동	보조 1차: gloss는 '승낙하다, 동의하다'라는 동사 뜻, 명사 칸에 동사 꼴
31369	0	chuẩn tắc	A		명	보조 1차: gloss는 '규범(표준의 모음)'이라는 명사 뜻, 형용사 칸
31385	0	chuông vàng	A	자자한 명성		보조 1차: 명사 칸에 서술형 '명성이 자자하다'; gloss는 '자자한 명성'이라는 명사구
31417	0	chửa trứng	A	포상기태에 걸리다		보조 1차: 동사 칸에 명사꼴 '포상기태'; gloss는 포상기태 상태로 임신함
31427	0	co rút	A		동	보조 1차: gloss는 '작고 좁게 만들다'라는 동사 뜻, 형용사 칸
31432	0	có nghĩa	R			클로드: 지금 뜻이 맞음(보조 1차 뜻: gloss는 정이 깊고 변함없는 의리 있음인데 '뜻이 있다'는 원문에 없는 다른 뜻)
31436	2	chứa chan	K		고유	클로드: 의성·의태어 품사 통일(소리 흉내=부, 모양·상태=형)(보조 1차 품사: gloss는 산 이름(땅 이름) 설명, 형용사 칸)
31438	0	có người	A		형	보조 1차: gloss는 '사람이 있는(곳)'이라는 서술 뜻, 명사 칸에 서술형
31497	0	con đường	A	도로 · 길		보조 1차: 도로의 정의 문장을 통째로 옮김, 짧은 대응어 있음
31497	1	con đường	A	길 · 여정		보조 1차: 정의 문장을 통째로 옮김, 짧은 대응어 있음
31514	0	cóc cách	A		부	보조 1차: gloss는 딱딱 부딪는 소리 흉내(의성어), 형용사 칸
31534	1	con thoi	A		명	보조 1차: gloss는 '빠르게 여러 번 오가는 움직임'이라는 명사 뜻, 형용사 칸
31572	0	cô quả	A	고아나 과부의 처지이다		보조 1차: 형용사 칸에 명사꼴 '…신세'
31594	0	công chiếu	A		동	보조 1차: gloss는 '(영화가) 일반에 공개 상영되다'라는 동사 뜻, 명사 칸에 동사 꼴
31595	0	công du	A	공무로 순방하다	동	보조 1차: gloss는 중요 인물이 먼 곳(주로 해외)으로 공무 출장 가다라는 동사 뜻, 명사 칸
31602	0	công nhiên	A		부	보조 1차: gloss '공공연하게(부사)'를 명사 칸에 둠, ko는 부사
31608	0	cố nhiên	R			클로드: 지금 뜻이 맞음(보조 1차 뜻: gloss는 사물·현상이 본래 지닌 자연스러운 본질인데 ko는 다른 뜻(당연하다·물론))
31614	0	công trái	A	공채		보조 1차: 정의 문장을 통째로 옮김, 짧은 대응어 있음
31622	0	cống sinh	A		명	보조 1차: gloss는 향시에 천거된 학생을 가리키는 명사 뜻, 형용사 칸
31628	0	công tôn	A	공작의 아들이나 손자		보조 1차: 원문은 공작의 아들 또는 손자, 아들이 빠짐
31644	0	cơ mầu	A	불리한 형세		보조 1차: 명사 칸에 서술형 '불리해지다'; gloss는 상황이 불리하게 돌아가는 형세
31667	0	của riêng	A		명	보조 1차: ko '사유 재산·개인 소유'는 명사인데 형용사 칸
31672	0	cù loi	A		명	보조 1차: gloss는 바지 벗고 뛰어다니는 사내아이를 가리키는 명사 뜻, 형용사 칸
31686	0	cúc cu	A		부	보조 1차: gloss는 산비둘기 울음소리를 흉내 낸 말(의성어), 동사 칸
31786	0	cường nhược	A		명	보조 1차: ko '강약'은 명사인데 형용사 칸
31798	1	cửu	A		수	보조 1차: gloss '아홉'은 수사, 명사 칸
31800	0	dạ quang	A	어둠 속에서 푸르게 빛나다		보조 1차: 형용사 칸에 명사 '야광'; gloss는 어둠 속에서 푸르스름하게 빛남
31891	1	dấp	A		명	보조 1차: gloss와 ko '모습, 모양'은 명사, 동사 칸
31906	0	dăng dẳng	A	아주 길게		보조 1차: 부사 칸에 동사 꼴 '이어지다'; gloss는 '매우 긴 것을 가리킴'
31925	0	dẫn chương trình	A		동	보조 1차: gloss는 프로그램을 소개·진행하다라는 동사 뜻, 명사 칸
31997	0	diện tiền	A	면전에서 · 눈앞에서		보조 1차: 부사 칸에 명사형(면전·눈앞)
31999	0	dốc đứng	A	급경사		보조 1차: 명사 칸에 형용사 '가파르다'가 섞임
32011	0	dịu nhẹ	R			클로드: 지금 뜻이 맞음(보조 1차 ?: gloss가 '.'뿐이라 판단 불가)
32024	0	dinh luỹ	A	보루		보조 1차: 정의 문장을 옮김, 짧은 대응어 '보루'가 있음
32024	1	dinh luỹ	A	아성, 거점		보조 1차: 정의 문장을 옮김
32027	0	du xuân	A		동	보조 1차: gloss가 '구경하러 가다' 동사 뜻
32038	0	duơn	A		명	보조 1차: gloss 'duyên'(명사 변형)인데 품사가 형
32045	0	dụng ngữ	A	통용어		보조 1차: gloss에 없는 '용어'가 덧붙음
32047	0	dùi giắng	A	일단 임시로	부	보조 1차: gloss가 '당분간'이라는 부사 뜻인데 품사가 형
32048	0	dù rằng	A		접	보조 1차: '비록 ~일지라도' 접속 뜻인데 품사가 명
32070	0	dụ cung	A	꾀어 자백받는 심문		보조 1차: 명사 칸에 동사형, gloss는 심문 방식
32099	0	dư lào	A	어떻게	부	보조 1차: gloss '어떻게'인데 대명사 칸에 '어떠하다'
32108	0	dự chiến	R			클로드: 지금 뜻이 맞음(보조 1차 ?: gloss가 '.'뿐이라 판단 불가)
32137	0	đan lát	A	기구를 엮어 만들다(구어)		보조 1차: gloss에 없는 '대나무'가 덧붙음
32147	0	đằng hắng	R			클로드: 지금 뜻이 맞음(보조 1차 ?: gloss가 '.'뿐이라 판단 불가)
32163	0	đầy dẫy	R			클로드: 지금 뜻이 맞음(보조 1차 ?: gloss가 꼬리표뿐이라 판단 불가)
32180	0	đế kinh	R			클로드: 지금 뜻이 맞음(보조 1차 ?: gloss가 꼬리표뿐이라 판단 불가)
32191	0	đẹp giai	R			클로드: 지금 뜻이 맞음(보조 1차 ?: gloss가 꼬리표뿐이라 판단 불가)
32192	0	đầu đàn	A	무리의 우두머리 짐승		보조 1차: 정의 문장을 옮김, 짧은 대응어가 있음
32192	1	đầu đàn	A	선도자, 앞장서는 사람·단위		보조 1차: 정의 문장을 옮김
32195	0	để kháng	R			클로드: 지금 뜻이 맞음(보조 1차 ?: gloss가 꼬리표뿐이라 판단 불가)
32209	0	địa phủ	R			클로드: 지금 뜻이 맞음(보조 1차 ?: gloss가 꼬리표와 '.'뿐이라 판단 불가)
32215	0	độ dài	R			클로드: 지금 뜻이 맞음(보조 1차 ?: gloss가 '.'뿐이라 판단 불가)
32218	0	định tội	A		동	보조 1차: gloss가 '죄를 확정하다'라는 동사 뜻
32238	0	đền bồi	R			클로드: 지금 뜻이 맞음(보조 1차 ?: gloss가 꼬리표뿐이라 판단 불가)
32251	0	đương cục	R			클로드: 지금 뜻이 맞음(보조 1차 ?: gloss가 꼬리표뿐이라 판단 불가)
32270	1	động thổ	A	착공하다 · 기공하다		보조 1차: 정의 문장을 옮김, 짧은 대응어가 있음
32294	0	đa bào	A	다세포의		보조 1차: 형용사 칸에 명사형
32302	0	đa diện	A	다면체		보조 1차: 정의 문장을 옮김, 대응어 '다면체'가 있음
32339	0	đường hoàng	R			클로드: 지금 뜻이 맞음(보조 1차 ?: gloss가 '.'뿐이라 판단 불가)
32361	0	đại thống	A		동	보조 1차: gloss가 '여러 갈래를 잇다'라는 동사 뜻인데 품사가 명
32392	1	đảo điên	A	정직하지 않다	형	보조 1차: gloss가 'Tt.'(형용사)인데 품사가 동
32395	0	đạo hoả	A		동	보조 1차: gloss가 '불을 밟다'라는 동사 뜻인데 품사가 명
32443	0	đằng sau	A		명	보조 1차: '뒤 · 후방' 명사형인데 품사가 형
32458	0	đầu cuối	A	단말기		보조 1차: 정의 문장을 옮김, 짧은 대응어가 있음
32458	1	đầu cuối	A	단말 장치		보조 1차: 정의 문장을 옮김
32464	0	đâm bang	A		동	보조 1차: gloss가 '횡설수설하다'라는 동사 뜻
32467	0	đắm chìm	R			클로드: 지금 뜻이 맞음(보조 1차 ?: gloss가 '.'뿐이라 판단 불가)
32563	0	địa chất	A	지질		보조 1차: 정의 문장을 옮김, 대응어 '지질'이 있음
32564	0	điện cảm	A	자기 유도		보조 1차: gloss는 회로를 닫거나 열 때 생기는 현상(자기 유도)인데 '전자기 유도'는 더 넓은 다른 개념
32569	1	địa tô	A	지대		보조 1차: 정의 문장을 옮김, 대응어 '지대'가 있음
32577	0	điểm sách	A		명	보조 1차: gloss가 책에 대한 소개·평이라는 명사 뜻
32602	0	định canh	A	정착해서 농사짓다		보조 1차: 동사 칸에 명사형
32603	0	định hướng từ	A		동	보조 1차: gloss가 '방향을 정하다'라는 동사 뜻
32616	0	định lượng	A	정량하다		보조 1차: 정의 문장을 옮김, 짧은 대응어가 있음
32616	1	định lượng	A		명	보조 1차: gloss '정해진 수량'은 명사 뜻
32633	0	định tỉnh	A		동	보조 1차: gloss가 '부모를 보살피다'라는 동사 뜻
32643	0	đồ hèn	A		명	보조 1차: '비겁한 놈' 명사형인데 품사가 형
32644	0	đồ hèn hạ	A		명	보조 1차: '비열한 놈' 명사형인데 품사가 형
32645	0	đồ đê tiện	A		명	보조 1차: '천박한 놈' 명사형인데 품사가 형
32648	1	đóng bỉm	A		명	보조 1차: gloss '기대기 좋아하는 사람'은 명사 뜻
32667	0	đổ bác	A	도박하다		보조 1차: 동사 칸에 명사형
32668	0	định tuyến	A	라우팅하다		보조 1차: 정의 문장을 옮김, 짧은 대응어가 있음
32687	0	đốc suất	A		동	보조 1차: gloss가 '군무를 독려하다'라는 동사 뜻
32688	1	đổ thùng	A		명	보조 1차: gloss '분뇨 치우는 일(직업)'은 명사 뜻
32697	0	đổi gió	A	한 위치에서 다른 위치로 옮겨 가다		보조 1차: 동사 칸에 명사형('움직임')
32697	1	đổi gió	A	습관을 바꿔 기분 전환하다		보조 1차: 정의 문장을 옮김, 짧은 대응어가 있음
32710	0	đôi bên	A		명	보조 1차: '양쪽 · 쌍방' 명사 뜻인데 품사가 부
32754	0	đồng chủng	A	같은 겨레이다		보조 1차: 형용사 칸에 명사형
32755	0	đồng học	A	함께 배우다		보조 1차: 동사 칸에 명사 '동창'이 덧붙음
32768	0	đuổi kịp	A	뒤쫓아 따라잡다		보조 1차: 정의 문장을 옮김, 짧은 대응어가 있음
32768	1	đuổi kịp	A	따라잡다		보조 1차: 정의 문장을 옮김, 짧은 대응어가 있음
32773	1	e líp	A	타원		보조 1차: 정의 문장을 옮김, 대응어 '타원'이 있음
32775	0	e e	A		부	보조 1차: gloss가 울음소리(의성어)인데 품사가 동
32788	0	đun nấu	A	음식을 만들다		보조 1차: 동사 칸에 명사형('행위')
32788	1	đun nấu	A	요리하다		보조 1차: gloss가 예문 문장이라 예문 번역이 뜻 칸에 들어감
32840	0	êm giấc	A		동	보조 1차: '편히 잠들다'는 동사 뜻인데 품사가 부
32854	0	ềnh ệch	R			클로드: 지금 뜻이 맞음(보조 1차 ?: gloss가 '(더 강조함)'뿐이라 판단 불가)
32867	1	ê te	A	에테르		보조 1차: 정의 문장을 옮김, 대응어 '에테르'가 있음
32871	0	gà đá	R			클로드: 지금 뜻이 맞음(보조 1차 ?: gloss가 꼬리표와 '.'뿐이라 판단 불가)
32887	0	gà kim tiền	A	다리가 짧고 깃털이 공작 같은 닭		보조 1차: '·'로 두 특징을 별개 뜻처럼 이어 놓음
32894	0	gà bới	A	글씨가 삐뚤빼뚤 흉하다		보조 1차: 형용사 칸에 명사구
32910	0	gác bếp	R			클로드: 지금 뜻이 맞음(보조 1차 품사: 제목 Adjective인데 gloss는 선반(명사)+버리다(동사) 뜻)
32913	0	gạch gạch	A	평행선을 긋다		보조 1차: 정의 문장을 통째로 옮김
32914	0	gả chồng	R			클로드: 지금 뜻이 맞음(보조 1차 ?: gloss가 '.' 뿐이라 원문으로 판단 불가)
32925	0	gạch bán phương	A	바쯔항 벽돌의 절반 크기 바닥용 벽돌		보조 1차: '반쪽 벽돌'은 부서진 벽돌로 오해됨, 바닥에 까는 벽돌이라는 핵심 빠짐
32969	0	gam-ma	A	감마(1그램의 백만 분의 일)		보조 1차: 정의 문장을 통째로 옮김
32969	1	gam-ma	A	감마선		보조 1차: 짧은 대응어(감마선)가 있는데 정의 문장을 옮김
32973	0	gàu dai	A		명	보조 1차: 제목 Verb인데 gloss는 '네 줄 달린 두레박' 명사 뜻
33005	0	gậm	R			클로드: 지금 뜻이 맞음(보조 1차 ?: gloss가 '(ít dùng)' 뿐이라 뜻을 판단할 수 없음)
33007	0	gằm	A	고개를 숙인 채		보조 1차: 부사 칸에 동사 꼴
33099	0	giá họa	A		동	보조 1차: 제목 Noun인데 gloss는 '감싸다' 동작 뜻
33101	0	gia cường	R			클로드: 지금 뜻이 맞음(보조 1차 ?: gloss가 '(Ít dùng)' 뿐이라 뜻을 판단할 수 없음)
33111	0	ghi đè	A		동	보조 1차: 제목 Noun인데 gloss는 '정보를 덮어 기록하다' 동작 뜻
33114	0	gia ơn	A		동	보조 1차: 제목 Noun인데 gloss는 '좋은 일을 해 주다' 동작 뜻
33121	0	gia mang	A	바쁜 집안일, 사사로운 일		보조 1차: 명사 칸에 형용사/동사 꼴
33136	0	giá phỏng	A	(문어, 드묾) 가령, 설령		보조 1차: 정의 문장을 통째로 옮김
33164	0	giản chính	A		동	보조 1차: 제목 Adjective인데 gloss는 '인원을 줄이다' 동작 뜻
33166	0	giam cứu	A		동	보조 1차: 제목 Noun인데 gloss는 '가두어 심문하다' 동작 뜻
33187	0	giám	R			클로드: 지금 뜻이 맞음(보조 1차 ?: 부사 칸에 '감독하다' 동사 꼴인데 gloss는 '통제·조사·권력을 가리키는 말'뿐이라 품사·뜻 판단 불가)
33218	0	giảng thuật	A	설명과 이야기를 곁들이는 교수법	명	보조 1차: 제목 Verb인데 gloss는 '수업 방법' 명사 뜻
33250	0	giảo	A	교수형에 처하다		보조 1차: 동사 칸에 명사 꼴 ('xử giảo' 줄임)
33251	1	giao hội	A	합(두 천체가 지구에서 일직선으로 놓이는 일)		보조 1차: 정의 문장을 통째로 옮김 (짧은 대응어 '합')
33301	0	giáp hạt	A	보릿고개이다		보조 1차: 형용사 칸에 명사 꼴
33339	0	giấc tròn	A		명	보조 1차: 제목 Adjective인데 gloss는 '단잠' 명사 뜻
33385	0	giấy lộn	A	이면지(한 면에 쓴 종이를 뒤집어 다른 면에 쓰는 종이)		보조 1차: 정의 문장을 통째로 옮김 (짧은 대응어 '이면지')
33387	0	giẹo	A	비스듬히		보조 1차: 부사 칸에 형용사 꼴
33478	0	giống như hệt	R			클로드: 지금 뜻이 맞음(보조 1차 ?: gloss가 '.' 뿐이라 원문으로 판단 불가)
33482	0	giới sắc	A		동	보조 1차: 제목 Noun인데 gloss는 '색욕을 삼가다' 동작 뜻
33508	0	giởi	A		동	보조 1차: 제목 Adjective인데 gloss는 '놀다' 동작 뜻
33525	0	giới yên	A		동	보조 1차: 제목 Noun인데 gloss는 '아편을 끊다' 동작 뜻
33530	0	giúi giụi	A	잇따라 지거나 넘어져		보조 1차: 부사 칸에 동사 꼴
33561	0	góc thước thợ	R			클로드: 지금 뜻이 맞음(보조 1차 ?: gloss가 '.' 뿐이라 원문으로 판단 불가)
33582	0	gọn thon lỏn	A	딱 맞게, 남는 것 없이		보조 1차: 부사 칸에 동사/형용사 꼴
33623	0	gu cà phê	A		명	보조 1차: 제목 Adjective인데 gloss는 '커피 취향·애호가' 명사 뜻
33635	0	gương sen	A	연밥이 박힌 깔때기 모양 꽃턱		보조 1차: 'đế hoa'는 꽃받침이 아니라 꽃턱(연밥이 박힌 부분)
33687	0	hai lòng	A	충실하지 않다, 한결같지 않다	형	보조 1차: 부사 칸에 '배신하다' 동사 꼴, gloss는 '충실하지 않음'(형용사)
33703	0	hai mặt	A	양면의, 두 면이 있는		보조 1차: 정의 문장을 통째로 옮김
33703	1	hai mặt	A	양다리를 걸치는, 두 편에 붙는		보조 1차: 정의 문장을 통째로 옮김
33714	1	hàn lâm	A	(구어) 추상적이고 이해하기 어렵다		보조 1차: 형용사 칸에 명사('성질') 꼴
33720	0	hải khẩu	A	항구, 포구		보조 1차: '해구'는 한국어로 바다 골짜기(해저 지형)를 뜻해 오해, gloss는 '바다의 어귀'
33737	0	hành cước	A	걸어서 떠돌며 수행하다(불교)		보조 1차: 동사 칸에 명사 꼴
33740	0	hay làm	A	자주 해서		보조 1차: 부사 칸에 동사 꼴
33741	0	hao phí	A	무분별하게 돈을 써서		보조 1차: 부사 칸에 동사 꼴, '소모하다'는 gloss에 없음
33744	0	hào tình	A		동	보조 1차: 제목 Noun인데 gloss는 '바람피우다' 동작 뜻
33751	0	hay hớm	R			클로드: 지금 뜻이 맞음(보조 1차 ?: gloss가 '(khẩu ngữ) .' 뿐이라 원문으로 판단 불가)
33764	0	hắc búa	R			클로드: 지금 뜻이 맞음(보조 1차 ?: gloss가 '(khẩu ngữ|ít dùng) .' 뿐이라 원문으로 판단 불가)
33802	0	hăng hăng	A	기운차게, 설레며		보조 1차: 부사 칸에 동사/형용사 꼴
33809	0	hầm hè	R			클로드: 지금 뜻이 맞음(보조 1차 뜻: 원문 'Bực tức, cáu kỉnh'에 없는 '으르렁거리다'가 덧붙음)
33813	0	hăng tiết	R			클로드: 지금 뜻이 맞음(보조 1차 ?: 원문이 '(Khẩu ngữ)' 꼬리표뿐이라 뜻을 확인할 수 없음)
33817	0	hấp phụ	A	흡착하다		보조 1차: 동사 칸에 명사꼴 '흡착'
33818	0	hằng tâm	A	마음이 착하고 어려운 사람을 기꺼이 돕다	형	보조 1차: 원문이 'Có lòng tốt, sẵn sàng giúp đỡ'로 형용사 뜻인데 명사 칸에 명사/형용사 혼합
33832	0	hiềm oán	R			클로드: 지금 뜻이 맞음(보조 1차 ?: 원문이 '(từ cũ|ít dùng)' 꼬리표뿐이라 뜻을 확인할 수 없음)
33836	0	hết sảy	R			클로드: 지금 뜻이 맞음(보조 1차 ?: 원문이 '(Phương ngữ, khẩu ngữ)' 꼬리표뿐이라 뜻을 확인할 수 없음)
33846	0	hết đời	A		동	보조 1차: 원문 'chết một cách đáng đời'는 동사 뜻인데 명사 칸
33855	0	hiến sinh	A	산 제물을 바치는 일(옛 풍습)		보조 1차: 명사 칸에 동사꼴
33856	0	hiếu khí	A		명	보조 1차: 원문이 'Quá trình…'(과정)이라 명사 뜻이고 한국어도 명사꼴
33925	0	hoa lê	A		명	보조 1차: 한국어가 명사 '미인'인데 형용사 칸
33946	0	hỏa tốc	A		형	보조 1차: 원문 'Rất gấp'은 형용사 뜻이고 한국어도 형용사꼴인데 명사 칸
33952	0	hoa nguyệt	A		명	보조 1차: 원문이 명사구 'Thú vui xác thịt…'인데 형용사 칸
33969	0	hoang dại	A	야생의 · 자연 그대로의		보조 1차: 원문에 없는 '거칠다'가 덧붙음
33976	0	hoàn tình	A		명	보조 1차: 원문이 보통명사 '약(Thuốc…)'인데 고유명사 칸
33981	0	hoàng đảm	A		명	보조 1차: 원문이 병 이름(Bệnh da…)이고 한국어 '황달'도 명사인데 형용사 칸
33982	0	hoang thai	A	혼외 임신으로 밴 태아		보조 1차: '사생아를 밴 태아'는 앞뒤가 안 맞음. 원문은 'chửa hoang'(혼외 임신)한 사람의 태아
34019	0	hoạnh tài	A		명	보조 1차: 원문이 명사구(Tiền kiếm được…)이고 한국어도 명사인데 형용사 칸
34027	0	hoi hoi	R			클로드: 지금 뜻이 맞음(보조 1차 ?: 원문이 'Hơi hoi'(= 약간 hoi)뿐이라 '노릿하다' 맞는지 확인 불가)
34051	0	hỏi nhỏ	R			클로드: 지금 뜻이 맞음(보조 1차 뜻: 원문 'Hỏi riêng'(따로 묻다)인데 '귓속말로'로 바뀜)
34060	1	hom	A	겉에 종이를 바르는 대나무 골조		보조 1차: nứa는 대나무류인데 '갈대'로 옮김
34070	0	hỏm	A	움푹		보조 1차: 부사 칸에 '패다' 동사꼴
34082	0	hóm	R			클로드: 지금 뜻이 맞음(보조 1차 뜻: 원문 'Láu lỉnh, tinh khôn'에 없는 '익살스럽다')
34110	0	hôm mai	R			클로드: 지금 뜻이 맞음(보조 1차 ?: 원문이 '(văn chương)' 꼬리표뿐이라 뜻을 확인할 수 없음)
34122	0	hồi bái	A		명	보조 1차: 원문 'Lễ đáp thăm'은 명사 뜻이고 한국어도 명사꼴인데 동사 칸
34151	1	hồi hộ	A	아무렇게나		보조 1차: 한국어 칸에 '(부사)' 표기가 섞임
34164	0	hôn loạn	A	어둡고 윤리가 어지럽다		보조 1차: 'loạn luân'(인륜을 어지럽힘)을 '음란하다'로 옮김
34171	0	hồi lương	A	창녀가 선량한 생업으로 돌아오다(옛)		보조 1차: 'gái điếm'은 창녀인데 '기생'으로 옮김
34178	0	hỗn chiến	A	난전을 벌이다		보조 1차: 동사 칸에 명사꼴(난전 · 혼전)
34203	0	hốt hoảng	A		형	보조 1차: 'Sợ cuống quít'은 서술 뜻이고 한국어도 '당황하다'인데 부사 칸
34231	0	hổng đít	A	(아이 바지가) 밑이 터지다		보조 1차: 형용사 칸에 명사구
34249	0	hơn thiệt	A		명	보조 1차: 한국어 '이해득실'은 명사인데 형용사 칸
34255	0	hợp tấu	A	합주곡		보조 1차: 원문 'Bản nhạc…'(악곡)은 명사 뜻인데 동사 '합주하다'가 덧붙음
34280	0	hủ hỉ	A		명	보조 1차: 원문 'Cuộc sống vợ chồng'은 명사 뜻이고 한국어도 명사꼴인데 형용사 칸
34297	0	húng hắng	A	가볍고 드문드문 기침하는 모양		보조 1차: 부사 칸에 동사꼴
34319	0	hút xách	A	아편에 중독되다		보조 1차: 동사 칸에 명사꼴(아편 중독)
34339	0	húi cua	A	(머리를) 아주 짧게 깎은		보조 1차: 형용사 칸에 명사 '머리'
34376	0	huyết cầu tố	R			클로드: 지금 뜻이 맞음(보조 1차 ?: 원문은 'Tế bào máu'(혈구)인데 한국어는 '헤모글로빈'이라 어느 쪽이 맞는지 원문으로 확인 불가)
34383	0	hương linh	R			클로드: 지금 뜻이 맞음(보조 1차 ?: 원문이 '(Phật giáo)' 꼬리표뿐이라 뜻을 확인할 수 없음)
34387	0	hư hại	R			클로드: 지금 뜻이 맞음(보조 1차 뜻: 원문 'Xấu xa và làm hại'에 없는 '망가지다'가 들어감)
34391	0	hư không	R			클로드: 지금 뜻이 맞음(보조 1차 뜻: 원문 'Không có thực'에 없는 '허공'이 들어가고 명사가 섞임)
34426	0	hư nết	A		형	보조 1차: 원문 'Phi đạo đức'은 형용사 뜻이고 한국어도 형용사꼴인데 명사 칸
34463	0	ỉ ôi	A	끈질기게 늘어놓아		보조 1차: 부사 칸에 동사꼴
34471	0	ì ầm	A		부	보조 1차: 원문이 의성어('Từ mô phỏng tiếng động')이고 한국어 '우르릉'도 의성어인데 동사 칸
34487	0	ĩnh	A		형	보조 1차: 한국어 '불룩하다'는 형용사꼴인데 부사 칸
34490	0	im gió	A		형	보조 1차: 원문은 'Nói trời yên lặng'(서술)이고 한국어도 '잠잠하다' 형용사꼴인데 명사 칸
34498	0	ình ịch	A		부	보조 1차: 원문이 'tiếng máy chạy'(의성어)이고 한국어도 '쿵쿵'인데 형용사 칸
34504	0	im trời	A		형	보조 1차: 원문은 'Nói trời yên lặng'(서술)이고 한국어도 '바람 한 점 없다' 서술꼴인데 명사 칸
34509	0	in ti pô	A	활판 인쇄하다		보조 1차: 동사 칸에 명사꼴
34516	0	im thin thít	R			클로드: 지금 뜻이 맞음(보조 1차 ?: 원문이 '(nhưng ý nhấn mạnh hơn)' 꼬리표뿐이라 뜻을 확인할 수 없음)
34534	1	kẹ	A		명	보조 1차: 원문 'Ph. X. Ghẹ'(꽃게의 다른 꼴)로 명사 뜻인데 형용사 칸
34558	0	kẻ hèn hạ	A		명	보조 1차: 한국어 '비열한 사람'이 명사인데 형용사 칸
34559	0	kẻ đê tiện	A		명	보조 1차: 한국어 '비열한 자'가 명사인데 형용사 칸
34579	0	kề cà	A		동	보조 1차: 한국어 '꾸물거리다'는 동사꼴인데 부사 칸
34591	0	kế thế	A		동	보조 1차: 원문 'Nối dõi…'는 동사 뜻이고 한국어도 '대를 잇다'인데 명사 칸
34600	0	kế bên	A	가깝다 · 바로 옆이다		보조 1차: 형용사 칸에 명사꼴(바로 옆 · 곁)
34602	0	kết tội	A		동	보조 1차: 한국어 '죄를 씌우다 · 단죄하다'가 동사인데 명사 칸
34605	0	kết dư	A		명	보조 1차: 원문이 'Tình trạng…'(명사)이고 한국어도 명사인데 형용사 칸
34613	0	kết thân	R			클로드: 지금 뜻이 맞음(보조 1차 ?: 원문이 '(cũ|hiếm)' 꼬리표뿐이라 뜻을 확인할 수 없음)
34673	0	khang kiện	R			클로드: 지금 뜻이 맞음(보조 1차 ?: 원문이 '(cũ) .' 뿐이라 뜻을 확인할 수 없음)
34686	0	khang kháng	R			클로드: 지금 뜻이 맞음(보조 1차 ?: 원문 'mùi bắt đầu kháng'에 없는 '누린내'가 들어가 맞는지 확인 불가)
34720	0	khăn gói	A	보따리		보조 1차: 원문 'Miếng vải vuông…'(명사)에 없는 동사 '짐을 싸다'가 덧붙음
34736	0	khắm lặm	A	견딜 수 없을 만큼 (냄새가 고약하게)		보조 1차: 부사 칸인데 서술어 꼴
34747	0	khâm thử	A	조서 끝에 쓰는 '삼가 알린다'는 문구(옛)	명	보조 1차: gloss는 문구를 가리키는 명사 뜻
34750	0	khẩu ước	A	문서나 구두로 맺는 약정		보조 1차: 원문은 문서 또는 말로 한 합의
34761	0	khe khẽ	R			클로드: 지금 뜻이 맞음(보조 1차 ?: gloss가 '강조 의미'뿐이라 판단 불가)
34763	0	khẩu đầu	A	말뿐이고 진실하지 않다		보조 1차: gloss는 '입끝뿐, 진실 아님'; 동사 칸에 명사꼴
34769	0	khâu vá	A	바느질	명	보조 1차: 명사 칸에 동사꼴
34789	0	khen lao	A		동	보조 1차: gloss 'khen ngợi'는 동사
34794	0	khét nghẹt	R			클로드: 지금 뜻이 맞음(보조 1차 ?: gloss가 '(miền Nam) .'로 비어 있음)
34915	0	khóa xuân	R			클로드: 지금 뜻이 맞음(보조 1차 ?: gloss가 '.'뿐이라 판단 불가)
34931	1	khô cằn	A	감정이나 신체의 발달이 멈추고 메말라 있다		보조 1차: 형용사 칸에 명사꼴
34944	0	khố bao	A	씨름꾼이 경기 때 차는 샅바	명	보조 1차: gloss는 명사(물건) 뜻
34952	0	khổ nhục	A	고통스럽고 치욕스럽다		보조 1차: 형용사 칸에 명사꼴
34974	1	khốn	A	곤경에 빠지다		보조 1차: gloss는 예문 문장일 뿐인데 예문 번역을 뜻으로 씀
34994	0	khởi sơ	A	처음의, 시초의		보조 1차: 형용사 칸에 명사꼴
35011	0	khởi mông	A		동	보조 1차: gloss '(본뜻) 더 깨우치게 하다'는 동사 뜻
35011	1	khởi mông	A		동	보조 1차: gloss는 동사 뜻
35018	2	khú	A		명	보조 1차: gloss '악어'는 명사 뜻
35021	1	khu trục	A	구축함	명	보조 1차: gloss는 군함(명사) 뜻이고 ko는 문장
35051	0	khùng điên	A		형	보조 1차: gloss와 ko 모두 서술 뜻(미치다)
35064	0	khúc nhạc	R			클로드: 지금 뜻이 맞음(보조 1차 ?: gloss가 '.'뿐이라 판단 불가)
35074	0	khử nước	A		동	보조 1차: gloss 'Lấy phân tử nước ra'는 동사 뜻
35121	0	ki-lô-oát giờ	R			클로드: 지금 뜻이 맞음(보조 1차 ?: gloss가 'Công do một động cơ có công suất là.'에서 잘려 있음)
36544	0	mặt đáy	A		명	보조 1차: gloss는 명사(면) 뜻
36575	0	mắm thúi	A		명	보조 1차: gloss는 음식 이름이라 속담이 아님
36576	0	mặn mòi	R			클로드: 지금 뜻이 맞음(보조 1차 뜻: 원문에 없는 형용사 뜻 '짭짤하다'가 덧붙음)
36578	0	mắc mứu	A	생각이 막혀 걸리는 것		보조 1차: 명사 칸에 동사꼴
36587	0	mần răng	A	어떻게(방언)		보조 1차: 부사 칸에 동사꼴
36589	0	mặt sắt	A		명	보조 1차: gloss '엄격한 얼굴'은 명사 뜻
36591	0	mật báo	A		동	보조 1차: gloss 'Loan tin'은 동사 뜻
36651	0	mẹ già	A	서자가 아버지의 본처를 이르는 말		보조 1차: 원문은 첩의 자식에 대한 본처 관계인데 ko가 뜻이 불분명
36708	0	mê cuồng	A		동	보조 1차: gloss '열광하다'는 동사 뜻
36711	0	mê lầm	A		명	보조 1차: gloss '상태'는 명사 뜻이고 ko도 명사꼴
36727	0	minh mạc	A		형	보조 1차: gloss 'Mờ mịt, bát ngát'는 형용사 뜻이고 ko도 형용사꼴
36733	0	miễn là	A		접	보조 1차: gloss 'Chỉ cốt là'는 접속 표현
36734	0	miễn nghị	A	판결을 기각하다		보조 1차: 동사 칸에 명사꼴
36735	0	miễn sai	A	부역을 면제받다(옛)		보조 1차: 동사 칸에 명사꼴
36745	0	mình trần	A	벌거벗다		보조 1차: 형용사 칸에 명사꼴
36760	0	miên trạng	A		명	보조 1차: gloss '수면 상태'는 명사 뜻
36798	0	mỏ phun trào	A		명	보조 1차: gloss는 광상 무리를 가리키는 명사 뜻
36809	0	móc nối	A		동	보조 1차: gloss 'Bắt liên lạc'는 동사 뜻
36835	0	mót đái	A		동	보조 1차: gloss는 '= mắc đái'(동사 뜻)이라 접속사가 아님
36853	0	mô phạm	A	모범적이다		보조 1차: 형용사 칸에 명사꼴
36885	0	mô kích	A		동	보조 1차: gloss 'Khiêu khích, chế nhạo'는 동사 뜻이고 속담이 아님
36922	0	mỡ gà	A	연한 노란색을 띠다		보조 1차: 형용사 칸에 명사꼴
36930	0	mở khí quản	A		명	보조 1차: gloss '수술법'은 명사 뜻이고 ko도 명사꼴
36932	0	mở lồng ngực	A		명	보조 1차: gloss '수술법'은 명사 뜻이고 ko도 명사꼴
36940	0	một mạch	A		부	보조 1차: gloss 'Một cách …'는 부사 뜻이고 ko도 부사
36974	0	mụ già	R			클로드: 지금 뜻이 맞음(보조 1차 뜻: gloss는 특정 인물(환씨 집 집사)인데 '노파'는 원문에 없음)
36984	0	mua ròng	A		명	보조 1차: gloss 'Tình trạng …'은 명사 뜻이고 ko도 명사꼴
36997	0	muôn dặm	A	아득히 멀다	형	보조 1차: '만 리'는 원문에 없고 뜻풀이가 형용 뜻
37001	0	muối trường	A	오래 절이다	동	보조 1차: 명사 꼴이 형 칸에 있음; 뜻풀이는 절여서 오래 지나야 먹는다는 동작
37002	0	muối xổi	A	겉절이하다	동	보조 1차: 명사 '겉절이'가 동사 칸에 있음
37003	0	múm mím	A	살짝 살포시 웃다		보조 1차: 원문은 mủm mỉm(살포시 웃는 모양)에 hơi(약간)를 붙인 것; 입술 오므림은 원문에 없음
37013	0	mùi hôi	A	불쾌한 냄새가 나다		보조 1차: 형용 뜻풀이인데 '이르다'로 끝나는 설명문
37016	0	mụng	A		명	보조 1차: 제목은 속담이나 뜻풀이는 식물 이름(명사); 갯메꽃은 종 대응이 불확실하나 원문 이름만으로 판단 불가
37017	0	mút chuột	A		동	보조 1차: 제목은 속담이나 뜻풀이 'Tán tỉnh'(추근대다)는 동사 뜻
37030	0	mưng	A	곪다		보조 1차: 뜻풀이를 문장째 옮김
37059	0	na pan	A	네이팜		보조 1차: 대응어 '네이팜'이 있는데 정의문을 옮김
37063	0	mưa chùm mây	A		명	보조 1차: 뜻풀이는 명사(비 이름)인데 속담으로 되어 있음
37064	0	mưa nấm mối	A		명	보조 1차: 뜻풀이는 비 이름(명사)인데 속담으로 되어 있음
37079	0	náo	A		형	보조 1차: 뜻풀이 'ồn ào, nhộn nhịp'은 형용 뜻이고 한국어도 형용 꼴
37083	0	nam phục	A	베트남 전통 옷		보조 1차: 원문에 없는 '남자'가 덧붙음
37114	0	nát nước	A		동	보조 1차: 뜻풀이는 '생각하다·궁리하다' 동사 뜻
37118	0	nằm bẹp	R			클로드: 지금 뜻이 맞음(보조 1차 뜻: '몸져눕다'(병으로 앓아 눕다)는 원문에 없음)
37125	0	nằn nì	R			클로드: 지금 뜻이 맞음(보조 1차 ?: 원문 뜻풀이가 비어 있어 판단 불가)
37126	0	nằm mộng	R			클로드: 지금 뜻이 맞음(보조 1차 ?: 원문 뜻풀이가 비어 있어 판단 불가)
37127	0	nắm chắc	R			클로드: 지금 뜻이 맞음(보조 1차 ?: 원문 뜻풀이가 비어 있어 판단 불가)
37145	0	nấm men	A	효모		보조 1차: 뜻풀이를 문장째 옮김; 대응어 '효모'가 있음
37145	1	nấm men	A	술 빚는 데 쓰는 효모		보조 1차: 뜻풀이를 문장째 옮김; 대응어 '효모'가 있음
37156	0	nắng oi	A	바람 없이 무덥다		보조 1차: 명사 꼴이 형 칸에 있음
37157	0	nẩy nở	R			클로드: 지금 뜻이 맞음(보조 1차 ?: 원문 뜻풀이가 없고 (방언) 꼬리표뿐이라 판단 불가)
37158	0	nẩy sinh	R			클로드: 지금 뜻이 맞음(보조 1차 ?: 원문 뜻풀이가 없고 (방언) 꼬리표뿐이라 판단 불가)
37163	2	năm xuân phân	K	-		클로드 판정(보조 1차 ?: 원문이 'Phút.' 한 마디로 잘린 조각이라 뜻 판단 불가)
37167	0	nắng ráo	K	(날씨가) 해가 나고 맑게 개다	형	클로드 판정(보조 1차 ?: 뜻풀이가 nặng(무겁다) 뜻으로 보여 '맑게 개다'인 표제어와 맞지 않음; 품사도 부사 아님)
37167	1	nắng ráo	K	-		클로드 판정(보조 1차 ?: 뜻풀이가 nặng(무겁다) 뜻으로 보여 표제어와 맞지 않음)
37167	2	nắng ráo	K	-		클로드 판정(보조 1차 ?: 뜻풀이가 nặng(무겁다) 뜻으로 보여 표제어와 맞지 않음)
37167	3	nắng ráo	K	-		클로드 판정(보조 1차 ?: 뜻풀이가 nặng(무겁다) 뜻으로 보여 표제어와 맞지 않음)
37167	4	nắng ráo	K	-		클로드 판정(보조 1차 ?: 뜻풀이가 nặng(무겁다) 뜻으로 보여 표제어와 맞지 않음)
37167	5	nắng ráo	K	-		클로드 판정(보조 1차 ?: 뜻풀이가 nặng(무겁다) 뜻으로 보여 표제어와 맞지 않음)
37167	6	nắng ráo	K	-		클로드 판정(보조 1차 ?: 뜻풀이가 nặng(무겁다) 뜻으로 보여 표제어와 맞지 않음)
37167	7	nắng ráo	K	-		클로드 판정(보조 1차 ?: 뜻풀이가 nặng(무겁다) 뜻으로 보여 표제어와 맞지 않음)
37169	0	nặng trĩu	A		형	보조 1차: 뜻풀이는 '나무가 휘다' 형용 뜻이며 부사 아님
37169	1	nặng trĩu	A		형	보조 1차: '매우 무겁다' 형용 뜻이며 부사 아님
37200	0	nắm quyền	A	권력을 가진		보조 1차: 뜻풀이는 '권력 있는 사람을 가리키는 형용사'인데 동사구로 씀
37201	0	nấm cóc	A		명	보조 1차: 뜻풀이 'Nấm độc nói chung'은 명사 뜻
37213	2	néo	A	조임 막대로 꽉 비틀다		보조 1차: 속담 예문(너무 팽팽하면 그르친다)이 뜻으로 섞임
37235	0	ngả ngốn	A		형	보조 1차: 뜻풀이 'ngổn ngang không có trật tự'는 형용 뜻
37245	0	ngã chấp	A	아집에 매이다(불교)		보조 1차: 명사 '아집'이 동사 칸에 있음
37271	0	ngang phè	A		형	보조 1차: 뜻풀이 'rất trái với lẽ thông thường'은 형용 뜻
37274	0	ngau ngáu	A		부	보조 1차: 뜻풀이는 씹는 소리(의성어)이며 한국어도 의성어 꼴
37281	0	ngày rằm	K	음력 보름날(매달 15일)		클로드 판정(보조 1차 ?: 원문이 'Ngày.' 한 마디로 잘렸고 품사도 비어 있어 판단 불가(보름날 뜻이 빠짐))
37281	1	ngày rằm	K	-		클로드 판정(보조 1차 ?: 원문이 'Mỗi tháng âm lịch'로 잘린 조각이라 판단 불가)
37292	0	ngáp ngoải	R			클로드: 지금 뜻이 맞음(보조 1차 ?: 원문 뜻풀이가 비어 있어 판단 불가)
37297	2	ngày vũ trụ	K	-		클로드 판정(보조 1차 ?: 원문이 'Phút).'로 잘린 조각이라 판단 불가)
37299	0	ngăn rào	R			클로드: 지금 뜻이 맞음(보조 1차 ?: 원문 뜻풀이가 비어 있어 판단 불가)
37300	0	ngăn đón	R			클로드: 지금 뜻이 맞음(보조 1차 ?: 원문 뜻풀이가 비어 있어 판단 불가)
37301	0	ngặt nghẹo	R			클로드: 지금 뜻이 맞음(보조 1차 ?: 원문 뜻풀이가 비어 있어 판단 불가)
37302	0	ngăm ngăm	A		형	보조 1차: 뜻풀이 'nói nước da hơi đen'은 형용 뜻
37302	1	ngăm ngăm	A		형	보조 1차: 뜻풀이 'nói bụng hơi đau'은 형용 뜻
37305	0	ngặt ngõng	A		형	보조 1차: 뜻풀이 'chặt chẽ quá'는 형용 뜻
37319	0	ngắn hủn	A		형	보조 1차: 뜻풀이 'rất ngắn'은 형용 뜻
37327	0	ngấp ngó	R			클로드: 지금 뜻이 맞음(보조 1차 ?: 원문 뜻풀이가 비어 있어 판단 불가)
37346	0	ngậu	A		형	보조 1차: 뜻풀이 'rối lên, rầm lên'은 형용 뜻
37376	0	ngẫu tứ	A		명	보조 1차: 뜻풀이 'Sự cảm hứng…'는 명사 뜻인데 속담으로 되어 있음
37378	0	ngẫm ngợi	R			클로드: 지금 뜻이 맞음(보조 1차 ?: 원문 뜻풀이가 비어 있어 판단 불가)
37384	0	nghẻo	A		동	보조 1차: 뜻풀이 'Chết'(죽다)는 동사 뜻이며 한국어도 동사 꼴
37391	0	nghễu	A		형	보조 1차: 뜻풀이 'khổ người rất cao và gầy'는 형용 뜻
37424	1	nghiêng ngả	A	의견을 자주 바꾸고 흔들리다		보조 1차: 형용 칸에 명사 '사람'으로 끝남
37426	0	nghĩa Xuân thu	A		명	보조 1차: 뜻풀이는 '복수의 대의'라는 보통 명사 뜻이지 고유명사 아님
37427	1	nghĩa vị	A	의미소		보조 1차: 뜻풀이를 문장째 옮김; 대응어 '의미소'가 있음
37428	0	nghiêm nhặt	R			클로드: 지금 뜻이 맞음(보조 1차 ?: 원문 뜻풀이가 비어 있어 판단 불가)
37450	0	nghìn dặm	A	아주 멀다	형	보조 1차: '천 리'는 원문에 없고 뜻풀이 'Rất xa'는 형용 뜻
37452	0	nghìn vàng	A	매우 귀하다		보조 1차: 명사 '천금'이 형용 칸에 붙음
37463	0	nghìn trùng	R			클로드: 지금 뜻이 맞음(보조 1차 ?: 원문 뜻풀이가 비어 있어 판단 불가)
37464	0	nghinh chiến	R			클로드: 지금 뜻이 맞음(보조 1차 ?: 원문 뜻풀이가 비어 있어 판단 불가)
37467	0	nghiêm giọng	A		동	보조 1차: 뜻풀이 'Nói với giọng nghiêm khắc'는 동사 뜻이며 한국어도 동사 꼴
37471	1	ngoài da	A	피부에 바르는		보조 1차: 형용 칸에 명사 '약'으로 끝남
37474	0	ngoạch	A		형	보조 1차: 뜻풀이 'lệch lạc, xiêu vẹo'는 형용 뜻
37495	0	ngoại phụ	A	주된 것 밖에 덧붙은		보조 1차: 형용 칸에 타동사 '덧붙이다'를 씀
37518	0	ngỏm	R			클로드: 지금 뜻이 맞음(보조 1차 ?: 원문 뜻풀이가 '(thtục)' 꼬리표뿐이라 판단 불가)
37555	0	ngổ ngáo	R			클로드: 지금 뜻이 맞음(보조 1차 ?: 원문 뜻풀이가 비어 있어 판단 불가)
37570	0	ngọt sắc	A		형	보조 1차: 뜻풀이 'Ngọt đến khê cổ'는 형용 뜻이며 한국어도 형용 꼴
37576	0	ngồi thừ	A		동	보조 1차: 뜻풀이는 '멍하니 앉다' 동작 뜻인데 명사로 되어 있음
37578	0	ngộ sát	A	과실로 사람을 죽이다		보조 1차: 명사 '과실치사'가 동사 칸에 있음
37586	0	ngốc xít	A		형	보조 1차: 뜻풀이 'ngây thơ con trẻ'는 형용 뜻인데 속담으로 되어 있음
37591	0	ngón đeo nhẫn	R			클로드: 지금 뜻이 맞음(보조 1차 ?: 원문 뜻풀이가 비어 있어 판단 불가)
37592	0	ngô nổ	R			클로드: 지금 뜻이 맞음(보조 1차 ?: 원문 뜻풀이가 비어 있어 판단 불가)
37600	0	ngu ý	A		명	보조 1차: 한국어 '제 소견'은 명사 꼴이며 뜻풀이도 명사
37624	0	ngờ đâu	A	뜻밖에도		보조 1차: 뜻풀이를 문장째 옮김
37630	0	ngũ lộ	A		명	보조 1차: 뜻풀이 'tướng mạo'(관상)는 명사 뜻이고 한국어도 명사 꼴
37631	0	ngủ đông	A	겨울잠 · 동면		보조 1차: 원문은 '과정'(명사)인데 한국어가 동사 꼴
37635	0	ngông có kiểu	A		명	보조 1차: 뜻풀이 'Người có cá tính mạnh'는 명사 뜻인데 속담으로 되어 있음
37658	0	nguội lạnh	A		형	보조 1차: 뜻풀이 'Nguội lắm'은 형용 뜻
37677	0	nguội điện	A		동	보조 1차: 뜻풀이 'Chết'(죽다)는 동사 뜻
37681	0	nguyện cầu	R			클로드: 지금 뜻이 맞음(보조 1차 ?: 원문 뜻풀이가 비어 있어 판단 불가)
37689	0	nguyện ước	A	소원		보조 1차: 명사 칸에 동사 '바라다'가 섞임
37722	0	ngữ vựng	R			클로드: 지금 뜻이 맞음(보조 1차 ?: 원문 뜻풀이가 비어 있어 판단 불가)
37727	0	người lính	R			클로드: 지금 뜻이 맞음(보조 1차 ?: 원문 뜻풀이가 비어 있어 판단 불가)
37729	0	nhà bác học	A	학자		보조 1차: '박사'(학위 소지자)는 원문에 없고 뜻풀이는 학문에 정통한 사람
37737	0	người tang	A	상복 입은 사람		보조 1차: 원문은 상복을 입은 사람이며 '상주'는 더 좁은 뜻
37767	0	người đến sau	A		동	보조 1차: 뜻풀이 'Yêu…'는 동사 뜻인데 속담으로 되어 있음
37768	0	nhà bao việc	A		형	보조 1차: 뜻풀이 'Bận rộn'은 형용 뜻인데 속담으로 되어 있음
37779	0	nhà rông	A	떠이응우옌 마을의 공동 집회용 긴 고상 가옥		보조 1차: Tây Nguyên은 중부 고원 지대(서부 아님); 원문의 '긴 고상 가옥'이 빠짐
37831	0	nhà đá	R			클로드: 지금 뜻이 맞음(보조 1차 ?: 원문 뜻풀이가 '(khẩu ngữ)' 꼬리표뿐이라 판단 불가)
37843	0	nhạc gia	A		명	보조 1차: 뜻풀이 'Bố mẹ vợ'는 명사 뜻
37874	1	nhãi nhép	K	-		클로드 판정(보조 1차 ?: 원문이 '(nhưng nghĩa nhấn mạnh hơn)' 뿐이라 뜻 판단 불가)
37904	0	nhai nhải	A	지나치게 장황하다	형	보조 1차: 뜻풀이 'quá rườm lời'에 없는 '되뇌다'가 덧붙음; 형용 뜻
37933	0	nhay nháy	A	깜박깜박		보조 1차: 동사형 '깜박거리다'가 부사 칸에 있음; 부사 꼴로
37937	0	nhảy lưng	A		명	보조 1차: gloss 'Quan hệ tình dục'은 명사 뜻이고 한국어도 명사 꼴인데 속담 칸
37945	0	nháy mắt	A	(구어) 눈 깜짝할 사이		보조 1차: '눈을 깜박이다'는 원문에 없는 동사 뜻이 덧붙음
37965	0	nhẳng	A		형	보조 1차: gloss 'Cứng, dai, không mềm'은 형용 뜻이고 한국어도 형용 꼴인데 부 칸
37967	0	nhặm lẹ	A	재빨리		보조 1차: gloss 'Nhanh chóng'은 부사 뜻인데 한국어가 형용사 꼴(재빠르다)이라 부 칸과 안 맞음
37972	0	nhẵn thín	A		형	보조 1차: gloss 'Nhẵn trơn'은 상태 뜻이고 한국어도 형용 꼴인데 동 칸
37999	1	nhật khuê	A	해시계		보조 1차: 원문은 바늘 그림자로 시각을 정하는 장치로 짧은 대응어(해시계)가 있는데 정의 문장을 옮김
38000	0	nhật động	A	일주운동	명	보조 1차: gloss 'chuyển động biểu kiến … quanh Quả đất'는 명사(천체 운동) 뜻인데 대 칸; 한국어도 문장째 옮김
38020	0	nhần nhận	A		형	보조 1차: gloss 'Nói vị hơi hơi đắng'은 맛 상태 뜻이고 한국어도 형용 꼴인데 부 칸
38022	0	nhất lãm	A		동	보조 1차: gloss 'Nhìn qua một lượt'은 동작 뜻이고 한국어도 동사 꼴인데 형 칸
38061	0	nhẹ bồng	A		형	보조 1차: gloss 'Nhẹ lắm'는 형용 뜻이고 한국어도 형용 꼴인데 부 칸
38082	0	nhất trần đời	A		구	보조 1차: gloss 'Không ai sánh được'은 구 표현이지 속담이 아님
38083	0	nhất trần gian	A		구	보조 1차: gloss 'Không gì sánh nổi'은 구 표현이지 속담이 아님
38095	0	nhị tâm	A	두 마음을 품다		보조 1차: 형용사 칸에 명사 '두 마음'; 서술 꼴로
38118	0	nhiệt phân	A	열분해		보조 1차: 원문은 화학 반응 이름이고 짧은 대응어(열분해)가 있는데 정의 문장을 옮김
38118	1	nhiệt phân	A	열분해	명	보조 1차: gloss 'Hiện tượng…'은 명사(현상) 뜻인데 동 칸; 한국어도 문장째 옮김
38120	0	nhiều người	A		명	보조 1차: gloss 'Từ hai người trở lên'와 한국어 '여러 사람'은 명사 꼴인데 형 칸
38142	0	nhoáy	A	아주 재빨리		보조 1차: gloss 'Nhanh chóng lắm'는 부사 뜻인데 한국어가 형용사 꼴이라 부 칸과 안 맞음
38143	0	nhịu	A		동	보조 1차: gloss 'Lầm tiếng… khi phát âm'은 동작 뜻이고 한국어도 동사 꼴인데 부 칸
38147	0	nhóe	A		부	보조 1차: gloss 'tiếng kêu bất thình lình'은 소리 흉내 뜻이고 한국어도 '꽥(소리)'인데 동 칸
38152	0	nhỏ giọt	A	조금씩		보조 1차: 원문 'Từng tí một'에 없는 '똑똑 떨어지다'(동사 뜻)가 덧붙음
38153	0	nhọn hoắt	A		형	보조 1차: gloss 'Nhọn lắm'는 형용 뜻이고 한국어도 형용 꼴인데 부 칸
38191	0	nhớ thương	A	그리워하다		보조 1차: 원문에 없는 명사 뜻 '그리운 정'이 덧붙음
38198	0	nhồm nhàm	A	게걸스레 입 가득 씹는 모양		보조 1차: 부사 칸인데 한국어가 동사 꼴(씹다)
38214	0	nhu động	A	연동 운동을 하다		보조 1차: gloss 'Co bóp ống tiêu hoá…'는 동사 뜻인데 한국어가 명사 꼴
38227	0	nhớt nhợt	A		형	보조 1차: gloss 'Nhớt lắm'는 형용 뜻이고 한국어도 형용 꼴인데 부 칸
38239	0	nhuế nhóa	A	건성으로		보조 1차: 부사 칸인데 한국어가 동사 꼴(하다)
38293	0	như nào	A	뜻대로		보조 1차: 원문 'Theo ý muốn'에 없는 뜻 '어떻게'가 덧붙음
38309	0	nói lịu	A		동	보조 1차: gloss 'Nghĩa như nói nhịu'와 한국어가 동사 꼴인데 형 칸
38316	0	nói đổng	A		동	보조 1차: gloss 'Nói vu vơ…'는 동사 뜻이고 한국어도 동사 꼴인데 명 칸
38337	0	niu-tơn	A	뉴턴(힘의 단위)		보조 1차: 원문은 힘의 단위로 짧은 대응어(뉴턴)가 있는데 정의 문장을 옮김
38337	1	niu-tơn	K	-		클로드 판정(보조 1차 ?: gloss 'Ki-lô-gam một gia tốc bằng.'는 뉴턴 정의의 잘린 조각이라 독립된 뜻으로 판단 불가)
38337	2	niu-tơn	K	-		클로드 판정(보조 1차 ?: gloss 'Mét/giây trong mỗi giây.'는 뉴턴 정의의 잘린 조각이라 독립된 뜻으로 판단 불가)
38352	0	nói miệng	R			클로드: 지금 뜻이 맞음(보조 1차 ?: gloss가 '.'뿐이라 '말로만 하다'가 맞는지 판단 불가)
38371	0	nói ngọt	A	부드럽게 말하다		보조 1차: 원문 'Nói dịu dàng'에 없는 뜻 '꼬드기다'가 덧붙음
38399	0	nồi hấp	A	고압 증기 살균용 금속 솥		보조 1차: 원문은 고압 증기로 소독하는 밀폐 금속 솥인데 '찜통·시루'는 음식 찌는 도구라 뜻이 다름
38403	0	nóng đỏ	A		동	보조 1차: gloss 'Nói một vật sáng chói vì nhiệt độ…'와 한국어가 동사 꼴인데 명 칸
38422	0	non non	A	약간 못 미치다		보조 1차: 원문 'Hơi dưới mức thường'에 없는 뜻 '조금 어리다'가 덧붙음
38459	0	nổi chìm	A		명	보조 1차: gloss 'Nói cảnh lên xuống…'와 한국어 '부침 · 처지'는 명사 꼴인데 형 칸
38473	0	nối khố	A		명	보조 1차: gloss 'bạn rất thân'과 한국어 '친한 벗'은 명사 꼴인데 형 칸
38475	0	nô-en	A	성탄절		보조 1차: 원문은 예수 탄생 기념일로 짧은 대응어(성탄절)가 있는데 정의 문장을 옮김
38475	1	nô-en	K	-		클로드 판정(보조 1차 ?: gloss 'Tháng.'는 노엘 정의 문장의 잘린 조각이라 독립된 뜻으로 판단 불가)
38475	2	nô-en	K	-		클로드 판정(보조 1차 ?: gloss 'Dương lịch.'는 노엘 정의 문장의 잘린 조각이라 독립된 뜻으로 판단 불가)
38477	0	nội suy	A	보간(양 끝점의 값으로 함수값 구하기)	명	보조 1차: gloss 'Là quá trình…'는 명사(과정) 뜻인데 동 칸
38477	1	nội suy	A	보간(세 점 이상의 값으로 구하기)	명	보조 1차: gloss 'Là quá trình…'는 명사(과정) 뜻인데 동 칸
38477	2	nội suy	A	보간(떨어진 점들의 값으로 함수 근사)	명	보조 1차: gloss 'Là quá trình…'는 명사(과정) 뜻인데 동 칸
38499	0	nở khối	A		동	보조 1차: gloss 'Nói một vật tăng thể tích…'와 한국어가 동사 꼴인데 명 칸
38501	0	nở dài	A		동	보조 1차: gloss 'Nói một vật tăng bề dài…'와 한국어가 동사 꼴인데 명 칸
38531	1	nụ áo	A	작고 둥근 옷단추		보조 1차: gloss 'cúc áo'는 옷단추인데 '국화 종류'로 잘못 옮김(식물 뜻 .0과 혼동)
38536	0	nục	A		형	보조 1차: gloss 'Nói chín lắm'와 한국어 '푹 익은'은 형용 꼴인데 부 칸
38536	1	nục	A		형	보조 1차: gloss 'Nói béo lắm'와 한국어 '아주 살진'은 형용 꼴인데 부 칸
38543	0	nục nạc	A		형	보조 1차: gloss 'Nói thịt toàn nạc'은 상태 뜻이고 한국어도 서술 꼴인데 부 칸
38558	0	nung bệnh	A		명	보조 1차: gloss 'Nói tình trạng bệnh ở vào thời kỳ đầu…'와 한국어 '병의 잠복기'는 명사 꼴인데 동 칸
38561	0	nuôi đá	A		동	보조 1차: gloss 'Đổ nước vào khay…'와 한국어 '얼음을 얼리다'는 동사 꼴인데 명 칸
38571	0	nước lớn	A	밀물		보조 1차: 원문 'Con nước đang dâng cao'(차오르는 물)에 없는 뜻 '큰물(홍수)'이 덧붙음
38611	0	ọ ẹ	A		부	보조 1차: gloss 'Từ mô phỏng tiếng trẻ sơ sinh…'는 소리 흉내 뜻이고 한국어도 '응애응애'인데 동 칸
38620	0	oang oang	A		동	보조 1차: gloss 'Nói giọng to và vang xa'와 한국어가 동사 꼴인데 부 칸
38621	0	oang	A		형	보조 1차: gloss 'To và vọng xa'와 한국어 '크게 울리다'가 서술 꼴인데 부 칸
38622	0	ọc ọc	A		부	보조 1차: gloss 'Tiếng nước chảy ra…'는 소리 흉내 뜻이고 한국어도 '꼬르륵·콸콸'인데 동 칸
38626	0	ọc ạch	A		동	보조 1차: gloss 'Nói tiếng chuyển động trong bụng…'와 한국어가 동사 꼴인데 부 칸
38631	0	oành oạch	A	쿵쿵(세게 잇따라 넘어지는 소리)	부	보조 1차: gloss 'Từ mô phỏng tiếng ngã…'는 소리 흉내 뜻인데 형 칸; 한국어도 흉내말을 설명한 문장
38635	0	oan ức	A		형	보조 1차: gloss 'Oan đến mức uất ức…'와 한국어 '억울하다 · 원통하다'는 형용 꼴인데 명 칸
38647	0	oe	A	응애(갓난아기가 크게 우는 소리)	부	보조 1차: gloss 'từ mô phỏng tiếng khóc to…'는 소리 흉내 뜻인데 형 칸; 한국어도 설명 문장
38665	0	ỏi	A		형	보조 1차: gloss 'Ầm ĩ'와 한국어 '시끄러운'은 형용 꼴인데 부 칸
38679	1	oe oe	A	응애응애(갓난아기가 크게 연달아 우는 소리)		보조 1차: '…흉내 낸 말'로 정의 문장을 옮김; 소리 이름으로 간단히
38698	0	ốc lồi	R			클로드: 지금 뜻이 맞음(보조 1차 ?: gloss가 '(phương ngữ)'뿐이라 '달팽이'가 맞는지 판단 불가(ốc는 우렁이·고둥류))
38738	0	ời ợi	A		부	보조 1차: gloss 'Từ gợi tả tiếng ru…'는 소리 흉내 뜻이고 한국어도 소리 이름인데 형 칸
38740	0	ộp oạp	A	개굴개굴(개구리 우는 소리)	부	보조 1차: gloss 'Từ mô phỏng tiếng ếch nhái kêu'는 소리 흉내 뜻인데 형 칸; 한국어도 설명 문장
38740	1	ộp oạp	A	철벅철벅(진흙물을 걷는 발소리, 물이 기슭에 가볍게 부딪히는 소리)	부	보조 1차: gloss 'Từ mô phỏng tiếng bước chân lội…'는 소리 흉내 뜻인데 형 칸; 한국어도 설명 문장
38767	0	ông ổng	A	굵고 탁하다		보조 1차: gloss 'Trầm, ồ ồ không thanh'은 형용 뜻인데 한국어가 명사 '소리' 꼴
38790	0	ở đời	A		동	보조 1차: gloss 'Sống trên đời'와 한국어 '세상에서 살다'는 동사 꼴인데 부 칸
38792	0	ỡm ờ	A		동	보조 1차: gloss 'Có ý trêu, cợt nhả'와 한국어가 동사 꼴인데 부 칸
38793	0	ở vậy	A		동	보조 1차: gloss 'Nói người đàn bà góa không đi lấy chồng khác'와 한국어 '수절하다'는 동사 꼴인데 명 칸
38794	0	ở thuê	A		동	보조 1차: gloss 'Thuê nhà người khác mà ở'와 한국어가 동사 꼴인데 명 칸
38795	0	ở năm	A		동	보조 1차: gloss 'Nói người nông dân đi làm thuê…'와 한국어가 동사 꼴인데 명 칸
38796	0	ở mướn	A	머슴살이하다, 더부살이하다	동	보조 1차: gloss 'Làm thuê cho một gia đình'은 동사 뜻인데 명 칸
38813	0	ơi ới	A		부	보조 1차: gloss 'Từ gợi tả tiếng nhiều người gọi nhau…'는 소리 흉내 뜻이고 한국어도 소리 이름인데 형 칸
38830	0	phải cách	A	이치에 맞게		보조 1차: 부사 칸에 관형꼴 '맞는'을 씀
38830	1	phải cách	A	규정에 맞게, 요구에 맞게		보조 1차: 부사 칸에 관형꼴 '맞는'을 씀
38831	0	phải đũa	A		동	보조 1차: gloss 'Bị lây tính xấu'는 동사 뜻, 제목 Adverb과 어긋남
38856	0	phá đò	A	여자들과 밤을 보내는 일(속어)		보조 1차: 명사 칸에 동사꼴 'XX하다'를 씀, 원문은 '~하는 행위를 달리 이르는 말'
38867	1	phào	A		형	보조 1차: gloss 'Thoảng qua, chóng hết'는 형용/부사 뜻, 명사 아님
38876	0	phải quấy	A		명	보조 1차: gloss 'Phải trái, đúng sai'는 명사 뜻이라 형용사 칸에 안 맞음
38892	0	phạm phòng	A	정사 중에 기절하거나 정사 후에 앓다		보조 1차: 'ngất(기절)'이 빠짐
38906	0	phải trái	R			클로드: 지금 뜻이 맞음(보조 1차 뜻: 원문은 '오른쪽과 왼쪽'뿐, '옳고 그름'은 원문에 없는 덧붙임)
38910	0	phanh phách	A		명	보조 1차: gloss는 소리를 흉내 낸 말로 한국어도 명사꼴이라 형용사 칸에 안 맞음
38915	0	phạt vạ	A	마을 규약을 어긴 자에게 벌금을 물리다(옛)		보조 1차: 동사 칸에 명사구를 씀
38916	0	phạt mộc	A		명	보조 1차: gloss는 'Lễ(의식)'로 명사 뜻인데 동사 칸
38947	0	phát tởm	A		명	보조 1차: 속담이 아니라 명사 뜻풀이
38947	1	phát tởm	A		명	보조 1차: 속담이 아니라 명사 뜻풀이
38965	0	phân tách	R			클로드: 지금 뜻이 맞음(보조 1차 ?: gloss가 비어 있어 '분석하다'(phân tích)가 맞는지 판단할 근거가 없음)
38972	0	phẩm đề	A		동	보조 1차: gloss 'Ghi lời khen'은 동사 뜻인데 명사 칸
38976	0	phầm phập	A	깊이 푹 찍는 모양		보조 1차: 부사 칸에 '찍히다' 동사꼴, 원문은 세게 깊이 찍는 모양
38978	0	phăn phắt	A	재빠르고 깔끔하게		보조 1차: 부사 칸에 형용사꼴
38979	0	phăm phắp	A	가지런하고 질서 있게		보조 1차: 부사 칸에 형용사꼴
38980	0	phân đồ	A	각자 다른 길로 갈라서다	동	보조 1차: gloss 'Rẽ đường mỗi người một ngả'는 갈라서는 동작, '갈림길' 명사 아님
38981	0	phân đạo	A	길을 갈라서다	동	보조 1차: gloss 'Chia đường'은 동작, '갈림길' 명사 아님
39009	0	phần ứng	A		명	보조 1차: gloss 'Bộ phận…(부분)'는 명사 뜻인데 동사 칸
39013	0	phần phật	K		부	클로드: 의성·의태어 품사 통일(소리 흉내=부, 모양·상태=형)(보조 1차 품사: gloss 'Tiếng đập…(소리)'는 명사 뜻인데 동사 칸)
39014	0	phần phò	A	마을 일에서 나누는 찰밥과 고기 몫(옛)		보조 1차: 'việc làng'은 마을 일이지 제사가 아님, 원문에 없는 '제사'
39025	0	phèng phèng	K		부	클로드: 의성·의태어 품사 통일(소리 흉내=부, 모양·상태=형)(보조 1차 품사: gloss 'Tiếng…(소리)'는 명사 뜻인데 부사 칸)
39057	1	phệnh	A		형	보조 1차: gloss 'To lớn, bè bè'는 형용 뜻인데 명사 칸
39058	0	phệt	A	엉덩이를 바닥에 붙이고 털썩 앉는 모양		보조 1차: 부사 칸에 동사꼴, 원문은 엉덩이를 땅·자리에 대고 앉는 모양
39063	0	phỉ phong	K	순무와 무 나물(葑菲, 여인의 정결함을 상징)	명	클로드 판정(보조 1차 둘: '부들과 단풍나무'는 원문에 없는 풀이, 원문은 rau phỉ·rau phong(채소) 이름이며 명사 뜻)
39071	0	phì phì	K		부	클로드: 의성·의태어 품사 통일(소리 흉내=부, 모양·상태=형)(보조 1차 품사: gloss 'Tiếng…(소리)'는 명사 뜻인데 부사 칸)
39077	0	phi pháo	A	비행기와 중포(줄임말)		보조 1차: 원문 'Phi cơ'는 비행기, '공군'이 아님
39083	0	phi tôn tuẫn	A	뜻이 분명하지 않다		보조 1차: 형용사 칸에 명사형 '않음'
39100	0	phím loan	A	악기 가락(비유)		보조 1차: cung đàn은 악기 가락, '거문고'로 좁힐 근거 없음
39101	0	phình phịch	K		부	클로드: 의성·의태어 품사 통일(소리 흉내=부, 모양·상태=형)(보조 1차 품사: gloss 'Tiếng…(소리)'는 명사 뜻인데 부사 칸)
39103	0	phình phình	K		부	클로드: 의성·의태어 품사 통일(소리 흉내=부, 모양·상태=형)(보조 1차 품사: gloss 'Tiếng…(소리)'는 명사 뜻인데 부사 칸)
39116	0	phía trước	A		명	보조 1차: phía는 '쪽'을 뜻하는 명사, 한국어도 명사
39117	0	phía sau	A		명	보조 1차: phía는 '쪽'을 뜻하는 명사, 한국어도 명사
39146	0	phong bao	A	사례나 세뱃돈으로 주는 돈봉투		보조 1차: 원문의 '은혜에 보답해 주는 돈(trả ơn)'이 빠짐
39161	0	phòng gian	A	나쁜 짓 하는 자의 활동을 미리 막다		보조 1차: 'kẻ gian'은 나쁜 짓 하는 자이지 간첩이 아님
39165	0	phong thư	A		명	보조 1차: gloss 'Thư đã dán kín'는 명사 뜻인데 동사 칸
39167	0	phong nhị	R			클로드: 지금 뜻이 맞음(보조 1차 ?: gloss는 '시집가는 여자는 phong nhị가 아직 있는 꽃 같아야 한다'는 문장이라 '꽃술이 싱싱한 꽃'이 맞는지 판단 근거 부족)
39183	0	phòng tối	A	렌즈로 상을 맺는 어두운 상자(카메라 옵스큐라)		보조 1차: gloss는 렌즈 달린 밀폐 상자가 스크린에 상을 맺는 장치로 '암실'(방)이 아님
39188	0	phốc	A	뻥(세게 차는 모양)		보조 1차: 부사 칸에 동사꼴
39189	0	phót	A	훌쩍(재빨리 뛰는 모양)		보조 1차: 부사 칸에 동사꼴
39198	0	phốp	A	희고 곱게		보조 1차: 부사 칸에 형용사꼴
39229	0	phù sinh	A	인생이 덧없이 떠돌다		보조 1차: 형용사 칸에 명사 '인생'만 씀, 원문은 삶이 떠도는 상태를 말함
39230	1	phơn phớt	A		부	보조 1차: 'Ph.(부사)' 뜻풀이 'Qua loa'는 부사, 한국어도 부사
39234	0	phù phép	A	주술		보조 1차: '부적'은 원문에 없는 뜻, 원문은 귀신을 부리는 주술
39236	0	phới phới	A		동	보조 1차: gloss 'Nổi lên…'는 동사 뜻인데 명사 칸
39246	0	phụ động	A	정식 채용되지 않은 편제 외의		보조 1차: 형용사 칸에 명사 '직원'을 씀, 원문은 편제 밖이라는 서술
39247	0	phụ thu	A		동	보조 1차: gloss 'Thu thêm…'은 동사 뜻, 제목 Adjective와 어긋남
39256	0	phù quan	A	관을 받들고 따라가다		보조 1차: 원문의 '관을 떠받치다(nâng đỡ)'가 빠짐
39257	0	phù phù	K		부	클로드: 의성·의태어 품사 통일(소리 흉내=부, 모양·상태=형)(보조 1차 품사: gloss 'Tiếng…(소리)'는 명사 뜻인데 부사 칸)
39262	0	phú hậu	A		명	보조 1차: gloss 'Nhà giàu'는 명사 뜻인데 부사 칸
39268	1	phụ đính	A	문서를 덧붙여 내용을 보태거나 고치다		보조 1차: 동사 칸에 명사 '행위'로 끝남
39288	0	phụng cầu	A	봉구황(악곡)		보조 1차: 'đàn'(악기)을 '거문고'로 좁힌 것은 원문에 없음
39297	0	phục cổ	A	옛것·옛 제도로 돌아가다		보조 1차: 동사 칸에 명사 '복고'를 씀
39309	0	phùn phụt	K		부	클로드: 의성·의태어 품사 통일(소리 흉내=부, 모양·상태=형)(보조 1차 품사: gloss 'Tiếng…(소리)'는 명사 뜻인데 부사 칸)
39310	0	phù trầm	A	가라앉았다 떠올랐다 하다		보조 1차: 동사 칸에 명사형으로 끝남
39323	1	phương giải	A	방해석(천연 결정 탄산칼슘)		보조 1차: 대응어 '방해석'이 있는데 설명문을 길게 옮김
39324	0	phứa	A	생각이나 계산 없이 마구 넘치게		보조 1차: 부사 칸에 관형꼴
39325	0	phượu	A	함부로 지어내어		보조 1차: 부사 칸에 동사꼴
39341	0	phưng phức	A	향기가 물씬 풍기게		보조 1차: 부사 칸에 동사꼴
39344	0	phung phúng	A	볼이 약간 불룩하게		보조 1차: 부사 칸에 형용사꼴
39347	0	phường hoa	A	매춘과 가무를 하는 무리(유곽)		보조 1차: 원문의 '노래하는 사람(xướng ca)'이 빠짐
39348	0	phương xú	A		형	보조 1차: gloss 'Vừa thơm vừa thối'는 서술 뜻, 명사 아님
39349	0	phuồm	A	구강성교하다(속어)		보조 1차: 동사 칸에 명사꼴
39354	0	phước phần	A	선한 성품		보조 1차: '복'은 원문에 없는 덧붙임
39356	0	phụng vụ	A		명	보조 1차: gloss 'hoạt động…(활동)'는 명사 뜻인데 동사 칸
39373	0	qua ngày	R			클로드: 지금 뜻이 맞음(보조 1차 뜻: 원문은 '했다고 할 만큼'이지 '하루하루 넘기다'가 아님)
39376	0	quá vãng	A	지난날의 · 과거의	관형	보조 1차: gloss 'thuộc về quá khứ'는 관형 뜻, ko도 관형꼴이라 동사 칸에 안 맞음
39396	0	quá bán	A	절반이 넘다		보조 1차: 형용사 칸에 명사 '과반'을 씀
39420	0	quán thế	A	세상에서 으뜸인 사람(옛)	명	보조 1차: gloss 'Người hơn hẳn mọi người khác'는 사람을 가리키는 명사 뜻
39450	0	quán chiếu	A	관조		보조 1차: 명사 칸에 동사 '관조하다'를 덧붙임
39461	1	quanh quẩn	A	한곳에서 맴돌며 멀리 가지 않고		보조 1차: 부사 칸에 관형꼴
39503	0	quằn	A	칼날·송곳 끝·못이 휘다		보조 1차: 원문은 칼날뿐 아니라 송곳 끝·못도 가리킴, '날'만 남음
39512	0	quắt quéo	A		형	보조 1차: gloss 'Gian giảo, lừa lọc'는 형용 뜻, 명사 아님
39551	1	quân Cờ Đen	A	처음에 후에 조정이 받아들여 북쪽 국경의 도적 떼를 소탕하는 데 썼고, 프랑스가 통킹(북부 베트남)을 공격할 때 큰 전투를 벌임		보조 1차: '프랑스 북부 침공'은 프랑스 북부로 오해되며 원문은 Bắc Kỳ(통킹)
39556	0	quân huấn	A	군대의 군사·정치 교육과 훈련		보조 1차: 원문의 '정치(chính trị)'가 빠짐
39558	0	quần nịt	A	실로 짠 꼭 끼는 바지		보조 1차: 원문은 '짠 실로 만든 몸에 붙는 바지'이고 '니트'는 덧붙임
39561	0	quân điền	A	공전을 마을 백성에게 고르게 나눠 주다(옛)	동	보조 1차: 동사 칸에 명사 '균전'을 씀, 원문은 임금이 공전을 나눠 주는 동작
39598	0	quất hồng bì	A	황피(감귤류와 같은 과의 나무)		보조 1차: '귤과'는 없는 과 이름, 원문은 '귤(cam)과 같은 과'
39602	0	quấy quá	A	건성으로, 대충 때우듯		보조 1차: 부사 칸에 동사꼴
39625	0	quầy quậy	R			클로드: 지금 뜻이 맞음(보조 1차 ?: gloss가 '(더 강한 뜻)'뿐이라 '절레절레'가 맞는지 판단 근거 없음)
39635	0	quèn quẹt	A		부	보조 1차: gloss는 소리 흉내 낸 말이고 한국어도 부사꼴이라 형용사 칸에 안 맞음
39649	0	quệch quạc	A	글씨를 아무렇게나 휘갈겨		보조 1차: 부사 칸에 동사꼴
39651	0	quềnh quàng	A	대충 · 아무렇게나		보조 1차: 부사 칸에 동사꼴 '하다'
39656	0	qui lai	A	돌아오다(어머니 상 때문에)		보조 1차: 원문의 '어머니가 죽어서(vì mẹ chết)'가 빠짐
39693	1	quởng nôm	A		동	보조 1차: gloss 'Mở rộng về phương Nam'은 동사 뜻인데 명사 칸
39698	0	quốc nội	A	국내의		보조 1차: 형용사 칸에 명사꼴 '국내'
39726	0	quyết nghị	A	결의하다		보조 1차: 동사 칸에 명사 '결의'가 덧붙음
39757	0	rạc cẳng	A		형	보조 1차: gloss는 다리가 풀린 상태(형용)인데 부사로 적힘
39767	0	rã họng	A		형	보조 1차: '몹시 지치다' 상태 뜻인데 부사로 적힘
39786	0	ra rại	A	정상이 아닌 상태를 보이다(산만함·몽상 등)		보조 1차: 원문은 비정상 상태 전반인데 증상 하나(산만)만 옮김
39802	0	rão	A		형	보조 1차: 피곤한 상태 뜻이고 한국어도 형용 꼴인데 부사로 적힘
39813	0	ráp rạp	K		형	클로드: 의성·의태어 품사 통일(소리 흉내=부, 모양·상태=형)(보조 1차 품사: '땅에 닿을 듯 굽히다' 동작 뜻인데 부사로 적힘)
39816	0	rào rào	A		부	보조 1차: 쏴쏴·우수수는 의성부사인데 동사 칸
39837	0	rang rảng	K		부	클로드: 의성·의태어 품사 통일(소리 흉내=부, 모양·상태=형)(보조 1차 품사: '소리'(명사 꼴)인데 형용사 칸)
39837	1	rang rảng	K		부	클로드: 의성·의태어 품사 통일(소리 흉내=부, 모양·상태=형)(보조 1차 품사: '소리'(명사 꼴)인데 형용사 칸)
39837	2	rang rảng	K		부	클로드: 의성·의태어 품사 통일(소리 흉내=부, 모양·상태=형)(보조 1차 품사: '소리'(명사 꼴)인데 형용사 칸)
39837	3	rang rảng	K		부	클로드: 의성·의태어 품사 통일(소리 흉내=부, 모양·상태=형)(보조 1차 품사: '소리'(명사 꼴)인데 형용사 칸)
39848	0	răng cưa	A	톱니		보조 1차: 짧은 대응어(톱니) 있는데 정의 문장을 옮김
39848	1	răng cưa	A	톱니처럼 오목볼록하다	형	보조 1차: 원문은 '톱니처럼 볼록·오목한' 형용 뜻인데 명사 칸
39850	0	rấn	A		동	보조 1차: '힘내다'는 동작 뜻인데 부사로 적힘
39852	0	rậm rì	K		형	클로드: 의성·의태어 품사 통일(소리 흉내=부, 모양·상태=형)(보조 1차 품사: '우거지다' 동사 꼴인데 부사로 적힘)
39870	0	răng rắc	A		부	보조 1차: '우두둑'은 의성부사인데 형용사 칸
39872	0	răm rắp	A	일제히	부	보조 1차: '고분고분'은 원문에 없는 뜻; 원문은 '일제히 같음'(부사)
39880	0	rau ráu	A		부	보조 1차: '아삭아삭'은 의성부사인데 형용사 칸
39884	0	rậm rịch	A	낮고 무겁게 이어지는 소리(여럿이 바삐 움직이는 소리)	명	보조 1차: '소리' 뜻(명사)인데 형용사 칸·정의 문장을 길게 옮김
39889	0	rệu	A		형	보조 1차: '물러 터진' 상태 뜻인데 부사로 적힘
39938	2	róc	A		형	보조 1차: '영리하고 약삭빠른' 형용 뜻인데 동사로 적힘
39939	0	rong huyết	A	월경 기간이 길어지는 증상		보조 1차: 명사 칸인데 동사 꼴
39955	0	rì rì	A		형	보조 1차: '느릿느릿하다' 형용 꼴인데 부사로 적힘
39969	1	rì rỉ	A	작고 끈질기게 이어지는 울음소리	명	보조 1차: 형용사 칸에 '말'(명사)·정의 문장
39971	0	rọt rẹt	K		부	클로드: 의성·의태어 품사 통일(소리 흉내=부, 모양·상태=형)(보조 1차 품사: '소리'(명사 꼴)인데 형용사 칸)
39972	0	ro ro	A	작고 고르게 길게 이어지는 소리	명	보조 1차: 형용사 칸에 '말'(명사)·정의 문장
39991	0	rỗ hoa	A		형	보조 1차: '얼굴이 조금 얽다' 상태 뜻인데 부사로 적힘
40001	0	rông rổng	K		형	클로드: 의성·의태어 품사 통일(소리 흉내=부, 모양·상태=형)(보조 1차 품사: '줄줄 쏟아지다' 동사 꼴인데 부사로 적힘)
40011	0	rổn rảng	K		부	클로드: 의성·의태어 품사 통일(소리 흉내=부, 모양·상태=형)(보조 1차 품사: '소리'(명사 꼴)인데 형용사 칸)
40037	0	rớt dãi	A	질질 흐르는 침		보조 1차: 명사 칸인데 동사 꼴(원문은 흐르는 침 자체)
40045	0	rùng rùng	K		형	클로드: 의성·의태어 품사 통일(소리 흉내=부, 모양·상태=형)(보조 1차 품사: '떼 지어 가다' 동작 뜻인데 부사로 적힘)
40047	0	rù rờ	A		형	보조 1차: '굼뜨고 멍하다' 형용 꼴인데 부사로 적힘
40052	0	rùa đầu to	A	큰머리거북		보조 1차: Platysternon megacephalum의 한국 이름은 큰머리거북(자라 아님)
40069	0	rừng rực	K		형	클로드: 의성·의태어 품사 통일(소리 흉내=부, 모양·상태=형)(보조 1차 품사: '활활 타오르다' 동사 꼴인데 부사로 적힘)
40090	1	rực lửa	A	불처럼 밝은		보조 1차: 뜻풀이를 설명 문장('~을 나타내는')으로 옮김
40103	0	sa cơ	A		동	보조 1차: '불운에 빠지다' 동사 뜻·꼴인데 명사 칸
40111	0	sạch trơn	K		형	클로드: 의성·의태어 품사 통일(소리 흉내=부, 모양·상태=형)(보조 1차 품사: '하나도 안 남다' 동사 꼴인데 부사로 적힘)
40113	0	sá quản	A		동	보조 1차: '꺼리지 않다' 동사 꼴인데 부사로 적힘
40122	0	sá kể	A		동	보조 1차: '개의치 않다' 동사 꼴인데 부사로 적힘
40123	0	sá bao	A		동	보조 1차: '개의치 않다' 동사 꼴인데 부사로 적힘
40156	0	sảng	A		형	보조 1차: '정신이 혼미하다' 상태 뜻인데 부사로 적힘
40173	0	sàng đông	A	사윗감 고르기		보조 1차: 명사 칸인데 동사 꼴
40187	0	san phước	A		동	보조 1차: '복을 나누다' 동사 꼴인데 명사 칸
40195	1	sao sa	A	운석		보조 1차: 짧은 대응어(운석) 있는데 정의 문장을 옮김
40235	1	sắc cầu	A	채층		보조 1차: 짧은 대응어(채층) 있는데 정의 문장을 옮김
40237	0	sặm	A		형	보조 1차: '짙다' 형용 꼴인데 부사로 적힘
40238	0	sặc gạch	A		형	보조 1차: '몹시 힘든' 관형 꼴인데 부사로 적힘
40238	2	sặc gạch	A		형	보조 1차: '~때리는' 관형 꼴인데 부사로 적힘
40240	0	sắc chí	A		명	보조 1차: '임금의 칙서'(명사)인데 형용사 칸
40242	0	săm sưa	A	딴마음을 품다 · 뒤섞이다		보조 1차: 원문의 두 번째 뜻 '뒤섞임(lẫn lộn)'이 빠짐
40243	0	sặc máu	A		형	보조 1차: '피를 토하는' 관형 꼴인데 부사로 적힘
40243	1	sặc máu	A		형	보조 1차: '힘들고 고생스러운' 형용 꼴인데 부사로 적힘
40243	2	sặc máu	A		형	보조 1차: '화가 난' 형용 꼴인데 부사로 적힘
40275	0	sậm sựt	A		부	보조 1차: '아삭아삭'은 의성부사인데 형용사 칸
40279	0	sần mặt	A	올이 굵고 마디가 많다		보조 1차: 형용사 칸인데 명사 꼴('천')
40283	0	sấn sổ	K		형	클로드: 의성·의태어 품사 통일(소리 흉내=부, 모양·상태=형)(보조 1차 품사: '덤벼들다' 동사 꼴인데 부사로 적힘)
40288	0	sập sùi	K		형	클로드: 의성·의태어 품사 통일(소리 흉내=부, 모양·상태=형)(보조 1차 품사: '오락가락하다' 동사 꼴인데 부사로 적힘)
40289	0	sầm sầm	K		부	클로드: 의성·의태어 품사 통일(소리 흉내=부, 모양·상태=형)(보조 1차 품사: '쿵쿵거리며 가다' 동사 꼴인데 부사로 적힘)
40313	0	sẩm	A		명	보조 1차: '땅거미가 질 무렵'(명사 꼴)인데 형용사 칸
40315	0	sập hầm	A	낙담에 빠짐		보조 1차: 명사 칸인데 동사 꼴(참조 낱말 sụp hầm은 '낙담에 빠짐')
40331	0	sẽ hay	A		동	보조 1차: '알게 되다' 동사 꼴인데 부사로 적힘
40333	0	sệ nệ	A		형	보조 1차: '무거워 보이다' 형용 꼴인데 부사로 적힘
40334	0	sẻn	A		형	보조 1차: '인색하다' 형용 꼴인데 부사로 적힘
40335	0	sì sụp	K		형	클로드: 의성·의태어 품사 통일(소리 흉내=부, 모양·상태=형)(보조 1차 품사: '꿇었다 일어났다 하다' 동사 꼴인데 부사로 적힘)
40336	0	sè sè	A		형	보조 1차: '낮다' 형용 꼴인데 부사로 적힘
40370	0	sinh ly	A	생이별하다		보조 1차: 동사 칸인데 명사 꼴
40415	1	song ẩm	A	두 사람이 함께 차를 마시다		보조 1차: 동사 칸인데 관형('~마시는') 꼴
40425	0	sòn sòn	K		형	클로드: 의성·의태어 품사 통일(소리 흉내=부, 모양·상태=형)(보조 1차 품사: '아이를 연달아 낳다' 동사 꼴인데 부사로 적힘)
40431	0	son sẻ	A	(젊은 아내가) 아직 아이가 없다		보조 1차: 형용사 칸인데 명사 꼴('아내')
40432	0	son rỗi	A	(여자가) 아이 없이 한가하다		보조 1차: 형용사 칸인데 명사 꼴('여자')
40439	0	song phi	A	새 한 쌍(수컷과 암컷)이 나란히 날다		보조 1차: 동사 칸인데 관형('~나는') 꼴
40439	1	song phi	A	두 발을 함께 들어 차다		보조 1차: 동사 칸인데 관형('~차는') 꼴
40449	0	sinh trắc học	A	생체 측정		보조 1차: 짧은 대응어 있는데 정의 문장을 옮김
40449	1	sinh trắc học	A	생체 인식		보조 1차: 짧은 대응어 있는데 정의 문장을 옮김
40460	0	sòng sọc	A		형	보조 1차: '~굴리는' 관형 꼴인데 부사로 적힘
40460	1	sòng sọc	A		형	보조 1차: '~달려드는' 관형 꼴인데 부사로 적힘
40460	2	sòng sọc	K		부	클로드: 의성·의태어 품사 통일(소리 흉내=부, 모양·상태=형)(보조 1차 품사: '~나는 소리'(명사 꼴)인데 부사로 적힘)
40460	3	sòng sọc	A		형	보조 1차: '~줄이 있는' 관형 꼴인데 부사로 적힘
40462	0	sổ gấu	A	(상복이) 단을 감치지 않다		보조 1차: 형용사 칸인데 명사 꼴('상복')
40503	2	sốt sột	A		부	보조 1차: '즉시'는 부사인데 형용사 칸
40532	1	sở cầu	A		명	보조 1차: '바라던 일'(명사 꼴)인데 동사 칸
40535	0	sơ cứu	R			클로드: 지금 뜻이 맞음(보조 1차 ?: 원문은 '더 연구·조사하다'인데 한국어는 '응급 처치하다'(원문과 어긋남); 원문만으로는 판단 불가)
40552	0	sớm mai	A		명	보조 1차: '이른 아침'(명사 꼴)인데 부사로 적힘
40552	1	sớm mai	A		명	보조 1차: '내일 아침'(명사 꼴)인데 부사로 적힘
40559	0	sớm khuya	A	밤낮 · 늘		보조 1차: 명사 칸인데 부사 꼴('밤낮없이'); 원문은 '낮과 밤, 항상'
40600	0	sùng sục	A		형	보조 1차: '들끓고 세차며 빠른' 관형 꼴인데 부사로 적힘
40600	1	sùng sục	K		부	클로드: 의성·의태어 품사 통일(소리 흉내=부, 모양·상태=형)(보조 1차 품사: '~끓는 소리'(명사 꼴)인데 부사로 적힘)
40621	0	sục cu	A	자위하다(속어)		보조 1차: 동사 칸인데 명사 꼴('자위')
40644	0	sương giá	R			클로드: 지금 뜻이 맞음(보조 1차 뜻: 원문은 '아직 얼음 알갱이로 얼지 않은' 찬 이슬인데 '서리'(언 것)를 붙임)
40689	0	sức nặng	R			클로드: 지금 뜻이 맞음(보조 1차 뜻: gloss는 '영향을 미치는 능력'뿐, '무게'는 원문에 없음)
40702	0	sưng vù	A		동	보조 1차: 품사 Adverb지만 gloss는 '부어오르다' 동사 뜻
40707	0	sừng sực	A	갑자기 덤벼들듯이		보조 1차: 부사 칸인데 동사 꼴; gloss는 갑자기 달려들듯이
40712	0	sướng miệng	A	먹거나 말하는 것이 시원하다		보조 1차: gloss '먹거나 말해서 흡족하다'인데 먹는 것만 씀
40723	0	tà kiến	A	사견	명	보조 1차: gloss가 '틀린 견해'를 가리키는 명사 뜻; 문장째 옮김
40723	1	tà kiến	A	그릇된 법에 대한 판단·고집	명	보조 1차: 명사 뜻(견해·고집)인데 품사 형; 문장째 옮김
40738	0	tài bàn	A	또떰(tổ tôm)과 같은 120장짜리 카드, 세 사람이 함		보조 1차: '족보 놀이 패와 같고' 등 원문에 없는 말과 어색한 꼴
40740	0	tạ tội	A		동	보조 1차: '죄를 인정하고 용서를 빌다' 동사 뜻
40778	0	tái bút	A	추신을 쓰다		보조 1차: 품사 동사 gloss '편지 끝에 덧붙여 쓰다'인데 명사 '추신'
40798	0	tam diện	A	세 평면이 만나 이루는 도형		보조 1차: '삼면체'는 입체 이름이라 gloss(세 평면이 교차해 이루는 도형)와 다름
40823	0	tàn lụi	A	시들어 가다 · 쇠하다		보조 1차: 정의 문장째 옮김, 동사 꼴로
40823	1	tàn lụi	A	죽다		보조 1차: '죽다라는 뜻도 있다'는 설명문을 그대로 옮김
40864	0	tám đời	A		형	보조 1차: gloss '아주 오래되었다'는 형용 뜻인데 품사 명
40879	0	tang du	K	뽕나무와 느릅나무(桑榆, 해 질 녘·노년의 비유)		클로드 판정(보조 1차 뜻: bưởi는 유자가 아니라 포멜로)
40893	0	tanh dơ	R			클로드: 지금 뜻이 맞음(보조 1차 뜻: gloss는 '더럽다'뿐, 비린내 뜻은 원문에 없음)
40904	0	tành tạch	A		부	보조 1차: 의성어인데 품사 형
40911	0	tạp sử	A		명	보조 1차: gloss는 '잡다한 일을 적은 역사' 명사 뜻인데 품사 형
40917	0	tạp tụng	A	소소한 소송	명	보조 1차: gloss '자잘한 소송들' 명사 뜻인데 품사 동
40952	0	tăng bệnh	A	병의 재발·악화	명	보조 1차: gloss는 '증상이 다시 나타나 심해진 상태'(명사 뜻)인데 품사 형·동사 꼴
40967	0	tăm tắp	A	아주 고르게		보조 1차: 부사 칸인데 형용사 꼴; gloss는 '움직임이 매우 고르게'
40968	0	tăm bông	R			클로드: 지금 뜻이 맞음(보조 1차 ?: gloss는 '이를 닦는 데 쓰는 끝이 풀어진 긴 이쑤시개'인데 ko는 '면봉'; 현대 뜻과 원문이 달라 판단 불가)
41009	0	tâm phúc	A	매우 가깝고 믿을 만하다		보조 1차: 형용사 칸인데 명사 꼴 '심복'; gloss는 '매우 친하고 믿을 수 있는'
41036	0	tầm ruồng	A	겉모습만 있고 속이 텅 빈		보조 1차: 형용사 칸인데 명사 꼴 '것'
41060	0	tận từ	A	온갖 말을 다하여		보조 1차: 부사 칸인데 동사 꼴; gloss는 '말을 다하여'
41071	1	tân trào	K	-		클로드 판정(보조 1차 ?: gloss가 'H. Sơn Dương,' 조각뿐(지명 gloss가 셋으로 잘림); 판단 불가)
41071	2	tân trào	K	-		클로드 판정(보조 1차 ?: gloss가 'Tuyên Quang.' 조각뿐; 판단 불가)
41071	3	tân trào	A		고유	보조 1차: 지명 gloss인데 품사 형
41084	0	tấn xuất	A	(불교) 계율을 어긴 승려를 징계하다		보조 1차: 동사 칸인데 명사 꼴 '징계 처분'
41090	0	te te	K		부	클로드: 의성·의태어 품사 통일(소리 흉내=부, 모양·상태=형)(보조 1차 품사: '닭 우는 소리' 명사 뜻인데 품사 형)
41090	1	te te	K		부	클로드: 의성·의태어 품사 통일(소리 흉내=부, 모양·상태=형)(보조 1차 품사: '나팔 소리' 명사 뜻인데 품사 형)
41090	2	te te	A	(방언) 재빠르나 야무지지 못하다		보조 1차: 꼬리표 'T, ph.'(방언)를 '북부·남부'로 바꿔 씀, 원문에 없음
41110	0	tè he	A	무릎을 접고 다리를 뒤로 뺀 채로		보조 1차: 부사 칸인데 동사 꼴
41131	0	thái âm	A	음이 극에 이른 부분, 태양의 반대		보조 1차: '양의 극단'은 원문(음의 극단)과 반대
41145	0	tênh tênh	A	아주 가볍게		보조 1차: 부사 칸인데 형용사 꼴
41151	0	thái cổ	A	아주 먼 옛날의		보조 1차: 형용사 칸인데 명사 '태고'
41160	0	thạch thất	A		명	보조 1차: gloss는 '산속의 돌집'이라는 보통 명사 뜻인데 품사 고유
41170	0	thác sanh	R			클로드: 지금 뜻이 맞음(보조 1차 뜻: 'thác sinh 보라' 참조 뜻은 화신(thác sinh의 뜻)인데 '환생'은 다름)
41181	0	thám báo	A	지상에서 먼 환경을 기술 수단으로 연구하다		보조 1차: gloss는 지상에서 먼 환경의 체계적 연구인데 '정찰하다'는 다른 뜻
41182	0	thảm thê	R			클로드: 지금 뜻이 맞음(보조 1차 ?: gloss가 '.'뿐이라 판단 불가)
41213	0	thán	A		명	보조 1차: gloss가 '칭찬(sự khen ngợi)' 명사 뜻인데 품사 동
41217	0	thái úy	R			클로드: 지금 뜻이 맞음(보조 1차 ?: gloss가 '.'뿐이라 판단 불가)
41227	0	thành gia	A		동	보조 1차: gloss는 '가정을 이룬 것을 이르는 말'(동작 뜻)인데 품사 명, 한국어는 동사 꼴
41250	0	thành nhân	A		명	보조 1차: gloss는 '자립할 나이에 이른 사람' 명사 뜻인데 품사 동
41254	0	thanh lâu	R			클로드: 지금 뜻이 맞음(보조 1차 ?: gloss가 '.'뿐이라 판단 불가)
41264	0	thanh khoản	A		명	보조 1차: gloss가 '자산의 성질'을 말하는 명사 뜻인데 품사 형
41278	0	thanh trung	A		형	보조 1차: gloss는 '맑고 곧은' 상태 뜻인데 품사 동
41284	0	thành sầu	A	슬프고 괴로운 곳(옛)		보조 1차: gloss는 '슬픔과 고통의 장소'인데 '수심의 성'은 직역해 달라짐
41336	0	thắng phụ	A	이기고 지다		보조 1차: 동사 칸인데 명사 '승패'; gloss는 '이기고 지다'
41394	0	thâm giao	A		명	보조 1차: gloss '친한 친구'는 명사 뜻인데 품사 형
41399	0	thân dân	A		동	보조 1차: gloss '백성을 사랑하다'는 동작 뜻인데 품사 명
41400	0	thâm y	A	심의(옛 복장)		보조 1차: '검은 옷'은 원문에 없음, gloss는 옛 복장 이름
41407	0	thất sách	A	계책이 잘못되다		보조 1차: 형용사 칸인데 명사 꼴; gloss는 '계책이 그릇된'
41418	1	thần thông	A		명	보조 1차: gloss '특별한 능력' 명사 뜻인데 품사 형
41424	0	thất sừng	A		명	보조 1차: gloss '가장 높은 패(명사)'인데 품사 동
41424	1	thất sừng	A		명	보조 1차: gloss '사람(명사)'인데 품사 동
41440	0	thầy bà	R			클로드: 지금 뜻이 맞음(보조 1차 ?: gloss가 '(thầy의 1·7번 뜻)을 나쁘게 쓴 말'이라 원 뜻을 알 수 없어 판단 불가)
41448	0	thấp bé	A		형	보조 1차: gloss '비천하다'는 형용 뜻인데 품사 명
41451	0	thần uy	A	훤칠한 풍채	명	보조 1차: gloss는 '훤칠한 풍채(명사)'인데 품사 속담, 속담이 아님
41471	0	thây kệ	A		동	보조 1차: gloss '제멋대로 내버려 두다'는 동사 뜻인데 품사 부
41494	0	thệ	A		동	보조 1차: gloss '맹세하다'는 동사 뜻인데 품사 형
41518	1	thế là	K	-		클로드 판정(보조 1차 ?: gloss가 정의가 아니라 예문('책·신문 사는 돈이 이러하니 다 떨어졌다')이라 ko가 예문 번역이 됨; 낱말 뜻을 판단할 수 없음)
41552	0	thị thế	A		동	보조 1차: gloss '권세를 믿다'는 동작 뜻인데 품사 명
41574	0	thị hùng	A		동	보조 1차: gloss '힘을 믿고 남을 괴롭히다'는 동작 뜻인데 품사 명
41615	0	thiểm độc	A	음흉하고 독하게		보조 1차: 품사 부사인데 한국어가 형용사 꼴
41667	0	thiệp liệp	A	건성으로, 대충		보조 1차: 품사 부사인데 한국어가 동사 꼴
41683	0	thóc gạo	K	곡식, 쌀(양식)		클로드 판정(보조 1차 뜻: 정의 문장을 통째로 옮김)
41687	0	thỏm	A	쏙 빠지는 모양, 아주 조금 먹는 모양		보조 1차: 원문 뒤쪽 뜻(먹는 양이 아주 적음)이 빠짐
41690	0	thòm	A		부	보조 1차: gloss가 북소리(명사/의성)인데 형으로 분류됨
41696	0	thoang thoáng	A	살짝 스치듯이		보조 1차: 품사 부인데 한국어가 동사 꼴
41727	0	thối tha	A	악취가 나다		보조 1차: '것 전반' 명사 조각이 형용사 칸에 섞임
41732	0	thôi thôi	A		감	보조 1차: gloss가 '이제 끝이다' 감탄 표현
41732	1	thôi thôi	A		감	보조 1차: gloss가 '그만해라' 감탄 표현
41737	0	thom thóp	A	오래도록 걱정하며		보조 1차: 품사 부인데 한국어가 동사 꼴
41739	0	thon thót	A	여러 번 화들짝 놀라는 모양		보조 1차: 'mạnh và nhiều lần'(여러 번) 빠짐, 동사 꼴
41760	1	thối rữa	A	(비유) 양심을 잃고 악랄해지다		보조 1차: 형용사 칸에 명사 '사람'으로 끝남
41793	0	thông mưu	A	공모하다		보조 1차: 동사 칸에 명사 꼴 '공모'
41813	0	thông hiếu	A		명	보조 1차: gloss가 '교류 관계(Sự …)'로 명사 뜻이라 동이 아님
41834	0	thờ vọng	A	본 사당이 아닌 곳에서 신을 모시다		보조 1차: 원문은 '주 사당 아닌 곳에서'인데 '멀리서'로 바뀜
41870	0	thụ phong	A		동	보조 1차: gloss '봉작을 받다'는 동사 뜻인데 명으로 분류됨
41916	1	thu vén	A	알뜰하게 가정을 꾸리고 관리하다		보조 1차: 동사 칸인데 한국어가 명사 '주부'로 끝남
41940	0	thù tiếp	A	접대하다		보조 1차: 동사 칸에 명사 꼴 '접대'
41950	1	thù tạc	R			클로드: 지금 뜻이 맞음(보조 1차 ?: 품사 칸이 비어 있고 풀이(keo sơn 형제의 정)가 이 낱말 뜻이 아닌 듯해 판단 불가)
41959	0	thuận tình	A	동의하다	동	보조 1차: gloss '동의하다'는 동사 뜻인데 명으로 분류됨(한국어는 이미 동사 꼴)
41969	0	thủng thỉnh	A	느릿느릿 걸어		보조 1차: 품사 부인데 한국어가 동사 꼴
41970	0	thủng thẳng	A	천천히, 느긋하게		보조 1차: 품사 부인데 '느긋하다' 형용사 꼴이 섞임
41973	0	thung thăng	A	한가로이 거닐며		보조 1차: 품사 부인데 한국어가 동사 꼴
41986	0	thúc phọc	A	속박하다		보조 1차: 동사 칸에 명사 꼴 '속박'
41988	0	thũng thịu	A		형	보조 1차: gloss '옷이 너무 길고 헐렁하다'는 상태(형용사) 뜻이라 부가 아님
41997	1	thuê ngoài	A	부품을 외주로 조달하다		보조 1차: 정의 문장을 통째로 옮김
42064	0	thư đồng	A		명	보조 1차: gloss '시중드는 사내아이(옛)'는 명사 뜻인데 형으로 분류됨
42105	0	thư thư	A	느긋하게		보조 1차: 품사 부인데 한국어가 형용사 꼴
42107	0	thứ vị	A		명	보조 1차: gloss '위아래 서열'은 명사 뜻인데 형으로 분류됨
42110	0	thưa thốt	A		동	보조 1차: gloss '말로 아뢰다'는 동사 뜻인데 형으로 분류됨
42116	0	thứ thất	A		명	보조 1차: gloss '첩(옛)'은 명사 뜻인데 동으로 분류됨
42118	0	thư phù	A		동	보조 1차: gloss(향으로 부적을 그려 법술 부림)는 동사 뜻인데 명으로 분류됨
42145	0	thư rơi	A		명	보조 1차: gloss '익명 편지'는 명사 뜻인데 동으로 분류됨
42153	0	thực thu	A		명	보조 1차: gloss '실제로 거둔 수입'은 명사 뜻인데 형으로 분류됨
42192	0	thường ngày	A	날마다, 매일		보조 1차: 부사 칸에 '일어나는' 관형 꼴이 섞임
42195	0	thượt	A	뻣뻣하게 곧게		보조 1차: 품사 부인데 한국어가 동사 꼴
42235	0	thương thương	R			클로드: 지금 뜻이 맞음(보조 1차 ?: thương은 '사랑하다/가엾다' 둘 다 되는데 gloss가 '조금 thương'뿐이라 '가엾다'로 단정 못 함)
42242	0	tỉ tê	A	다정하게 속삭이듯		보조 1차: 품사 부인데 한국어가 동사 꼴
42249	0	tì tì	A	쉬지 않고 계속 먹거나 마시는 모양		보조 1차: 원문 '먹거나 마시다'에서 마시기가 빠지고 품사 부인데 동사 꼴
42280	0	tiêu bảng	A		동	보조 1차: gloss '(옛) 주제를 세우다'는 동사 뜻인데 명으로 분류됨
42306	1	tiền ảo	A		동	보조 1차: gloss '돈이 많다고 생각하다'는 동사 뜻인데 명으로 분류됨
42312	0	tiệm tùng	R			클로드: 지금 뜻이 맞음(보조 1차 ?: gloss가 '= Tiệm'뿐이고 품사(명)와 한국어(점점·차츰, 부사 꼴)가 어긋나 원문만으로 판단 불가)
42358	0	tiền đường	A	본당(조상을 모시는 가운데 본채)		보조 1차: '앞채'는 원문(가운데의 본채)에 없음
42367	0	tiền sự	A		명	보조 1차: gloss '(법 위반 상태를 가리키는) 개념'은 명사 뜻인데 형으로 분류됨
42407	0	tiết nghĩa	A	충절		보조 1차: '덕목'은 원문에 없는 덧붙임
42415	0	tiệt nhiên	A	분명히, 확실히		보조 1차: 품사 부인데 한국어가 형용사 꼴
42420	0	tiết hợp	A	돌 수 있게 이어 붙이다		보조 1차: 동사 칸인데 한국어가 명사 꼴 '이음'
42423	0	tiếp tinh hoàn	A	고환을 이식하다		보조 1차: 동사 칸인데 한국어가 명사 꼴 '고환 이식'
42440	0	tiêu âm	A		동	보조 1차: gloss '소음을 줄이다'는 동사 뜻인데 명으로 분류됨
42521	0	tin nhảm	A	귀신·신을 믿다		보조 1차: 원문은 '귀신·신을 믿다'(동사), ko는 명사 '미신'
42531	0	tin tưởng rằng	A		구	보조 1차: 원문 gloss는 '헌법 첫머리 문장'이라 접두사가 아님
42538	0	tím than	A	짙은 남빛이 도는 보라색이다		보조 1차: 형용사 칸에 명사 꼴
42544	0	tinh luyện	R			클로드: 지금 뜻이 맞음(보조 1차 ?: gloss가 '.'뿐이라 판단 불가)
42545	0	tỉnh đường	A		명	보조 1차: gloss는 '도의 통치 기관'(명사)인데 품사가 동
42546	0	tỉnh thân	A		동	보조 1차: gloss '부모를 문안하다'(동사)인데 품사가 명
42604	0	tịt ngòi	R			클로드: 지금 뜻이 맞음(보조 1차 뜻: 원문에 없는 '불발되다' 덧붙음)
42614	0	to xù	A		형	보조 1차: gloss '크고 거칠다'는 형용사인데 제목이 Adverb
42680	0	tốc lực	R			클로드: 지금 뜻이 맞음(보조 1차 ?: gloss가 '.'뿐이라 판단 불가)
42689	0	toen hoẻn	A		형	보조 1차: gloss '작고 좁다'는 형용사인데 제목이 Adverb
42692	0	tối trời	A		형	보조 1차: gloss '구름 끼어 어둡다'는 형용사 뜻인데 제목이 Noun
42731	0	tối mò	A		형	보조 1차: gloss '어두워 아무것도 안 보이다'는 형용사 뜻이고 ko도 형용사 꼴인데 품사가 명
42792	0	tổng công kích	A	총공격하다		보조 1차: 동사 칸에 명사 '총공격'
42838	0	tốt đôi	A	부부가 잘 어울리다		보조 1차: 형용사 칸에 명사구
42853	0	tốt bổng	A	백성을 수탈하기 좋다(옛)		보조 1차: 형용사 칸에 명사구
42855	0	tột điểm	A	극에 달하다		보조 1차: 원문에 없는 명사 '절정'을 덧붙임
42856	0	tông xe	A		명	보조 1차: gloss '교통사고의 다른 이름'(명사)인데 품사가 동
42860	0	tột cùng	A	극도 · 극한		보조 1차: 명사 칸에 형용사 '지독하다'가 섞임
42865	1	tới hạn	A	임계의		보조 1차: 뜻풀이를 문장째 옮김, 짧은 대응어 '임계의'가 있음
42866	0	trả ân	R			클로드: 지금 뜻이 맞음(보조 1차 ?: gloss가 '.'뿐이라 판단 불가)
42867	0	tra xét	R			클로드: 지금 뜻이 맞음(보조 1차 ?: gloss가 '.'뿐이라 판단 불가)
42876	0	tới nơi	A	철저히		보조 1차: 부사 칸에 동사 꼴
42938	0	trang kim	A	금박을 입히다		보조 1차: 형용사 칸에 명사 '금박 종이'
42942	0	trackpad	A	터치패드	명	보조 1차: 고유명사가 아니라 보통 기기 이름, 뜻풀이를 문장째 옮김
42942	1	trackpad	A	터치패드	명	보조 1차: 'bàn di chuột'은 트랙패드(손가락으로 쓰는 판)인데 '마우스 패드'로 옮겨 오해를 줌, 고유명사 아님
42961	0	transistor	A	트랜지스터		보조 1차: 뜻풀이를 문장째 옮김, 짧은 대응어가 있음
42961	1	transistor	A	트랜지스터 라디오		보조 1차: 뜻풀이를 문장째 옮김
42983	0	tranh tồn	A	생존을 위해 싸우다(옛)		보조 1차: 동사 칸에 명사 꼴
43017	0	trắng mắt	A		동	보조 1차: gloss '실패 뒤에야 잘못을 깨닫다'는 동사 뜻이고 ko도 동사 꼴인데 품사가 명
43020	0	trắng bong	A		형	보조 1차: gloss '희고 매우 깨끗하다'는 형용사 뜻인데 제목이 Adverb
43064	0	trần tục	A	속세 · 속된 일		보조 1차: 명사 칸에 형용사 꼴
43086	0	trận trận	A		부	보조 1차: gloss '잇달아'는 부사 뜻인데 품사가 접속사
43099	0	trị sự	A	(신문사의) 업무 관리 부서	명	보조 1차: gloss는 신문사의 한 부서(명사)인데 품사가 동, ko도 부서 이름이 아님
43103	0	trẹt lét	A		형	보조 1차: gloss '바닥이 아주 얕다'는 형용사 뜻인데 제목이 Adverb
43105	0	trệ thai	A	임신 중 자궁이 처짐		보조 1차: 명사 칸에 동사 꼴
43110	0	trẹo họng	A		명	보조 1차: gloss는 남을 모함하는 자에게 하는 욕('Tiếng rủa', 명사)인데 품사가 동
43121	0	tri tâm	A	마음을 알아주다		보조 1차: 원문에 없는 명사 '지기'를 덧붙임
43133	0	trì chú	A	주문을 지니는 일(불교)		보조 1차: 명사 칸에 동사 꼴
43136	0	trình diện	A	출두하다 · 신고하다		보조 1차: 뜻풀이를 문장째 옮김, 짧은 대응어가 있음
43189	0	trọng đãi	A		동	보조 1차: gloss 'Đối đãi rất hậu'와 ko '후하게 대접하다'는 동사인데 품사가 명
43255	0	trống hốc	A		형	보조 1차: gloss '비어 안에 아무것도 없다'는 형용사 뜻인데 제목이 Adverb
43350	0	trù đình	A	노래하며 노는 공공장소		보조 1차: '공공 놀이터'는 놀이터(어린이 시설)로 오해됨, 원문은 노래하고 어울려 노는 공공의 장소
43362	0	trùng ngũ	A		명	보조 1차: gloss 'Đoan ngọ'는 명절 이름(명사)인데 품사가 부
43396	0	trung dũng	A		형	보조 1차: gloss '충의롭고 용감하다'와 ko가 형용사 뜻인데 품사가 동
43399	0	trung hoà tử	R			클로드: 지금 뜻이 맞음(보조 1차 ?: gloss가 '.'뿐이라 판단 불가)
43439	0	trung trực	A	수직이등분선		보조 1차: 뜻풀이를 문장째 옮김, 짧은 대응어 '수직이등분선'이 있음
43439	2	trung trực	A	수직이등분선	명	보조 1차: gloss는 직선(명사) 정의인데 품사가 형, 문장째 옮김
43453	0	trưng thu	R			클로드: 지금 뜻이 맞음(보조 1차 뜻: '징수'는 세금을 거둔다는 뜻이라 어긋남, 원문은 재산을 국가에 내놓게 하는 것)
43454	0	trưởng tộc	R			클로드: 지금 뜻이 맞음(보조 1차 ?: gloss가 '.'뿐이라 판단 불가)
43456	0	trừ bữa	A	끼니 대신으로		보조 1차: 동사 꼴이 부사 칸에 있음
43458	0	trưng binh	A		동	보조 1차: 제목은 Adjective인데 gloss는 동사 뜻
43476	0	trứng sáo	A	연한 하늘색이다		보조 1차: 형용사 칸에 명사 꼴
43505	0	tủ sắt	A		명	보조 1차: 제목 Verb인데 gloss는 철제 금고(명사)
43507	0	tù đồ	A	죄수들	명	보조 1차: 제목 Adjective인데 gloss는 죄를 지은 무리(명사)
43514	0	tụ huyết	A	피가 한곳에 고이다		보조 1차: 동사 칸에 명사 '울혈'
43523	0	trưởng ty	A	성 산하 전문 기관의 장		보조 1차: 과장은 원문의 한 지방 전문 기관의 장과 다름
43556	0	tu tỉnh	A		동	보조 1차: 제목 Noun인데 gloss는 동사 뜻
43557	0	tu tư	A		동	보조 1차: 제목 Adjective인데 gloss는 동사 뜻
43571	0	tuần dư	A		명	보조 1차: 제목 Verb인데 gloss는 '열흘 남짓'(명사구)
43614	0	tục truyền	A	민간에 전해지다		보조 1차: 동사 칸에 명사 '속설'
43625	0	tùng hương	A	로진(송진을 증류하고 남은 고체)		보조 1차: 원문은 증류 뒤 남은 고체(로진), 송진은 아님
43632	0	túi khí	A	에어백(자동차 승객용 안전장치)		보조 1차: 뜻풀이를 문장째 옮김, 짧은 대응어 에어백 있음
43632	1	túi khí	A	에어백(우주선 착륙용 안전장치)		보조 1차: 뜻풀이를 문장째 옮김, 짧은 대응어 에어백 있음
43644	0	tùng quân	A	감싸 주는 실력자(옛 문학)	명	보조 1차: 제목 Adjective인데 gloss는 사람을 가리키는 말(명사)
43673	0	tụt huyết áp	A	혈압이 떨어지다	동	보조 1차: 제목 Adjective인데 gloss는 떨어지는 동작, ko '저혈압'은 병명(명사)
43719	0	tuyên vận	A	선전 교육과 대민 사업	명	보조 1차: 제목 Verb인데 gloss는 두 가지 사업(명사)
43732	1	tự thừa	A		동	보조 1차: 제목 Adjective인데 gloss/ko는 곱하는 동작
43734	0	từ học	A		명	보조 1차: 제목 Verb인데 gloss는 학문 이름(명사), ko '자기학'은 명사
43767	1	tự phục vụ	A	(손님) 셀프서비스를 하다		보조 1차: 원문 뜻풀이를 문장째 옮겨 어색함, 짧게 고침
43775	0	tự liệu	A		동	보조 1차: 제목 Noun인데 gloss는 동사 뜻, ko도 동사 꼴
43781	0	tư đồ	A		명	보조 1차: 제목 Adjective인데 gloss는 관직 이름(명사)
43800	1	tư mã	A		고유	보조 1차: 제목 Pronoun인데 gloss는 성씨(고유명사)
43813	0	từ đường	A		명	보조 1차: 제목 Verb인데 gloss는 사당(명사)
43827	0	tử tức	A		명	보조 1차: 제목 Adjective인데 gloss는 자식(명사)
43828	0	tử tôn	A		명	보조 1차: 제목 Adjective인데 gloss는 자식과 손자(명사)
43831	0	tứ tế	A		명	보조 1차: 제목 Adjective인데 gloss/ko는 제사(명사)
43833	0	tư văn	A		명	보조 1차: 제목 Adjective인데 gloss는 옛 선비(명사)
43860	0	tự tình	A		동	보조 1차: 제목 Noun인데 gloss는 동사 뜻, ko도 동사 꼴
43875	0	tư ý	A		명	보조 1차: 제목 Adjective인데 gloss는 개인의 작은 의견(명사)
43916	0	tỷ trọng	A	비중		보조 1차: 원문은 물질 무게와 같은 부피 물 무게의 비(비중), 문장째 옮김
43918	0	u sầu	R			클로드: 지금 뜻이 맞음(보조 1차 ?: 원문 gloss가 비어 있어('.') 판단 불가)
43923	0	tửu điếm	A		명	보조 1차: 제목 Verb인데 gloss는 술집(명사)
43924	0	tướng thuật	A		명	보조 1차: 제목 Verb인데 gloss는 관상 보는 법(명사), ko '관상술'은 명사
43947	0	u hoài	A	쓸쓸히 그립다		보조 1차: 형용사 칸에 명사 꼴
43968	0	uỷ thác	R			클로드: 지금 뜻이 맞음(보조 1차 ?: 원문 gloss가 비어 있어('.') 판단 불가)
43973	0	ủy dụ	A	위로하고 안부를 묻다		보조 1차: 'úy dụ와 같음'인데 ko에 원문에 없는 '타이르다'가 붙음
43998	0	ước vọng	A		명	보조 1차: 제목 Verb인데 gloss는 '바라는 것'(명사), ko도 명사
44013	0	ướt mèm	A		형	보조 1차: 제목 Noun인데 gloss/ko는 흠뻑 젖은 상태(형용사)
44110	0	vảy nến	R			클로드: 지금 뜻이 맞음(보조 1차 ?: 원문은 '=vảy nám'(피부 각질)인데 ko는 건선이라 같은 낱말 뜻과 다름)
44129	0	vận mạng	A		명	보조 1차: 제목 Verb인데 gloss는 vận mệnh 참조(명사), ko '운명'은 명사
44135	0	vanh vách	A	술술	부	보조 1차: 제목 Noun인데 gloss는 말·읽기가 막힘없음, ko가 동사 꼴
44153	0	vi hành	A	변장하고 민정을 살피러 다니다(옛)		보조 1차: 미행하다는 몰래 뒤쫓다로 읽혀 원문(변장해 민정을 살핌)과 다름
44203	1	viễn phương	A	(문학) 천 겹으로 멀리 떨어진 곳		보조 1차: 명사 칸에 서술형 '떨어져 있다'
44212	0	võ trang	A	군사 장비		보조 1차: 명사 칸에 동사 꼴(1번 칸의 '무장하다'와 겹침)
44221	0	viêm nhiễm	A		명	보조 1차: 제목 Verb인데 gloss는 감염으로 생긴 염증(명사), ko도 명사
44258	0	vô uý	A		형	보조 1차: 제목 Noun인데 gloss는 두려움이 없음(서술어), ko는 형용사 꼴
44280	0	vưỡn	A		부	보조 1차: 제목 Noun인데 gloss는 '아직·여전히'(부사)
44282	0	vùng xám	A		명	보조 1차: 제목 Adjective인데 gloss는 지역(명사), ko '회색 지대'도 명사
44323	0	vượt quá	A		동	보조 1차: 제목 Adverb인데 gloss는 기준을 넘는 뜻, ko도 동사 꼴
44328	0	xả lai	A		동	보조 1차: 제목 Noun인데 gloss는 싸움에 지다(동사), ko도 동사 꼴
44328	1	xả lai	A		동	보조 1차: 제목 Noun인데 gloss는 그 자리에서 죽다(동사), ko도 동사 꼴
44338	0	xào xáo	K	(구어) 볶고 지지다, 요리하다		클로드 판정(보조 1차 ?: 원문 gloss가 꼬리표 '(Khẩu ngữ)'뿐이라 뜻을 판단할 수 없음, ko도 '(구어)'뿐)
44365	1	xe hỏa	A	기차		보조 1차: 'Xe lửa와 같음'을 그대로 옮겨 '~와 같음'이 뜻으로 남음
44367	0	xem khinh	K	깔보다, 업신여기다		클로드 판정(보조 1차 ?: 원문 gloss가 'Ý nói.'뿐이라 판단 불가, ko '말하자면'은 근거 없음)
44375	0	xem như	R			클로드: 지금 뜻이 맞음(보조 1차 ?: 원문은 'tưởng tượng 참조'뿐인데 ko는 '간주하다'라 참조 낱말 뜻과 다름, 판단 불가)
44384	0	xăng pha nhớt	A		명	보조 1차: gloss는 '성별이 모호한 사람' 명사 뜻
44385	0	xe căng hải	A		동	보조 1차: gloss 'đi bộ'는 동사 뜻
44386	0	xập xám chướng	A		명	보조 1차: gloss '열세 가지 폐단' 명사 뜻
44387	0	xí hụt	A		동	보조 1차: gloss '잡으려다 놓침' 동사 뜻
44398	1	xem chừng	A	보아하니 · 아마		보조 1차: 뜻풀이 문장째 옮김, 짧은 대응어로
44399	0	xét tuyển	A	심사하여 선발하다		보조 1차: 뜻풀이 문장째 옮김
44399	1	xét tuyển	A	(교육) 심사하여 선발하다		보조 1차: 뜻풀이 문장째 옮김
44404	0	xờ	A	글자 X의 이름		보조 1차: 뜻풀이 문장째 옮김
44425	0	xủ quẻ	A		동	보조 1차: gloss 'xuất quẻ' 동사 뜻
44456	0	xúc cảm	A		명	보조 1차: ko는 명사 꼴, gloss 'như cảm xúc'
44495	0	yếu nhân	A	요인(要人) · 중요 인물		보조 1차: '요인'만으로는 '원인'으로 오해하기 쉬움
44500	0	yết	A	게시하다 · 공시하다		보조 1차: 뜻풀이 문장째 옮김
44512	0	ỷ dốc	A		동	보조 1차: gloss·ko 모두 동사 뜻 ('서로 기대다 · 돕다')
44544	0	á nam á nữ	A		명	보조 1차: gloss '성별 불분명한 사람' 명사 뜻
44544	1	á nam á nữ	A		명	보조 1차: gloss '나약한 사람' 명사 뜻
44550	0	a đốn a đa	A		동	보조 1차: gloss 'kêu khóc' 동사 뜻
44608	0	ăn trông nồi ngồi trông hướng	A	상황에 맞게 처신해야 함		보조 1차: 뜻풀이는 상황에 맞는 처신, 한국어는 문자 그대로만 옮김
44613	0	ba máu sáu cơn	A	극도의 분노(주로 여자의)		보조 1차: 명사 칸에 동사 꼴
44628	0	bất tài đồ thơ	A	글재주가 없다 · 학식이 모자라다		보조 1차: 형용사 칸에 명사('사람')가 섞임
44635	0	bắt cóc bỏ dĩa	A	두꺼비를 잡아 접시에 얹어 두려 했으나 뛰어 달아남		보조 1차: cóc은 두꺼비, 개구리가 아님
44638	0	bất tuân dân sự	A		명	보조 1차: ko '시민 불복종'은 명사 꼴
44646	0	bán trời không văn tự	A	하늘을 파는데 문서가 없다 — 허풍 떨며 무모하게 굴다		보조 1차: 한국어가 '굼'으로 잘림
44733	0	cái kim trong bọc sẽ có ngày lòi ra	A	주머니 속 송곳은 언젠가 튀어나온다 — 숨겨도 결국 드러남		보조 1차: 속담의 핵심 뜻(결국 드러남)이 빠짐
44734	1	cầm kì thi họa	A		명	보조 1차: gloss·ko 모두 '재능 많은 사람' 명사 뜻
44738	0	cá trê chui ống	A	거짓으로 맹세하다		보조 1차: '(동요)'는 원문에 없는 덧붙임
44739	0	buồn thỉu buồn thiu	A		형	보조 1차: ko '몹시 우울하다'는 형용사 꼴
44806	0	chém tre không dè đầu mặt	A	대나무 벨 때 눈 조심 안 함 — 막무가내로 굴다		보조 1차: 한국어가 '굼'으로 잘림
44883	0	công lên việc xuống	A	몹시 바쁘다	형	보조 1차: gloss 'bận bịu'는 형용 뜻, 명사 칸에 형용사 꼴
44919	0	đầu đường xó chợ	A	집이 없다		보조 1차: 형용사 칸에 명사('노숙자')
44926	0	du thủ du thực	A	빈둥빈둥 놀고먹다		보조 1차: 형용사 칸에 명사('건달')가 섞임
45021	0	địa phương chủ nghĩa	A	지방주의적이다		보조 1차: 형용사 칸에 명사 꼴
45026	0	đầu cơ tích trữ	A	매점매석하다		보조 1차: 동사 칸에 명사 꼴
45039	0	đâm hơi chém gió	A	실속 없이 심심풀이로 떠들다		보조 1차: 형용사 칸에 명사 꼴
45054	0	giá trị giao dịch	A	거래 가치		보조 1차: '거래액'은 원문에 없는 덧붙임
45124	0	hổ báo cáo chồn	A	(해학) 호랑이·표범·여우·족제비 — 험상궂고 거친 무리		보조 1차: cáo는 여우, 곰이 아님
45128	0	hải âu cổ rụt Đại Tây Dương	R			클로드: 지금 뜻이 맞음(보조 1차 ?: gloss에 종 이름이 빠져 잘림. '바다오리'가 맞는지 판단 불가)
45173	0	khả biến thần kinh	A		명	보조 1차: gloss 'Khả năng…'는 명사 뜻, ko '가소성'도 명사
45211	0	kì thị chủng tộc	A		명	보조 1차: gloss 'Là sự phân biệt…' 명사 뜻
45243	0	lao tâm khổ tứ	A	노심초사하다		보조 1차: 동사 칸에 명사 꼴
45257	0	lịch sử tính thủy vực	A	오랜 분쟁이 해결되지 않은 수역		보조 1차: 한국어가 표제어 직역일 뿐 gloss(둘 이상이 다투는 수역)와 다름
45285	0	linh tinh tình phộc	A	(축제) 푸토성 럼타오현 사당에서 매년 11일 밤~12일 새벽에 열리는 봄맞이 행사		보조 1차: 원문에 없는 '음력 정월' 덧붙음
45290	0	lử đử lừ đừ	R			클로드: 지금 뜻이 맞음(보조 1차 ?: 원문 뜻풀이가 '.'뿐이라 판단 불가)
45293	0	má hồng mệnh mỏng	R			클로드: 지금 뜻이 맞음(보조 1차 ?: 원문 뜻풀이가 '(ng2).'뿐이라 판단 불가)
45294	0	lịnh ông cồng bà	A	누가 더 위세가 센가		보조 1차: 원문에 없는 '남편과 아내' 덧붙음
45296	0	lóc thịt lột da	A	(신화) 나타가 살을 발라 아버지께, 가죽을 벗겨 어머니께 돌려줌		보조 1차: 원문에 없는 '뼈저리다' 덧붙음, 고사 설명으로 고침
45300	0	lý do lý trấu	A		동	보조 1차: gloss가 동사 뜻(핑계를 대다)인데 품사 명
45319	0	mê tín dị đoan	A	미신을 믿는		보조 1차: 형 칸에 명사 '미신'
45320	0	mì xưa mì xớm	A	(후에) 'mất mì xưa'의 반의어, 길조를 뜻함		보조 1차: 원문은 mất mì xưa의 반대말일 뿐 '흉조'는 원문에 없음
45328	0	màn ảnh đại vĩ tuyến	A	극장 상영 전용 영화		보조 1차: 원문에 없는 '와이드 스크린' 덧붙음
45338	0	mô hình hoá quản lí	A	관리 모델링		보조 1차: 원문은 생산·경영 상황을 연구하는 방법, ko는 '경영 관리를 모델로 만듦'(동사 꼴)으로 어긋남
45343	0	mô tô thể thao	A	경기용 오토바이		보조 1차: 원문은 스포츠 경기에 쓰는 오토바이
45349	0	mình đồng da sắt	R			클로드: 지금 뜻이 맞음(보조 1차 ?: 원문 뜻풀이가 '.'뿐이라 판단 불가)
45385	0	muôn màu cỏ hoa	A	풀과 꽃이 온갖 빛깔로 화려하다		보조 1차: 형 칸에 명사구
45398	0	nẫu ruột nhầu gan	R			클로드: 지금 뜻이 맞음(보조 1차 ?: 원문은 '(nhưng ý nhấn mạnh hơn)'뿐이고 기준 낱말이 없어 판단 불가)
45432	0	nhân đạo chủ nghĩa	A	인도주의적인	형	보조 1차: gloss가 '인도주의에 속하는, 인도적 성질이 있는'이라 형용사 뜻인데 명사 '인도주의'
45435	0	ngón tay đeo nhẫn	R			클로드: 지금 뜻이 맞음(보조 1차 ?: 원문 뜻풀이가 '.'뿐이라 판단 불가)
45438	0	nhân giống chọn lọc	R			클로드: 지금 뜻이 맞음(보조 1차 ?: 원문 뜻풀이가 '.'뿐이라 판단 불가)
45444	0	nguyên sinh động vật	R			클로드: 지금 뜻이 맞음(보조 1차 ?: 원문 뜻풀이가 '.'뿐이라 판단 불가)
45449	0	núng na núng nính	R			클로드: 지금 뜻이 맞음(보조 1차 ?: 원문은 '(nhưng mức độ nhiều hơn)'뿐이고 기준 낱말이 없어 판단 불가)
45459	0	nói ra nói vào	A	끈질기게 불평하다		보조 1차: 원문에 없는 '입방아 찧다' 덧붙음
45467	0	nước non khói lửa	A	연인과 작별하고 전쟁터에 나가다	구	보조 1차: gloss가 동작 설명(연인과 작별하고 전쟁에 나감)인데 품사 명, 한국어도 서술형으로 맞춤
45505	0	phu xướng phụ tùy	A	남편이 무엇을 하려 하면 아내도 따라 한다		보조 1차: '따른다는 뜻' 은 낱말 해설 조각이라 학습자에게 혼란
45532	0	ông tơ bà nguyệt	R			클로드: 지금 뜻이 맞음(보조 1차 ?: 원문 뜻풀이가 '.'뿐이라 판단 불가)
45558	0	quan san cách trở	R			클로드: 지금 뜻이 맞음(보조 1차 ?: 원문 뜻풀이가 '.'뿐이라 판단 불가)
45575	0	quạ đội lốt công	R			클로드: 지금 뜻이 맞음(보조 1차 ?: 원문 뜻풀이가 '.'뿐이라 판단 불가)
45581	0	sân lai sáu kỷ	A	노래자의 고사처럼 부모를 기쁘게 한다는 뜻		보조 1차: '노래자(老萊子)'를 '늙은 내자 노인'으로 잘못 옮김
45595	0	rày đây mai đó	R			클로드: 지금 뜻이 맞음(보조 1차 ?: 원문 뜻풀이가 '.'뿐이라 판단 불가)
45608	0	sen đá kim cương	A	하월시아 쿠페리 변종 트룬카타(다육식물)		보조 1차: 학명(Haworthia cooperi var. truncata)에 맞춰 종 이름을 밝힘
45609	0	rối tung rối mù	A	마구 뒤엉키다		보조 1차: 원문(rối tung의 강조)에 없는 '산발하다' 덧붙음
45614	0	rì rà rì rầm	A	소곤소곤 연달아 나는		보조 1차: 형 칸에 명사 '소리'
45617	0	rối rít tít mù	R			클로드: 지금 뜻이 맞음(보조 1차 ?: 원문은 '(nhưng nghĩa mạnh hơn)'뿐이고 기준 낱말이 없어 판단 불가)
45618	0	rối tinh rối mù	R			클로드: 지금 뜻이 맞음(보조 1차 ?: 원문은 '(nhưng nghĩa mạnh hơn)'뿐이고 기준 낱말이 없어 판단 불가)
45620	0	rộng chân rộng cẳng	R			클로드: 지금 뜻이 맞음(보조 1차 ?: 원문은 '(nhưng ý nhấn mạnh hơn).'뿐이고 기준 낱말이 없어 판단 불가)
45621	0	rộng huếch rộng hoác	R			클로드: 지금 뜻이 맞음(보조 1차 ?: 원문은 '(nhưng ý mức độ nhiều hơn).'뿐이고 기준 낱말이 없어 판단 불가)
45664	0	tá hoả tam tinh	R			클로드: 지금 뜻이 맞음(보조 1차 ?: 원문에 꼬리표만 있고 뜻풀이가 비어 판단 불가)
45665	0	tái xanh tái xám	R			클로드: 지금 뜻이 맞음(보조 1차 ?: 원문 뜻풀이가 '.'뿐이라 판단 불가)
45671	0	tâm đầu ý hợp	A	마음과 뜻이 서로 맞음		보조 1차: 이심전심은 말 없이 마음이 통함이라 gloss(감정과 이성이 서로 맞음)와 결이 다름
45689	0	thành công mỹ mãn	A		관용	보조 1차: 제목은 감탄사지만 gloss는 '완전한 성공'을 뜻하는 성어
45699	0	tất lẽ dĩ ngẫu	K	-	구	클로드 판정(보조 1차 품사: 감탄사가 아니라 낱말을 이은 성어 풀이)
45699	1	tất lẽ dĩ ngẫu	A		구	보조 1차: gloss가 '확실한 일'이라 감탄사가 아님
45710	0	thất đảm kinh hồn	R			클로드: 지금 뜻이 맞음(보조 1차 ?: 원문에 꼬리표만 있고 뜻풀이가 비어 판단 불가)
46175	2	bi	A	비관적인(줄임말)		보조 1차: 형용사 칸에 명사 꼴 '비관'
46175	3	bi	A		명	보조 1차: Adjective 제목이나 gloss는 원소 기호(명사)
46230	4	co	A		명	보조 1차: Verb 제목이나 gloss는 원소 기호(명사)
46231	3	cuội	A		형	보조 1차: Adverb 제목이나 gloss는 '터무니없는·거짓된' 형용 뜻
46232	0	cát tường	A	화려하고 찬란한		보조 1차: 형용사 칸에 '모습' 명사 꼴
46233	5	cống	K	-	명	클로드 판정(보조 1차 품사: Verb 제목이나 gloss는 '이름'(명사))
46233	6	cống	A		명	보조 1차: Verb 제목이나 gloss는 민족 이름(명사)
46233	7	cống	A		명	보조 1차: Verb 제목이나 gloss는 민족 언어(명사)
46295	0	đông du	A	(역사) 학생들을 일본에 유학 보내다(동유 운동)		보조 1차: 동사 칸에 명사 꼴, gloss는 '보내다' 동작
46305	3	hung	A		형	보조 1차: Adverb 제목이나 gloss는 '갈색을 띤' 형용 뜻
46314	2	hiền	A		명	보조 1차: Adjective 제목이나 gloss는 '덕행 있는 사람'(명사)
46316	1	hoài	A		부	보조 1차: Verb 제목이나 gloss는 부사 뜻(phụ từ, 동사 뒤에 붙는 부사)
46317	6	hà	A		감	보조 1차: Noun 제목이나 gloss는 문장 머리의 감탄사(Tht)
46343	0	hợi	R			클로드: 지금 뜻이 맞음(보조 1차 ?: gloss가 비어 있어 원문으로 판단할 수 없음)
46358	4	kép	A	여러 낱말을 합친, 합성의		보조 1차: 형용사 칸에 명사 꼴 '합성어'
46358	5	kép	A		명	보조 1차: Adjective 제목이나 gloss는 '사람'(명사)
46434	0	mân đàn	R			클로드: 지금 뜻이 맞음(보조 1차 ?: gloss가 비어 있어 원문으로 판단할 수 없음)
46444	1	ngọ	A	한낮의		보조 1차: 형용사 칸에 명사 꼴 '한낮'
46447	1	niệt	A		동	보조 1차: Noun 제목이나 gloss(Nói trói chặt)와 ko는 동사 뜻
46448	0	nôm	A	쯔놈으로 쓴		보조 1차: 형용사 칸에 명사 꼴 '시·글'
46493	1	sĩ	A	장기·땀꾹(카드놀이)에서 둘째 등급 말, 사(士)		보조 1차: 'tam cúc'(땀꾹 카드놀이)를 '삼국 카드'로 잘못 옮김
46505	0	rét nàng bân	A	음력 3월의 꽃샘추위		보조 1차: gloss에 없는 '말'이 덧붙음
46518	0	phù tang	A	장례를 돕다	동	보조 1차: gloss는 '장례를 돕다'(동사), 명사 '호상'이 덧붙음
46524	0	reng reng	A	따르릉(종이 계속 울리는 소리)	부	보조 1차: Adjective 제목이나 gloss는 의성어(소리 흉내), 명사 풀이 대신 의성 부사로
46533	1	thái	A		명	보조 1차: Adjective 제목이나 gloss는 'Tính …'(성질, 명사)이고 ko도 명사 꼴
46576	0	thiên lôi	R			클로드: 지금 뜻이 맞음(보조 1차 뜻: gloss에 없는 '도끼'가 덧붙음)
46586	1	thủy	A	시종일관한(줄임말)		보조 1차: 형용사 칸에 명사형 '시종일관함'
46592	0	thuận	A		형	보조 1차: Noun 제목이나 gloss는 '맞고 편하다'(형용 뜻)
46592	1	thuận	A		동	보조 1차: Noun 제목이나 gloss는 '동의하다'(동사 뜻)
46611	1	thanh minh	K	-	접	클로드 판정(보조 1차 품사: Noun 제목이나 gloss는 'Hoặc'(또는, 접속어))
46613	3	thập	A		명	보조 1차: Adjective 제목이나 gloss는 '좀도둑'(명사)
46621	0	thiện tai	A		감	보조 1차: Adjective 제목이나 gloss는 칭찬하는 감탄 표현
46629	0	trưng	A	입찰하다(줄임말)		보조 1차: 동사 칸에 명사 꼴
46632	0	tuất	R			클로드: 지금 뜻이 맞음(보조 1차 ?: gloss가 비어 있어 원문으로 판단할 수 없음)
46645	0	trung dung	A	어느 쪽에도 치우치지 않다		보조 1차: gloss는 '어느 쪽에도 치우치지 않음'인데 ko는 책 이름(사서의 하나)
46646	0	toe	A		명	보조 1차: Verb 제목이나 gloss는 '경적·나팔 소리'(명사)
46656	0	tiên đồng	A	(도교) 선동, 신선을 모시는 동자		보조 1차: gloss에 없는 '= Kim Đồng'이 덧붙어 다른 인물과 혼동됨
46663	0	trường thành	A		명	보조 1차: Verb 제목이나 gloss는 '성벽'(명사)
46675	1	ỷ	A	크고 살진(돼지)		보조 1차: 형용사 칸에 명사 '돼지' 꼴
46677	2	ủ	K	-		클로드 판정(보조 1차 ?: gloss 'Dấm' 한 낱말뿐인데 ko는 명사 '식초'로 동사 칸과 어긋남, 원문만으로 판단 불가)
46678	1	ứ	A		감	보조 1차: Verb 제목이나 gloss는 'Tht'(불만을 나타내는 감탄)
46702	0	vê đúp	A	문자 W의 이름(드물게 씀)		보조 1차: 'ít dùng'(드물게 씀)을 '옛'으로 바꾸고 '이름'이 빠짐
45127	0	hải âu cổ rụt	K	퍼핀(바다오리과 새)		클로드 판정: hải âu cổ rụt = 퍼핀(Fratercula), 원문 속 이름 잘림(보조 1차 ?)
45749	0	thiên tai địch họa	R			클로드: 지금 뜻이 맞음(보조 1차 뜻: 원문에 없는 '외적의 화' 덧붙음)
45764	0	tiền nhân hậu quả	A		구	보조 1차: gloss가 전생·현생의 인과를 설명하는 성어인데 품사 고유
45781	0	tím ruột bầm gan	R			클로드: 지금 뜻이 맞음(보조 1차 ?: 원문 뜻풀이가 '.'뿐이라 판단 불가)
45801	0	tình cảm chủ nghĩa	A	인정에 치우치다		보조 1차: 원문(관계에서 감정에 치우침)에 없는 '감상주의적' 덧붙음
45804	0	tí ta tí toét	R			클로드: 지금 뜻이 맞음(보조 1차 ?: 원문은 '(nhưng ý nhấn mạnh hơn)'뿐이고 기준 낱말이 없어 판단 불가)
45805	0	tí toe tí toét	R			클로드: 지금 뜻이 맞음(보조 1차 ?: 원문은 '(hiếm)'뿐이라 판단 불가)
45806	0	tía lia tía lịa	R			클로드: 지금 뜻이 맞음(보조 1차 ?: 원문은 꼬리표와 '(nhưng ý mức độ nhiều)'뿐이고 기준 낱말이 없어 판단 불가)
45820	0	trăng kỳ tròn khuyên	A	보름밤	명	보조 1차: 'Đêm rằm, ý nói'의 'ý nói(곧, 말하자면)'를 뜻으로 옮김, 품사 비어 있음
45866	0	tứ túc mai hoa	A	(개가) 네 발에 얼룩무늬가 있다		보조 1차: 형 칸에 명사구
45887	0	tư lệ hiệu úy	A		명	보조 1차: gloss가 한나라 관직 이름인데 품사 대
45891	0	u u minh minh	R			클로드: 지금 뜻이 맞음(보조 1차 ?: 원문은 '(ng1; nhưng ý nhấn mạnh hơn)'뿐이고 기준 낱말이 없어 판단 불가)
45898	0	ưỡn a ưỡn ẹo	R			클로드: 지금 뜻이 맞음(보조 1차 ?: 원문은 '(nhưng ý mức độ nhiều hơn)'뿐이고 기준 낱말이 없어 판단 불가)
45899	0	ưỡn à ưỡn ẹo	R			클로드: 지금 뜻이 맞음(보조 1차 ?: 원문 뜻풀이가 '.'뿐이라 판단 불가)
45900	0	ụt à ụt ịt	R			클로드: 지금 뜻이 맞음(보조 1차 ?: 원문은 '(nhưng ý mức độ nhiều và liên tiếp)'뿐이고 기준 낱말이 없어 판단 불가)
45929	0	xâm hại tình dục	A		명	보조 1차: 제목은 Proverb지만 gloss는 '성폭행'이라는 명사 뜻
45939	0	vô duyên vô dạng	R			클로드: 지금 뜻이 맞음(보조 1차 ?: 원문은 '(nhưng nghĩa mạnh hơn)'뿐이고 기준 낱말이 없어 판단 불가)
45949	0	vận tốc căn quân phương	R			클로드: 지금 뜻이 맞음(보조 1차 ?: 원문 뜻풀이가 '(vật lý) .'뿐이라 판단 불가)
45966	0	bán chịu	A	외상으로 팔다		보조 1차: 정의 문장을 옮김, 짧은 대응어로 고침
45967	0	bên trong	A	안, 내부		보조 1차: 정의 문장을 옮김('내부 부분'도 어색)
45968	0	biển báo giao thông	A	교통 표지판		보조 1차: 정의 문장을 옮김
45969	0	bánh gối	A	고기·당면 소를 넣어 튀긴 반달 모양 빵(바인 고이)		보조 1차: 정의 문장을 옮김, '떡'은 bánh의 오역
45971	0	bán thành phẩm	A	반제품		보조 1차: 정의 문장을 옮김
45972	0	báo giá	A	견적을 내다, 가격을 알리다		보조 1차: 정의 문장을 옮김
45973	0	bôi trơn	A	윤활하다, 윤활유를 바르다		보조 1차: 정의 문장을 옮김
45974	0	bệnh tâm thần	A	정신병		보조 1차: 정의 문장을 옮김
45975	0	bóng râm	A	그늘		보조 1차: 정의 문장을 옮김
45976	0	băng dính	A	접착테이프		보조 1차: 정의 문장을 옮김
45977	0	băng chuyền	A	컨베이어 벨트		보조 1차: 정의 문장을 옮김
45978	0	bản vẽ	A	도면		보조 1차: 정의 문장을 옮김
45980	0	bảng màu	A	팔레트		보조 1차: 정의 문장을 옮김
45980	1	bảng màu	A	(화가의) 색채		보조 1차: 정의 문장을 옮김
45981	0	cam lòng	A	흡족해하다, 만족하다		보조 1차: 정의 문장을 옮김
45981	1	cam lòng	A	달게 받아들이다, 감수하다		보조 1차: 정의 문장을 옮김
45982	0	bức tranh	A	그림		보조 1차: 정의 문장을 옮김
45983	0	bữa tiệc	A	잔치, 연회		보조 1차: '큰 식사'는 bữa tiệc(연회)의 직역으로 어색함
45984	0	bờ biển	A	해안, 바닷가		보조 1차: 정의 문장을 옮김
45986	0	chả cá	A	(음식) 멸치를 갈아 튀긴 어묵		보조 1차: 정의·먹는 법 문장을 옮김, 짧은 대응어 있음
45990	0	con cả	A	맏이		보조 1차: 정의 문장을 옮김
45992	0	chất thải	A	폐기물		보조 1차: 정의 문장을 옮김
45993	0	chế độ máy bay	A	비행기 모드		보조 1차: 정의 문장을 옮김
45994	0	cánh cửa	A	문짝		보조 1차: 정의 문장을 옮김
45996	0	cuộn cảm	A	인덕터, 유도 코일		보조 1차: 정의 문장을 옮김
45997	0	cơm bụi	A	서민 식사, 길거리 밥		보조 1차: 정의 문장을 옮김
45998	0	công nợ	A	채무, 빚		보조 1차: 정의 문장을 옮김
45999	0	căn chỉnh	A	맞춰 조정하다	동	보조 1차: gloss가 동사 뜻(조정하다)인데 품사 명, 한국어도 정의 문장
46000	0	cơm bình dân	A	서민 밥, 저렴한 식사		보조 1차: 정의 문장을 옮김
46001	0	công viên nước	A	워터파크		보조 1차: 정의 문장을 옮김
46002	0	cảm cúm	A	독감		보조 1차: 정의 문장을 옮김
46003	0	dây cáp	A	케이블, 와이어		보조 1차: 정의 문장을 옮김
46005	0	dây dẫn	A	도선, 전선		보조 1차: 정의 문장을 옮김
46006	0	em họ	A	사촌 동생		보조 1차: 정의 문장을 옮김
46007	0	em út	A	막내		보조 1차: 정의 문장을 옮김
46007	1	em út	A	동생뻘인 사람		보조 1차: 정의 문장을 옮김
46008	0	giật lùi	A	뒷걸음치다, 후진하다		보조 1차: 정의 문장을 옮김
46008	1	giật lùi	A	퇴보하다		보조 1차: 정의 문장을 옮김
46009	0	gia phong	A	가풍		보조 1차: 정의 문장을 옮김
46011	0	giao ca	A	근무를 인계하다		보조 1차: 정의 문장을 옮김
46013	0	em út	A	막내		보조 1차: 정의 문장을 옮김
46013	1	em út	A	동생뻘인 사람		보조 1차: 정의 문장을 옮김
46014	0	góp vốn	A	출자하다		보조 1차: 정의 문장을 옮김
46016	0	gót giày	A	구두 굽		보조 1차: 정의 문장을 옮김
46018	0	hiếm có	A	드물다, 희귀하다		보조 1차: 형 칸에 '…있음' 꼴
46020	0	hai mươi tư	A	스물넷, 24		보조 1차: 정의('여섯의 네 배')를 옮김
46022	0	hiệu chuẩn	A	교정, 보정		보조 1차: 정의 문장을 옮김
46025	0	hệ sinh thái	A	생태계		보조 1차: 정의 문장을 옮김
46026	0	hầm chui	A	지하도, 언더패스		보조 1차: 정의 문장을 옮김
46027	0	hạn sử dụng	A	유효기간, 사용 기한		보조 1차: 정의 문장을 옮김, 짧은 대응어로 고침
46028	0	hạng mục	A	(공사의) 항목, 단위 공사		보조 1차: 정의 문장을 옮김, 짧은 대응어로 고침
46033	0	khu dân cư	A	주거 지역, 주택가		보조 1차: 정의 문장을 옮김, 짧은 대응어로 고침
46034	0	không thích	A	싫어하다, 좋아하지 않다		보조 1차: 정의 문장을 옮김, 짧은 대응어로 고침
46035	0	kẻ trộm	A	도둑		보조 1차: 정의 문장을 옮김, 짧은 대응어로 고침
46036	1	ký nhận	A	수령 서명을 하다		보조 1차: 정의 문장을 옮김, 짧은 대응어로 고침
46039	0	làm khách	A	예의상 사양하다		보조 1차: 정의 문장을 옮김, 짧은 대응어로 고침
46040	0	làm ruộng	A	농사를 짓다		보조 1차: 정의 문장을 옮김, 짧은 대응어로 고침
46041	0	lâu năm	A	오래된, 여러 해 된		보조 1차: 형 칸에 서술형 과거 문장
46043	0	long đen	A		명	보조 1차: 제목은 Proverb지만 gloss는 물건·사물을 뜻하는 명사
46043	1	long đen	A		명	보조 1차: 제목은 Proverb지만 gloss는 물건·사물을 뜻하는 명사
46044	0	leo núi	A	등산		보조 1차: 정의 문장을 옮김, 짧은 대응어로 고침
46045	0	lứa tuổi	A	연령층		보조 1차: 정의 문장을 옮김, 짧은 대응어로 고침
46046	0	may sẵn	A	기성복을 만들다		보조 1차: 정의 문장을 옮김, 짧은 대응어로 고침
46047	0	may đo	A	맞춤으로 지은		보조 1차: 형 칸에 명사 '옷'
46048	0	máy xúc	A	굴착기, 삽차		보조 1차: 정의 문장을 옮김, 짧은 대응어로 고침
46054	0	mọi nơi	A	어디나, 모든 곳		보조 1차: 정의 문장을 옮김, 짧은 대응어로 고침
46055	0	neo đơn	A	외롭고 의지할 데 없다		보조 1차: 정의 문장을 옮김, 짧은 대응어로 고침
46057	0	mỹ nghệ	A	공예		보조 1차: 정의 문장을 옮김, 짧은 대응어로 고침
46058	0	nghi ngại	A	망설이다, 꺼리다		보조 1차: 정의 문장을 옮김, 짧은 대응어로 고침
46059	0	một lúc	A	한동안, 잠시		보조 1차: 형 칸에 '…가리킴' 꼴
46060	0	nguồn điện	A	전원		보조 1차: 정의 문장을 옮김, 짧은 대응어로 고침
46061	0	ngày công	A	노동일, 공수		보조 1차: 정의 문장을 옮김, 짧은 대응어로 고침
46062	0	ngã ba	A	삼거리, 세 갈래 길		보조 1차: 정의 문장을 옮김, 짧은 대응어로 고침
46064	0	ngược chiều	A	반대 방향의, 역방향의		보조 1차: 형 칸에 '…가리킴' 꼴
46065	0	ngôi sao	A	별		보조 1차: 정의 문장을 옮김, 짧은 대응어로 고침
46066	0	người hùng	A	영웅 (흔히 비꼬는 뜻)		보조 1차: 정의 문장을 옮김, 짧은 대응어로 고침
46068	0	nhượng bộ	A	양보하다		보조 1차: 정의 문장을 옮김, 짧은 대응어로 고침
46070	0	nhảy cao	A	높이뛰기		보조 1차: 정의 문장을 옮김, 짧은 대응어로 고침
46072	0	nhà thầu	A	시공업자, 입찰자		보조 1차: 정의 문장을 옮김, 짧은 대응어로 고침
46073	0	nhà ống	A	(구어) 좁고 긴 집		보조 1차: 정의 문장을 옮김, 짧은 대응어로 고침
46074	0	nhớ nhà	A	집을 그리워하다, 향수를 느끼다		보조 1차: 정의 문장을 옮김, 짧은 대응어로 고침
46080	0	năm sau	A	다음 해, 내년		보조 1차: 정의 문장을 옮김, 짧은 대응어로 고침
46082	0	pha loãng	A	희석하다, 묽게 타다		보조 1차: 동 칸에 '…하는 행동' 꼴
46085	0	phim hoạt hình	A	만화 영화, 애니메이션		보조 1차: 정의 문장을 옮김, 짧은 대응어로 고침
46086	0	phụ cấp	A	수당		보조 1차: 정의 문장을 옮김, 짧은 대응어로 고침
46086	1	phụ cấp	A	수당을 주다		보조 1차: 정의 문장을 옮김, 짧은 대응어로 고침
46087	0	quản đốc	A	공장장, 작업장 책임자		보조 1차: 정의 문장을 옮김, 짧은 대응어로 고침
46089	0	quần lót	A	속옷 바지, 팬티		보조 1차: 정의 문장을 옮김, 짧은 대응어로 고침
46090	0	quần soóc	A	반바지		보조 1차: 정의 문장을 옮김, 짧은 대응어로 고침
46091	0	quà tặng	A	선물		보조 1차: 정의 문장을 옮김, 짧은 대응어로 고침
46092	0	rửa ảnh	A	사진을 현상하다		보조 1차: 정의 문장을 옮김, 짧은 대응어로 고침
46093	0	rượu thuốc	A	약술		보조 1차: 정의 문장을 옮김, 짧은 대응어로 고침
46097	0	sứ quán	A	대사관·공사관 등 외교 공관		보조 1차: 정의 문장을 옮김, 짧은 대응어로 고침
46099	0	sửa sai	A	잘못된 일을 바로잡다	동	보조 1차: gloss가 동사 뜻(다시 하다)인데 품사 명, 한국어도 서술형으로 맞춤
46103	0	thường dùng	A	일상적으로 쓰는, 상용의		보조 1차: 형 칸에 서술형 문장
46104	0	thưởng phạt	A	상벌을 주다		보조 1차: 정의 문장을 옮김, 짧은 대응어로 고침
46105	0	tiêm phòng	A	예방 접종을 하다		보조 1차: 정의 문장을 옮김, 짧은 대응어로 고침
46107	0	trường đua	A	경마장, 경주장		보조 1차: 정의 문장을 옮김, 짧은 대응어로 고침
46108	0	trưởng phòng	A	부서장, 과장		보조 1차: 정의 문장을 옮김, 짧은 대응어로 고침
46109	0	trước mặt	A	눈앞의, 앞쪽의		보조 1차: 형 칸에 '…가리키는 말' 꼴
46110	0	tiền công	A	품삯, 일당		보조 1차: 정의 문장을 옮김, 짧은 대응어로 고침
46111	0	trốn thuế	A	탈세하다		보조 1차: 정의 문장을 옮김, 짧은 대응어로 고침
46112	0	tài vụ	A	재무		보조 1차: 정의 문장을 옮김, 짧은 대응어로 고침
46113	0	tái phát	A	재발하다		보조 1차: 정의 문장을 옮김, 짧은 대응어로 고침
46119	0	tụ điện	A	축전기, 콘덴서		보조 1차: 정의 문장을 옮김, 짧은 대응어로 고침
46121	0	uốn tóc	A	파마하다		보조 1차: 정의 문장을 옮김, 짧은 대응어로 고침
46123	0	tầng hầm	A	지하층		보조 1차: 정의 문장을 옮김, 짧은 대응어로 고침
46124	0	tờ lịch	A	달력		보조 1차: 정의 문장을 옮김, 짧은 대응어로 고침
46126	0	vừa rồi	A	최근, 방금		보조 1차: 정의 문장을 옮김, 짧은 대응어로 고침
46127	0	vở kịch	A	연극		보조 1차: 정의 문장을 옮김, 짧은 대응어로 고침
46128	0	vùng cao	A	산간 지대, 고지대		보조 1차: 정의 문장을 옮김, 짧은 대응어로 고침
46129	0	áo sơ mi	A	셔츠, 와이셔츠		보조 1차: 정의 문장을 옮김, 짧은 대응어로 고침
46130	0	xi lanh	A	실린더		보조 1차: 정의 문장을 옮김, 짧은 대응어로 고침
46136	0	đai ốc	A	너트		보조 1차: 정의 문장을 옮김, 짧은 대응어로 고침
46139	0	định mức	A	정량, 기준량 (노동·시간·재료)		보조 1차: 정의 문장을 옮김, 짧은 대응어로 고침
46140	0	đẹp lão	A	나이 들어도 아름답고 건강하다		보조 1차: 형 칸에 명사구
46142	0	đến nỗi	A		접	보조 1차: gloss가 '…할 만큼'을 뜻하는 이음말인데 품사 형
46142	1	đến nỗi	A		접	보조 1차: gloss가 '…할 만큼'을 뜻하는 이음말인데 품사 형
46144	0	đổi tiền	A	환전하다, 돈을 바꾸다		보조 1차: 정의 문장을 옮김, 짧은 대응어로 고침
46144	1	đổi tiền	A	화폐를 새로 발행해 바꾸다		보조 1차: 정의 문장을 옮김, 짧은 대응어로 고침
46145	0	đồng niên	A	동갑이다		보조 1차: 형 칸에 명사구
46146	0	độ chính xác	A	정확도		보조 1차: 정의 문장을 옮김, 짧은 대응어로 고침
46147	0	độ nhớt	A	점도		보조 1차: 정의 문장을 옮김, 짧은 대응어로 고침
46148	0	độ bền	A	내구성		보조 1차: 정의 문장을 옮김, 짧은 대응어로 고침
46150	0	nguyên vật liệu	A	원자재, 원료와 재료		보조 1차: 정의 문장을 옮김, 짧은 대응어로 고침
46158	3	bách	K		부	클로드: 의성·의태어 품사 통일(소리 흉내=부)(보조 1차 품사: gloss가 명사 뜻(이름/소리)인데 품사가 어긋남)
